name,latitude (centroid),longitude (centroid),area_km2,bounds,width_km,height_km,startDate,endDate,max_ch4_concentration,concentration_uncertainty,geometry
20220815T042826_000492,39.49983780597989,53.51144247412732,253.33252773527758,"(53.2865403, 39.4400431, 53.8282305, 39.5604187)",46.59240179521345,13.36470633546787,2022-08-15T04:28:26Z,2022-08-15T04:28:26Z,4626.0,422.0,"POLYGON ((53.3315456 39.5604187, 53.3076873 39.5577075, 53.3060606 39.5560808, 53.3000961 39.5533697, 53.2995538 39.5522852, 53.2973849 39.551743, 53.295216 39.549574, 53.2930471 39.5490318, 53.2892514 39.5457784, 53.2870825 39.5452362, 53.2865403 39.5436095, 53.3055184 39.5246313, 53.3066029 39.5246313, 53.3261232 39.5045687, 53.3272077 39.5045687, 53.3461858 39.4850484, 53.3472703 39.4850484, 53.3667907 39.4649858, 53.3966135 39.465528, 53.4074581 39.4682392, 53.4090848 39.4693236, 53.4112537 39.4693236, 53.4145071 39.4709503, 53.4166761 39.4709503, 53.4313163 39.4763727, 53.4340275 39.4763727, 53.456259 39.481795, 53.4665615 39.4823372, 53.4985532 39.481795, 53.528376 39.4769149, 53.5489808 39.4698659, 53.5647055 39.4682392, 53.5923594 39.4682392, 53.6037463 39.4639013, 53.6129642 39.4622746, 53.6173021 39.4606479, 53.6471249 39.4611901, 53.6585118 39.4579367, 53.6758632 39.45631, 53.6791166 39.4546833, 53.6812855 39.4546833, 53.6910457 39.45143, 53.7208685 39.4487188, 53.7311709 39.4465499, 53.7420156 39.4427542, 53.7637049 39.4438387, 53.8081679 39.4400431, 53.8249772 39.4400431, 53.8276883 39.4405853, 53.8282305 39.442212, 53.8282305 39.4449232, 53.8244349 39.4487188, 53.8038301 39.4519722, 53.7956966 39.4546833, 53.7946121 39.4557678, 53.791901 39.45631, 53.7843097 39.4639013, 53.7783452 39.4666125, 53.7680427 39.4687814, 53.7577403 39.4693236, 53.7420156 39.4736615, 53.73822 39.4807105, 53.7317132 39.4828794, 53.7295442 39.4845061, 53.7246641 39.4855906, 53.7235797 39.4866751, 53.7154462 39.4893862, 53.6899613 39.4953508, 53.6693564 39.4969775, 53.6655608 39.4986042, 53.6330268 39.5067377, 53.6129642 39.5143289, 53.6026618 39.5159556, 53.5977817 39.5175823, 53.5744657 39.5202935, 53.558741 39.5202935, 53.5571143 39.5186668, 53.5549454 39.5181246, 53.5544031 39.5170401, 53.5511497 39.5159556, 53.5506075 39.5148712, 53.5419318 39.5105333, 53.5413895 39.5094488, 53.5359672 39.5067377, 53.5337983 39.5045687, 53.526207 39.502942, 53.5234959 39.5072799, 53.5234959 39.5089066, 53.5272915 39.519209, 53.5289182 39.5273425, 53.5245803 39.5316804, 53.5229536 39.5322226, 53.5093978 39.5343915, 53.4942153 39.535476, 53.4920464 39.5365605, 53.4893352 39.5365605, 53.4763216 39.5398139, 53.4530056 39.5419828, 53.4383654 39.5468629, 53.4356542 39.5468629, 53.4063736 39.5544541, 53.3901067 39.5577075, 53.3619106 39.5598765, 53.3315456 39.5604187))"
20220815T042826_000493,39.383044724349965,53.61597198531136,170.88609325316716,"(53.418845, 39.3500325, 53.8477509, 39.4264873)",36.95062944529174,8.488233667691006,2022-08-15T04:28:26Z,2022-08-15T04:28:26Z,4694.0,313.0,"POLYGON ((53.4378231 39.4264873, 53.4286052 39.4248606, 53.4242673 39.4216072, 53.4193872 39.4194382, 53.418845 39.4178115, 53.4204717 39.4134737, 53.4291474 39.404798, 53.4302319 39.404798, 53.4378231 39.3966645, 53.4389076 39.3966645, 53.4470411 39.3879887, 53.4481256 39.3879887, 53.4557168 39.3798553, 53.4568013 39.3798553, 53.4649348 39.3711795, 53.4730682 39.3684684, 53.479575 39.365215, 53.5332561 39.3614194, 53.6091686 39.3587082, 53.6774899 39.3538281, 53.714904 39.3527436, 53.7582826 39.3500325, 53.7783452 39.3516592, 53.7973233 39.355997, 53.8097946 39.355997, 53.8135903 39.3625038, 53.8179281 39.3635883, 53.8407019 39.3641305, 53.8428708 39.3657572, 53.8466665 39.3668417, 53.8477509 39.3700951, 53.8477509 39.3733485, 53.8466665 39.3760596, 53.8428708 39.379313, 53.836364 39.3787708, 53.8276883 39.3803975, 53.8135903 39.3809397, 53.7929854 39.3831087, 53.7788874 39.3863621, 53.7620782 39.388531, 53.7490646 39.3923266, 53.7262908 39.39558, 53.6867079 39.3982912, 53.6644763 39.4020868, 53.6525472 39.402629, 53.5999507 39.4085936, 53.5760924 39.4080514, 53.5321716 39.411847, 53.5110245 39.4156426, 53.4866241 39.4216072, 53.4611391 39.4243183, 53.4530056 39.425945, 53.4378231 39.4264873))"
20220820T083324_000513,40.117429483708776,60.74007456575518,236.07676551235173,"(60.631622, 40.0099295, 60.8533951, 40.239836)",18.90351067734648,25.52813579000941,2022-08-20T08:33:24Z,2022-08-20T08:33:24Z,1494.0,298.0,"POLYGON ((60.7536243 40.239836, 60.7519976 40.2382093, 60.7433219 40.2338715, 60.7378996 40.2268225, 60.7378996 40.225738, 60.7362729 40.2246535, 60.7351884 40.2219424, 60.724886 40.2121822, 60.7243437 40.1888662, 60.7232593 40.179106, 60.7200059 40.1660924, 60.7200059 40.1633813, 60.7183792 40.1601279, 60.7167525 40.1590434, 60.7167525 40.1579589, 60.7129569 40.1536211, 60.7118724 40.1509099, 60.7102457 40.1498254, 60.7091612 40.1471143, 60.7048234 40.1427764, 60.7048234 40.141692, 60.7004855 40.1373541, 60.7004855 40.1362696, 60.6977743 40.1341007, 60.6956054 40.1303051, 60.6934365 40.1286784, 60.6934365 40.1275939, 60.6863875 40.1210871, 60.6825918 40.1189182, 60.6809651 40.1167493, 60.6798807 40.1167493, 60.678254 40.1145803, 60.6771695 40.1145803, 60.6755428 40.1124114, 60.6744583 40.1124114, 60.6728317 40.1102425, 60.669036 40.1080735, 60.6489734 40.0880109, 60.6489734 40.0863842, 60.6424666 40.0728284, 60.6424666 40.0712017, 60.6375865 40.0614415, 60.6343331 40.0522236, 60.6327064 40.0500547, 60.631622 40.0457168, 60.6332487 40.0424634, 60.6332487 40.0402945, 60.6370443 40.0289076, 60.652769 40.0131828, 60.678254 40.0099295, 60.6831341 40.0120984, 60.685303 40.0120984, 60.6885564 40.0137251, 60.6907253 40.0137251, 60.6956054 40.015894, 60.6977743 40.015894, 60.7010277 40.0175207, 60.7097035 40.0196896, 60.7221748 40.0261964, 60.7238015 40.0261964, 60.7303083 40.0299921, 60.731935 40.0299921, 60.7395263 40.0343299, 60.7411529 40.0343299, 60.7454908 40.0364988, 60.7503709 40.0408367, 60.7530821 40.0419212, 60.7541665 40.0435479, 60.7568777 40.0446323, 60.7579622 40.046259, 60.7606733 40.0473435, 60.7617578 40.0489702, 60.7644689 40.0500547, 60.7671801 40.0527658, 60.7682646 40.0527658, 60.7758558 40.0608993, 60.7758558 40.0619838, 60.778567 40.0641527, 60.778567 40.0652372, 60.7818204 40.0679483, 60.7818204 40.0690328, 60.7845316 40.0712017, 60.785616 40.0739129, 60.7872427 40.0749974, 60.7883272 40.0777085, 60.7899539 40.078793, 60.7910383 40.0815041, 60.792665 40.0825886, 60.7937495 40.0852998, 60.7964607 40.0880109, 60.7980874 40.092891, 60.8007985 40.0972289, 60.8007985 40.0988556, 60.8083898 40.1140381, 60.8127276 40.1297628, 60.8192344 40.1368119, 60.8208611 40.1400653, 60.8230301 40.141692, 60.8230301 40.1427764, 60.8398393 40.1574167, 60.8409237 40.1601279, 60.8468883 40.1671769, 60.8479728 40.1704303, 60.8490572 40.1709725, 60.8512262 40.1763948, 60.8533951 40.179106, 60.8523106 40.1807327, 60.8501417 40.1812749, 60.8495995 40.1823594, 60.8474305 40.1829016, 60.8468883 40.1839861, 60.8376703 40.1888662, 60.8371281 40.1899506, 60.8349592 40.1904929, 60.8344169 40.1915773, 60.8268257 40.195373, 60.8262835 40.1964574, 60.8214034 40.1986264, 60.8192344 40.2007953, 60.8143543 40.2029642, 60.8138121 40.2040487, 60.808932 40.2062176, 60.8083898 40.2073021, 60.8062209 40.2078443, 60.8040519 40.2100133, 60.801883 40.2105555, 60.8013408 40.2116399, 60.7991718 40.2121822, 60.7986296 40.2132666, 60.7937495 40.2154356, 60.7932073 40.21652, 60.7883272 40.218689, 60.7861582 40.2208579, 60.7812782 40.2230268, 60.7807359 40.2241113, 60.7758558 40.2262802, 60.7753136 40.2273647, 60.7731447 40.2279069, 60.7709757 40.2300759, 60.7688068 40.2306181, 60.7682646 40.2317026, 60.7660956 40.2322448, 60.7655534 40.2333292, 60.7633845 40.2338715, 60.7628422 40.2349559, 60.7536243 40.239836))"
20220827T060753_000538,36.4166368021048,61.73220678494174,205.45362985590208,"(61.6049294, 36.3563667, 61.8971927, 36.5304234)",26.203226519665584,19.314591822231517,2022-08-27T06:06:54Z,2022-08-27T06:06:54Z,8691.0,340.0,"POLYGON ((61.6629482 36.5304234, 61.6607793 36.5293389, 61.6596948 36.5277122, 61.6596948 36.5190365, 61.6607793 36.5152409, 61.6640327 36.5125297, 61.6651172 36.5125297, 61.6667439 36.510903, 61.6667439 36.5098185, 61.6645749 36.5098185, 61.6613215 36.5125297, 61.6591526 36.5125297, 61.6580681 36.5114452, 61.6575259 36.5081918, 61.6586104 36.5065651, 61.6591526 36.4978894, 61.6613215 36.4957205, 61.6645749 36.4892137, 61.6678283 36.4762001, 61.671624 36.4680666, 61.6775885 36.4637288, 61.6775885 36.4621021, 61.6792152 36.4593909, 61.6797574 36.4534264, 61.6721662 36.4469196, 61.6689128 36.4463773, 61.6656594 36.450173, 61.6629482 36.4512574, 61.662406 36.4523419, 61.6542725 36.455053, 61.6472235 36.4604754, 61.6450546 36.4664399, 61.6434279 36.4767423, 61.6412589 36.4799957, 61.6369211 36.480538, 61.6331254 36.478369, 61.6325832 36.4756579, 61.6309565 36.4740312, 61.629872 36.4686089, 61.629872 36.4658977, 61.6309565 36.4637288, 61.6309565 36.455053, 61.6304143 36.4534264, 61.6260764 36.450173, 61.624992 36.448004, 61.6260764 36.4442084, 61.6277031 36.4425817, 61.6304143 36.4420395, 61.6314987 36.440955, 61.6314987 36.4366171, 61.6347521 36.4328215, 61.632041 36.424688, 61.6314987 36.4187235, 61.6233653 36.4073366, 61.6206541 36.4062521, 61.6152318 36.401372, 61.6114361 36.3997453, 61.6081827 36.3970342, 61.6049294 36.3894429, 61.6049294 36.3823939, 61.6070983 36.3796827, 61.6206541 36.3753449, 61.6293298 36.3764293, 61.6358366 36.3704648, 61.6472235 36.3720915, 61.6699973 36.3726337, 61.6781307 36.3737182, 61.6824686 36.3753449, 61.7068691 36.380225, 61.7101225 36.3823939, 61.7112069 36.3894429, 61.7171715 36.3905274, 61.723136 36.3889007, 61.7236783 36.3878162, 61.7258472 36.387274, 61.7263894 36.3861895, 61.7307273 36.3840206, 61.7345229 36.380225, 61.7431986 36.3758871, 61.7529588 36.3731759, 61.7583812 36.3704648, 61.7605501 36.3704648, 61.7638035 36.3720915, 61.7773593 36.3715492, 61.7957952 36.3677536, 61.8033865 36.3650424, 61.8223646 36.3628735, 61.8440539 36.3579934, 61.863032 36.3563667, 61.8679121 36.3563667, 61.8841791 36.3590779, 61.8950238 36.3699225, 61.8971927 36.3829361, 61.8933971 36.387274, 61.8933971 36.3883584, 61.8836369 36.3975764, 61.8798412 36.3986609, 61.8765878 36.4008298, 61.8749611 36.4008298, 61.865201 36.4067944, 61.8511029 36.4067944, 61.8440539 36.4062521, 61.8380893 36.4046254, 61.8283292 36.4046254, 61.8250758 36.4062521, 61.8223646 36.4062521, 61.8158578 36.4084211, 61.8153156 36.4154701, 61.8120622 36.4187235, 61.8136889 36.4203502, 61.8142311 36.4236036, 61.8174845 36.4263147, 61.8174845 36.4273992, 61.8191112 36.4290259, 61.8191112 36.4328215, 61.8174845 36.4344482, 61.7995908 36.4328215, 61.7827816 36.426857, 61.778986 36.426857, 61.7768171 36.4290259, 61.7757326 36.4322793, 61.7724792 36.4349904, 61.7686836 36.4360749, 61.7578389 36.4355327, 61.7529588 36.4371594, 61.7480787 36.4420395, 61.7469943 36.4447506, 61.7366919 36.4545108, 61.725305 36.4539686, 61.7225938 36.455053, 61.7215093 36.4577642, 61.7215093 36.4631865, 61.723136 36.4707778, 61.7220516 36.47132, 61.7215093 36.473489, 61.7155448 36.4789113, 61.7128336 36.4848758, 61.7133759 36.4892137, 61.7155448 36.4902982, 61.7187982 36.4940938, 61.7155448 36.5006006, 61.7117492 36.5043962, 61.6878909 36.5043962, 61.6862642 36.5054807, 61.6802997 36.5065651, 61.6797574 36.510903, 61.6808419 36.5157831, 61.6775885 36.5195787, 61.6710817 36.5206632, 61.6683706 36.525001, 61.6678283 36.5282544, 61.6656594 36.5298811, 61.6629482 36.5304234))"
20220828T051941_000921,38.632176981713606,64.53710638393268,143.83645823135777,"(64.4212851, 38.4889672, 64.6522761, 38.8045466)",20.109027020064644,35.03207489564061,2022-08-28T05:18:53Z,2022-08-28T05:18:53Z,6397.0,244.0,"POLYGON ((64.6479383 38.8045466, 64.6392625 38.8040043, 64.6376358 38.8023776, 64.6360091 38.7953286, 64.6322135 38.7909907, 64.6273334 38.7899063, 64.6257067 38.7920752, 64.6186577 38.7931597, 64.6154043 38.7904485, 64.6137776 38.7866529, 64.6126931 38.7861107, 64.6105242 38.775266, 64.6045597 38.7655058, 64.6023907 38.7557456, 64.6002218 38.7524922, 64.6002218 38.7508655, 64.5980529 38.7465277, 64.5888349 38.7362253, 64.5850393 38.7259228, 64.5839548 38.7253806, 64.5823281 38.721585, 64.5779903 38.7161627, 64.5741946 38.7085714, 64.5622655 38.6988112, 64.5622655 38.6977268, 64.5584699 38.6939311, 64.5568432 38.6906777, 64.5546743 38.689051, 64.5546743 38.6879666, 64.5535898 38.6874243, 64.5525053 38.6847132, 64.547083 38.6776641, 64.5465408 38.6754952, 64.5454563 38.674953, 64.5427451 38.6695307, 64.5416607 38.6689884, 64.5362384 38.6581438, 64.5178025 38.6402501, 64.5156335 38.6364545, 64.5129224 38.6342855, 64.5129224 38.6332011, 64.5064156 38.6256098, 64.5037044 38.6201875, 64.4993665 38.6147652, 64.4944865 38.6055472, 64.477135 38.5881958, 64.4744239 38.5827735, 64.4711705 38.5789778, 64.4711705 38.5778934, 64.4690015 38.5762667, 64.4690015 38.5751822, 64.4652059 38.5713866, 64.4652059 38.5703021, 64.4586991 38.5632531, 64.4565302 38.5594575, 64.4521923 38.5551196, 64.4521923 38.5540351, 64.4500234 38.5524084, 64.4500234 38.551324, 64.4483967 38.5502395, 64.4473122 38.5475283, 64.4456855 38.5464439, 64.4446011 38.5437327, 64.4429744 38.5426483, 64.4418899 38.5399371, 64.439721 38.5377682, 64.439721 38.5366837, 64.4380943 38.5355992, 64.4348409 38.5290924, 64.4337564 38.5285502, 64.4321297 38.5242123, 64.4310452 38.5236701, 64.4299608 38.5204167, 64.4261652 38.5166211, 64.4245385 38.5133677, 64.4223695 38.511741, 64.4212851 38.4987274, 64.4229118 38.4943896, 64.4267074 38.4905939, 64.4299608 38.4889672, 64.439721 38.4889672, 64.4527346 38.4933051, 64.4646637 38.4992696, 64.4684593 38.5003541, 64.4695438 38.5019808, 64.4706282 38.5019808, 64.4722549 38.5041497, 64.4733394 38.5041497, 64.4744239 38.5057764, 64.4776772 38.5074031, 64.4830996 38.5122832, 64.4852685 38.5166211, 64.486353 38.5171633, 64.4868952 38.5193323, 64.4901486 38.5231279, 64.4923175 38.5301769, 64.4944865 38.5345148, 64.4955709 38.535057, 64.4971976 38.5393949, 64.5080423 38.5480706, 64.5129224 38.5578308, 64.5172602 38.5632531, 64.5178025 38.565422, 64.5188869 38.5659642, 64.5210558 38.5703021, 64.5221403 38.5708443, 64.523767 38.5800623, 64.5319005 38.5876535, 64.532985 38.5903647, 64.5346117 38.5914492, 64.5367806 38.595787, 64.5405762 38.6001249, 64.5405762 38.6012094, 64.5422029 38.6022938, 64.5422029 38.6033783, 64.5573854 38.6180186, 64.5622655 38.628321, 64.5649767 38.6315744, 64.5687723 38.6391656, 64.5828704 38.6527215, 64.5828704 38.6538059, 64.5872082 38.658686, 64.5872082 38.6597705, 64.593715 38.6673617, 64.5964262 38.6722418, 64.5980529 38.6733263, 64.5985951 38.6754952, 64.5996796 38.6760375, 64.6023907 38.682002, 64.6034752 38.6825442, 64.6083553 38.6923044, 64.609982 38.6933889, 64.609982 38.6944734, 64.6116087 38.6955578, 64.6116087 38.6966423, 64.617031 38.7036913, 64.617031 38.705318, 64.6213689 38.7139937, 64.62408 38.7237539, 64.6305868 38.7373097, 64.6322135 38.7470699, 64.6370936 38.7573723, 64.6387203 38.7633369, 64.6398048 38.7644214, 64.6441426 38.7774349, 64.6452271 38.7839417, 64.6484805 38.7866529, 64.6484805 38.7877373, 64.6517339 38.7904485, 64.6522761 38.7920752, 64.6522761 38.7964131, 64.649565 38.7980398, 64.649565 38.7991242, 64.6506494 38.7996665, 64.6506494 38.8034621, 64.6479383 38.8045466))"
20220903T051924_000568,24.463582609619102,46.995298480828346,142.74058586907938,"(46.8854854, 24.3605567, 47.1262366, 24.6229972)",24.402869597428445,29.069320988799472,2022-09-03T05:19:24Z,2022-09-03T05:19:24Z,2999.0,487.0,"POLYGON ((46.8979567 24.6229972, 46.889281 24.615406, 46.889281 24.6143215, 46.8871121 24.6126948, 46.8854854 24.6083569, 46.8854854 24.5969701, 46.889281 24.5888366, 46.889281 24.5872099, 46.8909077 24.5850409, 46.8909077 24.5834142, 46.8925344 24.5812453, 46.9006679 24.5563026, 46.9017523 24.5503381, 46.903379 24.5470847, 46.9028368 24.5400356, 46.8947033 24.5389512, 46.8914499 24.5373245, 46.8919921 24.5308177, 46.8930766 24.5302755, 46.89633 24.5243109, 46.8984989 24.522142, 46.9022946 24.5205153, 46.9044635 24.5183463, 46.912597 24.515093, 46.919646 24.5075017, 46.9245261 24.4977415, 46.9261528 24.4912347, 46.9353708 24.47551, 46.9386241 24.466292, 46.950011 24.4554474, 46.9543489 24.4462294, 46.9668202 24.4337581, 46.9695314 24.4332158, 46.9738693 24.4305047, 46.975496 24.4305047, 46.9776649 24.428878, 46.9906785 24.4283357, 46.998812 24.4261668, 47.0053187 24.4142377, 47.0074877 24.4077309, 47.01291 24.4028508, 47.01291 24.4017664, 47.0183323 24.396344, 47.029177 24.3968863, 47.0367682 24.3930906, 47.0459862 24.3817038, 47.0476129 24.3817038, 47.0497818 24.3800771, 47.0535774 24.3789926, 47.0649643 24.3670635, 47.0796046 24.3621834, 47.0985827 24.3605567, 47.1105119 24.3621834, 47.113223 24.3643523, 47.1175609 24.365979, 47.1181031 24.3670635, 47.120272 24.3676057, 47.1262366 24.3779081, 47.1262366 24.3876683, 47.1229832 24.3941751, 47.1137653 24.4033931, 47.1029206 24.4050198, 47.0985827 24.4082731, 47.0964138 24.4088154, 47.0958716 24.4098998, 47.0937026 24.4104421, 47.0844847 24.4191178, 47.0844847 24.4202023, 47.082858 24.4212867, 47.082858 24.4223712, 47.0790624 24.4267091, 47.0693022 24.4315891, 47.0579153 24.4337581, 47.0481551 24.4370115, 47.0438173 24.4408071, 47.0389372 24.4435183, 47.0302614 24.445145, 47.0264658 24.4413493, 47.0275503 24.435927, 47.0302614 24.4294202, 47.0302614 24.4283357, 47.0286347 24.4267091, 47.027008 24.4261668, 47.0232124 24.4299624, 47.019959 24.4315891, 47.0188746 24.4332158, 47.0177901 24.4332158, 47.0064032 24.4446027, 47.0053187 24.4446027, 46.9906785 24.4587008, 46.989594 24.4587008, 46.9792916 24.4695454, 46.9689892 24.4744255, 46.9668202 24.4771367, 46.9657358 24.4771367, 46.9581445 24.4841857, 46.9570601 24.4868969, 46.9538067 24.4901503, 46.9532644 24.5091284, 46.95218 24.5096706, 46.9478421 24.5172619, 46.9456732 24.529191, 46.9445887 24.5308177, 46.9445887 24.5329866, 46.9435042 24.5346133, 46.9435042 24.5367823, 46.9424198 24.538409, 46.9418775 24.5427468, 46.9407931 24.5443735, 46.9375397 24.5573871, 46.9353708 24.559556, 46.9348285 24.5617249, 46.9315751 24.5655206, 46.9310329 24.5676895, 46.928864 24.5698584, 46.9245261 24.5774497, 46.9228994 24.5785342, 46.9207305 24.582872, 46.9185615 24.5850409, 46.9120548 24.6056458, 46.9088014 24.6121526, 46.9077169 24.6126948, 46.9060902 24.6170327, 46.8990412 24.6229972, 46.8979567 24.6229972))"
20230131T053936_000601,27.306014432326524,95.33318476714014,243.229745452419,"(95.1317083, 27.2230022, 95.5139822, 27.3780807)",37.841149527136395,17.183979827658703,2023-01-31T05:39:24Z,2023-01-31T05:39:24Z,4167.0,603.0,"POLYGON ((95.4565056 27.3780807, 95.4315629 27.376454, 95.4250561 27.3737428, 95.4228872 27.3737428, 95.4180071 27.3715739, 95.4158382 27.3715739, 95.4093314 27.3688627, 95.4071624 27.3688627, 95.3990289 27.3661515, 95.3914377 27.3623559, 95.389811 27.3623559, 95.3778819 27.3569336, 95.373544 27.3558491, 95.3713751 27.3542224, 95.3670372 27.353138, 95.3659528 27.3520535, 95.3155251 27.3357865, 95.3117295 27.3336176, 95.2998004 27.329822, 95.2960048 27.327653, 95.2927514 27.3271108, 95.2916669 27.3260263, 95.2602174 27.3189773, 95.2482883 27.3075904, 95.233648 27.306506, 95.2190077 27.3016259, 95.2092476 27.2967458, 95.2076209 27.2967458, 95.1935228 27.2896968, 95.1929806 27.2886123, 95.1908117 27.2880701, 95.1902694 27.2869856, 95.1881005 27.2864434, 95.1875583 27.2853589, 95.1853893 27.2848167, 95.1848471 27.2837322, 95.1826782 27.28319, 95.179967 27.281021, 95.1691224 27.2777676, 95.1604466 27.2734298, 95.1571932 27.2701764, 95.1561088 27.2701764, 95.1512287 27.2658385, 95.1501442 27.2658385, 95.1458064 27.2609584, 95.1447219 27.2609584, 95.140384 27.2560783, 95.1392996 27.2560783, 95.1344195 27.2511982, 95.1317083 27.2327623, 95.1414685 27.2230022, 95.172918 27.2240866, 95.1826782 27.2289667, 95.1843049 27.2289667, 95.1875583 27.2311356, 95.1929806 27.2327623, 95.1951495 27.234389, 95.2385281 27.2484871, 95.2439504 27.2511982, 95.2472038 27.2517405, 95.2482883 27.2528249, 95.2688931 27.259874, 95.2705198 27.2615007, 95.2770266 27.2647541, 95.2775689 27.2658385, 95.2797378 27.2663808, 95.28028 27.2674652, 95.2851601 27.2696342, 95.287329 27.2718031, 95.2922091 27.273972, 95.2927514 27.2750565, 95.303596 27.2804788, 95.3052227 27.2804788, 95.3160674 27.2864434, 95.3328766 27.2891545, 95.3382989 27.2907812, 95.359446 27.2929502, 95.4462032 27.2983725, 95.4516255 27.2999992, 95.4689769 27.3027103, 95.5128978 27.313555, 95.5139822 27.3363288, 95.5047643 27.3455467, 95.5047643 27.3466312, 95.5004264 27.3504268, 95.5004264 27.3515113, 95.4895818 27.3618137, 95.4895818 27.3628981, 95.4781949 27.374285, 95.4565056 27.3780807))"
20230223T063022_000711,39.8956744611217,61.05523173258091,65.96146555983475,"(61.0198605, 39.7811073, 61.1277647, 40.0511391)",9.22561948095665,29.982446658652044,2023-02-23T06:30:22Z,2023-02-23T06:30:22Z,5145.0,268.0,"POLYGON ((61.0458876 40.0511391, 61.0426342 40.0500547, 61.035043 40.0408367, 61.032874 40.0310765, 61.0307051 40.0261964, 61.0301629 40.0207741, 61.0274517 40.015894, 61.0252828 40.0072183, 61.0252828 39.9931202, 61.0236561 39.985529, 61.0247406 39.9687198, 61.0241983 39.9643819, 61.0214872 39.9578751, 61.0209449 39.945946, 61.0198605 39.9405237, 61.0209449 39.9291368, 61.0204027 39.9144965, 61.0214872 39.9107009, 61.0241983 39.8868427, 61.0301629 39.8770825, 61.0323318 39.8684068, 61.0355852 39.8591888, 61.0366697 39.8581043, 61.0366697 39.8564776, 61.0393808 39.8532243, 61.042092 39.8478019, 61.0431765 39.8472597, 61.0437187 39.8450908, 61.0469721 39.8412951, 61.0502255 39.8353306, 61.0599857 39.8261126, 61.0599857 39.8250282, 61.0643235 39.8206903, 61.0643235 39.8196058, 61.0729993 39.8098457, 61.0746259 39.8065923, 61.0767949 39.8049656, 61.0784216 39.8017122, 61.0881818 39.791952, 61.0892662 39.791952, 61.095773 39.7859874, 61.0990264 39.7854452, 61.1001109 39.7843607, 61.1060754 39.782734, 61.1087866 39.7811073, 61.1196312 39.7832763, 61.1277647 39.7881563, 61.1250536 39.8000855, 61.1185468 39.80605, 61.1174623 39.80605, 61.1152934 39.808219, 61.1077021 39.8125568, 61.0865551 39.8337039, 61.0854706 39.836415, 61.0838439 39.8374995, 61.0827594 39.8402107, 61.0811327 39.8412951, 61.0811327 39.8423796, 61.0751682 39.8494286, 61.0751682 39.8505131, 61.0697459 39.8553932, 61.0697459 39.8564776, 61.0681192 39.8575621, 61.0670347 39.8602733, 61.0643235 39.8629844, 61.0643235 39.8640689, 61.0626968 39.8651534, 61.0626968 39.8662378, 61.0545633 39.8743713, 61.0502255 39.8911805, 61.0453454 39.8998562, 61.0442609 39.9356436, 61.0464299 39.9464882, 61.0464299 39.952995, 61.0453454 39.962213, 61.0453454 39.9790222, 61.0415498 39.9980003, 61.0431765 40.0007115, 61.0469721 40.0126406, 61.0469721 40.0261964, 61.0529366 40.0386678, 61.0502255 40.0500547, 61.0458876 40.0511391))"
20230223T063033_000710,39.81764752829749,61.73318652100558,65.31475833837938,"(61.6819264, 39.6905545, 61.7898306, 39.97848)",9.236559683865075,31.968787082377883,2023-02-23T06:30:22Z,2023-02-23T06:30:22Z,3666.0,179.0,"POLYGON ((61.6846375 39.97848, 61.6824686 39.976311, 61.6819264 39.9714309, 61.6840953 39.9562484, 61.6873487 39.9448615, 61.6884332 39.929679, 61.6895176 39.9237145, 61.6911443 39.9199189, 61.6922288 39.9090742, 61.6987356 39.8906383, 61.7009045 39.8884694, 61.701989 39.8857582, 61.7036157 39.8846737, 61.7047001 39.8819626, 61.7063268 39.8808781, 61.7106647 39.8651534, 61.716087 39.8553932, 61.723136 39.8342461, 61.7225938 39.8011699, 61.732354 39.7518268, 61.739403 39.738271, 61.7426564 39.7236307, 61.7513321 39.7062792, 61.7513321 39.7046525, 61.7551278 39.6981458, 61.7562122 39.6943501, 61.7572967 39.6932657, 61.7605501 39.6927234, 61.7648879 39.6905545, 61.7724792 39.6910967, 61.7827816 39.6932657, 61.7892884 39.6965191, 61.7898306 39.7046525, 61.7811549 39.7144127, 61.7811549 39.7154972, 61.7757326 39.7225462, 61.7751904 39.7247151, 61.7741059 39.7252574, 61.7741059 39.7263418, 61.7708525 39.7301375, 61.7686836 39.7344753, 61.7643457 39.7398977, 61.7638035 39.7420666, 61.7594656 39.7474889, 61.7535011 39.7637559, 61.7497054 39.7924942, 61.746452 39.8087612, 61.7453676 39.8369573, 61.7469943 39.8440063, 61.7469943 39.8510553, 61.7459098 39.8581043, 61.7448253 39.8591888, 61.7426564 39.8656956, 61.732354 39.8765403, 61.7312695 39.8765403, 61.7263894 39.8814203, 61.7263894 39.8825048, 61.7209671 39.8895538, 61.7204249 39.8960606, 61.7122914 39.9101587, 61.7095802 39.9237145, 61.7095802 39.9345591, 61.7079535 39.9410659, 61.7057846 39.9432349, 61.7036157 39.9475727, 61.6987356 39.9519106, 61.6971089 39.9557062, 61.6960244 39.9562484, 61.6943977 39.9611285, 61.6938555 39.9670931, 61.6900599 39.9708887, 61.6889754 39.9757688, 61.685722 39.97848, 61.6846375 39.97848))"
20230226T041022_000750,38.890255994956284,80.09170550595066,76.16601480289349,"(80.0451729, 38.7427321, 80.1606684, 38.9986658)",10.023143149868147,28.411971789488927,2023-02-26T04:10:22Z,2023-02-26T04:10:22Z,1492.0,217.0,"POLYGON ((80.1427748 38.9986658, 80.1351835 38.9970391, 80.1335568 38.9954124, 80.1265078 38.992159, 80.1167476 38.9823988, 80.1145787 38.978061, 80.1042762 38.9677585, 80.1004806 38.9601673, 80.0993962 38.9596251, 80.0972272 38.9542027, 80.0961428 38.9536605, 80.0945161 38.9493226, 80.0890937 38.9439003, 80.087467 38.938478, 80.0836714 38.9308867, 80.0836714 38.92926, 80.0749957 38.9140775, 80.0749957 38.9124508, 80.073369 38.9102819, 80.0722845 38.9064863, 80.0684889 38.9016062, 80.0625243 38.8788324, 80.0592709 38.875579, 80.0587287 38.8728679, 80.0576443 38.8717834, 80.0560176 38.8631077, 80.0560176 38.8582276, 80.0543909 38.852263, 80.0533064 38.8403339, 80.0533064 38.8354538, 80.0549331 38.8316582, 80.0549331 38.8273203, 80.0484263 38.8208135, 80.0489685 38.8181024, 80.0522219 38.8153912, 80.0522219 38.81268, 80.050053 38.8099689, 80.050053 38.8067155, 80.0516797 38.8029199, 80.0516797 38.798582, 80.0495108 38.7974975, 80.0467996 38.7942441, 80.0467996 38.7877373, 80.0495108 38.7817728, 80.050053 38.775266, 80.0451729 38.7703859, 80.0451729 38.7638791, 80.0467996 38.7573723, 80.0484263 38.7552034, 80.0484263 38.7508655, 80.0511375 38.7481544, 80.0511375 38.7470699, 80.0538486 38.744901, 80.0630666 38.7427321, 80.0657777 38.7438165, 80.0674044 38.7459854, 80.0674044 38.7508655, 80.0652355 38.7530345, 80.0646933 38.7562879, 80.064151 38.766048, 80.0646933 38.7676747, 80.0674044 38.7703859, 80.0684889 38.7758082, 80.0652355 38.7833995, 80.0636088 38.784484, 80.0636088 38.7866529, 80.0652355 38.7877373, 80.0684889 38.7996665, 80.0782491 38.8094267, 80.0782491 38.8153912, 80.0777069 38.8170179, 80.0749957 38.8191868, 80.0749957 38.8235247, 80.0760802 38.8240669, 80.0787913 38.8300315, 80.0787913 38.8392494, 80.0820447 38.845214, 80.0847559 38.8479252, 80.0869248 38.8555164, 80.0983117 38.8777479, 80.1026495 38.8961839, 80.1042762 38.8978106, 80.1118675 38.9135353, 80.112952 38.9140775, 80.1145787 38.9173309, 80.1178321 38.9265489, 80.1265078 38.9363091, 80.1265078 38.9373935, 80.1324723 38.9444425, 80.1335568 38.9471537, 80.1384369 38.952576, 80.1395214 38.9552872, 80.1449437 38.9612518, 80.1449437 38.9623362, 80.1465704 38.9634207, 80.1465704 38.9645052, 80.1498238 38.9677585, 80.1498238 38.968843, 80.1519927 38.9704697, 80.1536194 38.9737231, 80.1557883 38.9753498, 80.1557883 38.9764343, 80.157415 38.9775187, 80.1590417 38.9813144, 80.1606684 38.9829411, 80.1606684 38.9916168, 80.1547039 38.9981236, 80.1427748 38.9986658))"
20230425T051216_000860,38.90084625564837,80.23251740707362,155.12453894205942,"(80.0565598, 38.7470699, 80.3526187, 39.0490934)",25.683258667882015,33.52869718528663,2023-04-25T05:12:16Z,2023-04-25T05:12:16Z,1239.0,175.0,"POLYGON ((80.3379785 39.0490934, 80.3233382 39.04584, 80.3190003 39.0431289, 80.3173736 39.0431289, 80.3130358 39.0409599, 80.3092401 39.0371643, 80.3081557 39.0371643, 80.2875508 39.015475, 80.2864664 39.015475, 80.2842974 39.0127638, 80.283213 39.0127638, 80.2805018 39.0100527, 80.2799596 39.0078838, 80.2788751 39.0073415, 80.2777907 39.0040881, 80.2756217 39.0019192, 80.2745373 38.999208, 80.2718261 38.9970391, 80.2718261 38.9959546, 80.2691149 38.9937857, 80.2674882 38.9905323, 80.2626081 38.98511, 80.2609814 38.9775187, 80.2555591 38.9720964, 80.2550169 38.9699275, 80.2539324 38.9693852, 80.2501368 38.9585406, 80.2490523 38.9433581, 80.2474256 38.9346824, 80.2468834 38.922211, 80.2447145 38.9091974, 80.2430878 38.9075707, 80.2425455 38.9054018, 80.2414611 38.9048596, 80.2409188 38.9026906, 80.2398344 38.9021484, 80.2392921 38.8999795, 80.2371232 38.8978106, 80.236581 38.8956416, 80.2354965 38.8950994, 80.2333276 38.8885926, 80.2268208 38.8820858, 80.2257363 38.8820858, 80.2246519 38.8804591, 80.2235674 38.8804591, 80.2224829 38.8788324, 80.2213985 38.8788324, 80.220314 38.8772057, 80.2176028 38.8761213, 80.2148917 38.8734101, 80.2094694 38.8706989, 80.1964558 38.8663611, 80.1856111 38.8658188, 80.1796466 38.8636499, 80.1731398 38.8566009, 80.1682597 38.8462985, 80.1622951 38.8408761, 80.1622951 38.8397917, 80.1579573 38.8354538, 80.1389791 38.8294893, 80.1319301 38.8256936, 80.1286767 38.821898, 80.1248811 38.8202713, 80.1243389 38.8191868, 80.1145787 38.8175601, 80.112952 38.8159334, 80.112952 38.814849, 80.1102408 38.81268, 80.1096986 38.8094267, 80.1069874 38.8067155, 80.1010229 38.8078, 80.0939738 38.8067155, 80.0912627 38.8045466, 80.0912627 38.8029199, 80.0890937 38.798582, 80.0836714 38.8002087, 80.0777069 38.7996665, 80.0755379 38.7953286, 80.0755379 38.7931597, 80.0766224 38.791533, 80.0760802 38.7861107, 80.0744535 38.7833995, 80.0717423 38.7828573, 80.0712001 38.7806883, 80.0701156 38.7801461, 80.0684889 38.7730971, 80.0668622 38.7714704, 80.0646933 38.766048, 80.0646933 38.7638791, 80.0614399 38.7600835, 80.0603554 38.7600835, 80.0565598 38.7562879, 80.0576443 38.7546612, 80.0614399 38.7530345, 80.0652355 38.7497811, 80.0674044 38.7492388, 80.0695734 38.7470699, 80.0749957 38.7481544, 80.0766224 38.7497811, 80.080418 38.7508655, 80.0831292 38.7535767, 80.0852981 38.7573723, 80.0858403 38.7606257, 80.0880093 38.7638791, 80.0956005 38.766048, 80.1021073 38.7720126, 80.103734 38.7790616, 80.1064452 38.782315, 80.1140364 38.7839417, 80.1162054 38.7866529, 80.1189165 38.7877373, 80.1221699 38.791533, 80.1313879 38.7926174, 80.1427748 38.7958708, 80.1454859 38.798582, 80.1481971 38.7996665, 80.1514505 38.8029199, 80.1525349 38.8029199, 80.1536194 38.8045466, 80.1547039 38.8045466, 80.1552461 38.805631, 80.1563306 38.805631, 80.157415 38.8072577, 80.159584 38.8078, 80.1612107 38.8094267, 80.166633 38.8110533, 80.1725975 38.814849, 80.1856111 38.8186446, 80.1866956 38.8197291, 80.196998 38.821898, 80.2018781 38.8240669, 80.2089271 38.8256936, 80.2165184 38.8294893, 80.2181451 38.831116, 80.2197718 38.831116, 80.2208562 38.8322004, 80.2317009 38.835996, 80.2344121 38.8387072, 80.2403766 38.8414184, 80.2425455 38.8435873, 80.2441722 38.8479252, 80.2447145 38.8555164, 80.2544747 38.8641921, 80.2588125 38.8663611, 80.2615237 38.8696145, 80.2647771 38.8706989, 80.2750795 38.8804591, 80.276164 38.8831703, 80.2783329 38.8853392, 80.2821285 38.8940149, 80.283213 38.8945572, 80.2848397 38.898895, 80.2864664 38.8999795, 80.2875508 38.9026906, 80.2908042 38.9054018, 80.2908042 38.9064863, 80.2935154 38.9086552, 80.2978533 38.9162465, 80.29948 38.9173309, 80.29948 38.9184154, 80.30436 38.9227532, 80.3054445 38.9260066, 80.3076134 38.9287178, 80.3086979 38.9422736, 80.3092401 38.9731809, 80.3108668 38.9796877, 80.3157469 38.9861945, 80.3195426 38.9878211, 80.3244227 38.9927012, 80.3265916 38.9964969, 80.3336406 39.0035459, 80.3347251 39.0035459, 80.336894 39.0057148, 80.336894 39.0067993, 80.343943 39.0143905, 80.3477386 39.0219818, 80.350992 39.024693, 80.3526187 39.0290308, 80.3526187 39.0442133, 80.3488231 39.0474667, 80.3379785 39.0490934))"
20230426T055703_000874,40.009626485338586,60.799852132697325,125.42355244691575,"(60.6050526, 39.9660086, 61.0485988, 40.0533081)",37.87074476944322,9.693284113976876,2023-04-26T05:57:03Z,2023-04-26T05:57:03Z,5011.0,170.0,"POLYGON ((60.9992556 40.0533081, 60.9878687 40.0511391, 60.9808197 40.0511391, 60.9781086 40.0522236, 60.9710595 40.0451746, 60.9293076 40.0457168, 60.9049072 40.0413789, 60.8913514 40.0354144, 60.8837601 40.0294498, 60.8664087 40.0261964, 60.8387548 40.0245697, 60.8235723 40.0218586, 60.8062209 40.0218586, 60.7959184 40.0202319, 60.7194636 40.0196896, 60.7102457 40.0186052, 60.7004855 40.0186052, 60.6787962 40.0153518, 60.6630715 40.0142673, 60.6381288 40.0077605, 60.6370443 40.0066761, 60.6240307 40.0023382, 60.615355 39.9980003, 60.6093904 39.9914935, 60.6072215 39.9871557, 60.6072215 39.985529, 60.6050526 39.9822756, 60.6050526 39.9806489, 60.6061371 39.9790222, 60.6066793 39.9752266, 60.608306 39.9741421, 60.608306 39.9730576, 60.6115594 39.969262, 60.6175239 39.9676353, 60.6202351 39.9660086, 60.6381288 39.9660086, 60.661987 39.9676353, 60.6831341 39.9746843, 60.694521 39.9773955, 60.7010277 39.9801067, 60.7118724 39.9811911, 60.7275971 39.9806489, 60.7368151 39.9839023, 60.7525398 39.9876979, 60.7541665 39.9887824, 60.7709757 39.9893246, 60.7791092 39.9914935, 60.7986296 39.9947469, 60.864782 40.0001693, 60.8886402 40.0061338, 60.9211741 40.0093872, 60.9412367 40.0148095, 60.9618416 40.0186052, 60.9640105 40.0213163, 60.9661794 40.0218586, 60.9678061 40.0234853, 60.9710595 40.0240275, 60.9840731 40.0234853, 60.9911221 40.0256542, 60.9960022 40.0261964, 60.9976289 40.0267387, 60.9992556 40.0283654, 60.9992556 40.0294498, 61.0014246 40.0310765, 61.0035935 40.0359566, 61.025825 40.0359566, 61.0334163 40.0370411, 61.0382964 40.0386678, 61.0442609 40.0451746, 61.0469721 40.0457168, 61.0485988 40.0473435, 61.0480566 40.0500547, 61.0453454 40.0516814, 61.0372119 40.0516814, 61.0334163 40.0489702, 61.0241983 40.0489702, 61.0193182 40.0511391, 61.009558 40.0505969, 61.0052202 40.0527658, 60.9992556 40.0533081))"
20230429T050811_000888,36.34198733653909,61.56337108229743,79.84616566529107,"(61.3902053, 36.3070236, 61.6976511, 36.4051677)",27.595277802398986,10.89062045485867,2023-04-29T05:08:11Z,2023-04-29T05:08:11Z,6692.0,254.0,"POLYGON ((61.3912897 36.4051677, 61.3902053 36.403541, 61.3934587 36.3992031, 61.3934587 36.3964919, 61.4005077 36.3921541, 61.4010499 36.3894429, 61.4037611 36.3861895, 61.4075567 36.3861895, 61.4118946 36.3845628, 61.4135213 36.3829361, 61.4135213 36.3813094, 61.4194858 36.3748026, 61.4200281 36.3726337, 61.4297882 36.3634158, 61.4308727 36.3634158, 61.4319572 36.3617891, 61.4433441 36.3579934, 61.4476819 36.3579934, 61.4487664 36.3563667, 61.4498509 36.3563667, 61.4509353 36.35474, 61.4509353 36.3509444, 61.4520198 36.3498599, 61.4520198 36.3466065, 61.4536465 36.3449798, 61.4791314 36.3417265, 61.4834693 36.3395575, 61.485096 36.3395575, 61.4894338 36.3368464, 61.5078697 36.331424, 61.5219678 36.331424, 61.5290168 36.3297973, 61.5637197 36.3270862, 61.5740221 36.3254595, 61.5864934 36.3227483, 61.5984226 36.3184105, 61.6054716 36.3178682, 61.6184852 36.3146148, 61.6201119 36.3135304, 61.6309565 36.3119037, 61.6352944 36.3097347, 61.6445123 36.3091925, 61.6477657 36.308108, 61.6575259 36.3070236, 61.6830108 36.3075658, 61.6873487 36.308108, 61.6884332 36.3091925, 61.6911443 36.3097347, 61.6954822 36.3140726, 61.6976511 36.3254595, 61.6976511 36.3341352, 61.6965666 36.3373886, 61.6933133 36.3400998, 61.6873487 36.3411842, 61.6271609 36.3428109, 61.6098094 36.3471488, 61.6070983 36.3498599, 61.5978803 36.3509444, 61.5913735 36.3504022, 61.5789022 36.3509444, 61.5772755 36.3525711, 61.5707687 36.3552823, 61.5561284 36.3574512, 61.5534173 36.3585357, 61.5111231 36.3552823, 61.4823848 36.3563667, 61.4818426 36.3579934, 61.4807581 36.3585357, 61.4802159 36.3617891, 61.4785892 36.3634158, 61.4693712 36.3650424, 61.4682868 36.3666691, 61.4541887 36.3704648, 61.4428018 36.3818517, 61.4406329 36.3823939, 61.4400907 36.3834784, 61.4352106 36.3856473, 61.4287038 36.3867318, 61.4265349 36.3894429, 61.4205703 36.3921541, 61.4162324 36.3954075, 61.40593 36.3964919, 61.4037611 36.3986609, 61.4026766 36.401372, 61.4010499 36.4029987, 61.398881 36.403541, 61.3983388 36.4046254, 61.3912897 36.4051677))"
20230429T050811_000892,36.583177979694554,61.80646761385684,99.63597558704745,"(61.5626352, 36.5141564, 61.9129174, 36.7077334)",31.337321241357806,21.48131049838044,2023-04-29T05:08:11Z,2023-04-29T05:08:11Z,6151.0,212.0,"POLYGON ((61.8771301 36.7077334, 61.8689966 36.7050222, 61.8624898 36.7039378, 61.8608631 36.7028533, 61.8603209 36.7001421, 61.8592364 36.6990577, 61.8597786 36.6936354, 61.8635743 36.6860441, 61.8662854 36.6838752, 61.8684544 36.6833329, 61.8689966 36.6822485, 61.8711655 36.6817062, 61.8717078 36.6806218, 61.8727922 36.6806218, 61.8749611 36.6784528, 61.8760456 36.6784528, 61.8782145 36.6762839, 61.879299 36.6762839, 61.8836369 36.6703194, 61.8852636 36.6573058, 61.8847213 36.6475456, 61.8820102 36.6394121, 61.8798412 36.6258563, 61.8765878 36.6144694, 61.8749611 36.6123005, 61.8727922 36.6057937, 61.8700811 36.6030825, 61.8700811 36.6019981, 61.8646587 36.594949, 61.8641165 36.5927801, 61.863032 36.5922379, 61.8586942 36.5797665, 61.8543563 36.5765131, 61.8532718 36.5765131, 61.8527296 36.5754287, 61.8505607 36.5748864, 61.8500185 36.573802, 61.8424272 36.5721753, 61.8386316 36.5683796, 61.8370049 36.564584, 61.8283292 36.557535, 61.8267025 36.5531971, 61.8223646 36.5494015, 61.8212801 36.5494015, 61.8201957 36.5477748, 61.8088088 36.5477748, 61.7925418 36.5445214, 61.7882039 36.5423525, 61.7876617 36.541268, 61.7822394 36.5396413, 61.762719 36.5380146, 61.7442831 36.5347612, 61.7296428 36.534219, 61.7177137 36.5325923, 61.6862642 36.5315078, 61.6575259 36.5369302, 61.6352944 36.5353035, 61.6282454 36.5390991, 61.6201119 36.5385569, 61.6179429 36.5401836, 61.6103517 36.5407258, 61.6098094 36.5418103, 61.6070983 36.5423525, 61.6043871 36.5450636, 61.5989648 36.5477748, 61.5951692 36.5477748, 61.5886624 36.5461481, 61.5729376 36.5515704, 61.5637197 36.5515704, 61.5626352 36.550486, 61.5626352 36.5488593, 61.5648041 36.5466903, 61.569142 36.5445214, 61.5702265 36.5423525, 61.5751066 36.5374724, 61.5957114 36.5336768, 61.599507 36.5304234, 61.6005915 36.5277122, 61.6033027 36.52717, 61.6065561 36.525001, 61.615774 36.5244588, 61.6239075 36.5255433, 61.6309565 36.5239166, 61.6331254 36.5222899, 61.6369211 36.5212054, 61.646139 36.5212054, 61.6542725 36.5222899, 61.6580681 36.5212054, 61.6629482 36.517952, 61.6656594 36.5174098, 61.7014467 36.517952, 61.7242205 36.5141564, 61.7312695 36.5141564, 61.7442831 36.5163253, 61.7545855 36.5190365, 61.7572967 36.5190365, 61.7670569 36.5228321, 61.7757326 36.5244588, 61.8060976 36.52717, 61.8191112 36.5293389, 61.8267025 36.5309656, 61.8370049 36.5347612, 61.8375471 36.5358457, 61.8424272 36.5380146, 61.8429694 36.5390991, 61.8538141 36.5434369, 61.8592364 36.548317, 61.8603209 36.548317, 61.8657432 36.5531971, 61.8668277 36.5531971, 61.8684544 36.5553661, 61.8717078 36.5569928, 61.8733345 36.5591617, 61.8765878 36.5607884, 61.8782145 36.5629573, 61.879299 36.5629573, 61.8841791 36.5678374, 61.8841791 36.5689219, 61.886348 36.5705486, 61.8879747 36.573802, 61.8906859 36.5759709, 61.8906859 36.5770554, 61.8933971 36.5792243, 61.8939393 36.5813932, 61.8950238 36.5819355, 61.8961082 36.5851889, 61.8971927 36.5857311, 61.8999038 36.5916956, 61.9009883 36.5922379, 61.9031572 36.5976602, 61.9042417 36.5982024, 61.9085796 36.6090471, 61.9091218 36.6193495, 61.9080373 36.6269408, 61.911833 36.6410388, 61.9129174 36.6567635, 61.9129174 36.6735728, 61.911833 36.6800795, 61.9091218 36.6876708, 61.9036995 36.6930931, 61.902615 36.6958043, 61.8993616 36.6995999, 61.8982771 36.6995999, 61.895566 36.7023111, 61.8912281 36.7033955, 61.8901437 36.70448, 61.8771301 36.7077334))"
20230429T050823_000894,36.485747589987106,61.97712893841696,163.8068766136742,"(61.69494, 36.3905274, 62.103241, 36.6686927)",36.56617579548392,30.86768308475108,2023-04-29T05:08:11Z,2023-04-29T05:08:11Z,3677.0,169.0,"POLYGON ((62.033293 36.6686927, 62.028413 36.6676082, 62.0208217 36.6632703, 62.0202795 36.6535102, 62.0267863 36.6459189, 62.0278707 36.6432077, 62.0311241 36.6399543, 62.0311241 36.6388699, 62.0327508 36.6377854, 62.033293 36.6356165, 62.0343775 36.6350742, 62.0365464 36.6301942, 62.0376309 36.6296519, 62.0419688 36.6209762, 62.0457644 36.6177228, 62.0457644 36.6166383, 62.0528134 36.6095893, 62.0528134 36.6085049, 62.056609 36.6052515, 62.0614891 36.5830199, 62.0647425 36.5607884, 62.0631158 36.5396413, 62.0642003 36.5222899, 62.058778 36.5119875, 62.0544401 36.4973472, 62.0533556 36.496805, 62.0511867 36.4919249, 62.0490178 36.4897559, 62.0468489 36.4848758, 62.033293 36.4729467, 62.0305819 36.4718623, 62.0294974 36.4702356, 62.028413 36.4702356, 62.0273285 36.4686089, 62.026244 36.4686089, 62.0235329 36.4658977, 62.0208217 36.4648132, 62.0181105 36.4621021, 62.0159416 36.4615598, 62.0153994 36.4604754, 62.0078081 36.4566797, 62.0072659 36.4555953, 62.0023858 36.4534264, 62.0018436 36.4523419, 61.9953368 36.4490885, 61.9937101 36.4490885, 61.9904567 36.4469196, 61.9834077 36.4452929, 61.9801543 36.4436662, 61.9779853 36.4436662, 61.9747319 36.4420395, 61.956296 36.4404128, 61.9411135 36.4377016, 61.925931 36.4382438, 61.9215931 36.4371594, 61.9134597 36.4371594, 61.9080373 36.4360749, 61.8896014 36.4355327, 61.8646587 36.4311948, 61.8565252 36.4322793, 61.8494762 36.4355327, 61.8386316 36.4349904, 61.8239913 36.4371594, 61.8055554 36.4366171, 61.8017598 36.4355327, 61.802302 36.431737, 61.8050132 36.4295681, 61.8082665 36.4284837, 61.8126044 36.4284837, 61.8223646 36.4252303, 61.8277869 36.4219769, 61.8332092 36.4208924, 61.8440539 36.4214346, 61.8483918 36.4203502, 61.8511029 36.4187235, 61.8548985 36.4181812, 61.8684544 36.4181812, 61.8836369 36.4203502, 61.9129174 36.4214346, 61.9167131 36.4219769, 61.9183398 36.4230613, 61.9302689 36.4241458, 61.9324378 36.4225191, 61.9324378 36.4214346, 61.9291844 36.4192657, 61.9085796 36.417639, 61.8944815 36.4143856, 61.8814679 36.4133011, 61.87225 36.4111322, 61.8565252 36.41059, 61.848934 36.4089633, 61.8353782 36.4084211, 61.8136889 36.4084211, 61.8039287 36.4100477, 61.7757326 36.4095055, 61.7686836 36.4116744, 61.7632612 36.4122167, 61.75567 36.4149278, 61.7404875 36.4154701, 61.7307273 36.4203502, 61.7242205 36.4225191, 61.709038 36.4252303, 61.701989 36.4252303, 61.6960244 36.4236036, 61.69494 36.4225191, 61.69494 36.4203502, 61.6960244 36.4198079, 61.6965666 36.417639, 61.7041579 36.4138434, 61.7187982 36.4116744, 61.7209671 36.4089633, 61.7236783 36.4078788, 61.7350652 36.4073366, 61.7377763 36.4062521, 61.7399453 36.4040832, 61.7507899 36.4040832, 61.7600079 36.3981186, 61.7665146 36.3964919, 61.7703103 36.3964919, 61.7730214 36.3975764, 61.7957952 36.3970342, 61.8006753 36.3964919, 61.8060976 36.394323, 61.8164 36.3937808, 61.8342937 36.3905274, 61.8597786 36.3905274, 61.8635743 36.3916118, 61.8798412 36.3916118, 61.8890592 36.394323, 61.9134597 36.3970342, 61.9487048 36.4040832, 61.9622606 36.4100477, 61.965514 36.4133011, 61.9665984 36.4133011, 61.9709363 36.4181812, 61.9758164 36.4208924, 61.9785276 36.4236036, 61.9785276 36.424688, 61.9828654 36.4284837, 61.9909989 36.4301104, 61.9926256 36.4311948, 62.0045547 36.4328215, 62.0289552 36.4377016, 62.0311241 36.4387861, 62.0365464 36.4393283, 62.0674537 36.4512574, 62.0853474 36.4691511, 62.0886008 36.4794535, 62.0896852 36.480538, 62.0913119 36.487587, 62.0929386 36.5098185, 62.0951076 36.5184943, 62.1021566 36.5336768, 62.103241 36.5510282, 62.096192 36.571633, 62.0934809 36.5889845, 62.0810095 36.6128427, 62.0810095 36.6144694, 62.0761294 36.6236874, 62.072876 36.6329053, 62.0712493 36.6350742, 62.0712493 36.6367009, 62.0679959 36.6432077, 62.0669115 36.64375, 62.0652848 36.6480878, 62.0625736 36.6502568, 62.0625736 36.6513412, 62.0576935 36.6562213, 62.0576935 36.6573058, 62.0473911 36.667066, 62.033293 36.6686927))"
20230605T080026_000223,39.46538730228671,53.527561793134694,183.93724401514612,"(53.3597417, 39.4194382, 53.7534025, 39.5164979)",33.87562138554242,10.775997532175232,2023-06-05T08:00:26Z,2023-06-05T08:00:26Z,7864.0,586.0,"POLYGON ((53.4145071 39.5164979, 53.409627 39.5148712, 53.4080003 39.5127022, 53.4080003 39.4969775, 53.4074581 39.4948086, 53.404747 39.4915552, 53.4020358 39.4920974, 53.3971557 39.4969775, 53.3928178 39.4969775, 53.3852266 39.4931819, 53.381431 39.4893862, 53.3776353 39.481795, 53.3765509 39.4812527, 53.3727552 39.4709503, 53.3716708 39.4649858, 53.3689596 39.4622746, 53.3684174 39.4601057, 53.3657062 39.4568523, 53.3602839 39.442212, 53.3597417 39.4324518, 53.3608261 39.4297407, 53.3635373 39.4286562, 53.3640795 39.4275717, 53.3716708 39.425945, 53.3803465 39.425945, 53.3852266 39.4237761, 53.3993246 39.4243183, 53.4052892 39.4264873, 53.4074581 39.4291984, 53.4107115 39.4308251, 53.4134227 39.4313674, 53.4231829 39.4270295, 53.4269785 39.4232339, 53.435112 39.4216072, 53.4383654 39.4199805, 53.4519212 39.4194382, 53.4589702 39.4205227, 53.4611391 39.4210649, 53.4622236 39.4226916, 53.4665615 39.4248606, 53.4692726 39.4254028, 53.4812017 39.4367897, 53.4812017 39.4400431, 53.4763216 39.4438387, 53.4757794 39.4465499, 53.4768639 39.4476343, 53.481744 39.4470921, 53.4839129 39.4427542, 53.4871663 39.4400431, 53.4990954 39.4373319, 53.512109 39.4373319, 53.5169891 39.435163, 53.5202425 39.4319096, 53.5224114 39.4313674, 53.5267493 39.4313674, 53.5294604 39.4346207, 53.5300027 39.4373319, 53.5343405 39.4384164, 53.5359672 39.4373319, 53.5365095 39.4324518, 53.5381362 39.4308251, 53.5408473 39.4297407, 53.5462696 39.4297407, 53.5484386 39.4308251, 53.5560298 39.4313674, 53.5603677 39.4335363, 53.5625366 39.4378741, 53.5641633 39.4454654, 53.56579 39.4476343, 53.5788036 39.4508877, 53.5836837 39.4508877, 53.5858526 39.449261, 53.5863948 39.4476343, 53.5912749 39.4460076, 53.5923594 39.4443809, 53.5939861 39.4443809, 53.596155 39.4454654, 53.5977817 39.4487188, 53.5994084 39.4487188, 53.6004929 39.4498033, 53.6021196 39.4546833, 53.6048308 39.4546833, 53.605373 39.4530567, 53.6075419 39.45143, 53.6173021 39.45143, 53.6200133 39.449261, 53.6238089 39.449261, 53.6276045 39.4508877, 53.6276045 39.4530567, 53.6265201 39.4535989, 53.6254356 39.45631, 53.6265201 39.4601057, 53.6303157 39.4606479, 53.6308579 39.4595634, 53.6341113 39.458479, 53.6362802 39.45631, 53.6411603 39.4557678, 53.6433293 39.4568523, 53.6471249 39.4611901, 53.6471249 39.4649858, 53.6438715 39.465528, 53.6454982 39.4671547, 53.6536317 39.4671547, 53.6547161 39.465528, 53.6547161 39.4611901, 53.6568851 39.458479, 53.6579695 39.4546833, 53.6617652 39.4519722, 53.6726098 39.45143, 53.6769477 39.449261, 53.6774899 39.4481766, 53.6807433 39.4470921, 53.6812855 39.4460076, 53.6867079 39.4460076, 53.6899613 39.4476343, 53.6937569 39.4519722, 53.6975525 39.4519722, 53.7029748 39.4465499, 53.7094816 39.4443809, 53.7170729 39.4443809, 53.7208685 39.4481766, 53.7208685 39.4498033, 53.719784 39.4525144, 53.7186996 39.4530567, 53.7176151 39.4622746, 53.7105661 39.4693236, 53.7116506 39.472577, 53.7116506 39.4742037, 53.7100239 39.4752882, 53.7105661 39.4769149, 53.7143617 39.4769149, 53.7186996 39.4752882, 53.7338821 39.474746, 53.73822 39.4731193, 53.7414733 39.4698659, 53.7414733 39.4676969, 53.7398466 39.4660702, 53.7322554 39.4666125, 53.7306287 39.4649858, 53.7311709 39.4617324, 53.736051 39.458479, 53.7479801 39.458479, 53.7506913 39.4595634, 53.7534025 39.4628168, 53.7534025 39.4676969, 53.7496068 39.4704081, 53.7485224 39.4769149, 53.7436423 39.4812527, 53.7425578 39.4812527, 53.7420156 39.4823372, 53.7344243 39.4866751, 53.7295442 39.4872173, 53.7279175 39.4861328, 53.721953 39.4861328, 53.7121928 39.4877595, 53.7040593 39.4942663, 53.6959258 39.495893, 53.6850812 39.495893, 53.6764054 39.4948086, 53.673152 39.4937241, 53.6726098 39.4926396, 53.6693564 39.4915552, 53.668272 39.4899285, 53.6644763 39.4883018, 53.6547161 39.488844, 53.6471249 39.4915552, 53.6330268 39.4937241, 53.6303157 39.4964353, 53.6303157 39.4975197, 53.6259778 39.5013153, 53.6248934 39.5067377, 53.6200133 39.5078221, 53.6021196 39.5061954, 53.5945283 39.5034843, 53.5923594 39.5002309, 53.5923594 39.4964353, 53.5939861 39.4937241, 53.5939861 39.4910129, 53.589106 39.4855906, 53.5858526 39.4839639, 53.5836837 39.4834217, 53.5793458 39.4839639, 53.575008 39.488844, 53.572839 39.495893, 53.5701279 39.498062, 53.56579 39.4986042, 53.5565721 39.4964353, 53.5489808 39.488844, 53.5435585 39.4866751, 53.5408473 39.4834217, 53.5397628 39.4834217, 53.535425 39.479626, 53.5305449 39.4779993, 53.5256648 39.4779993, 53.5224114 39.479626, 53.5169891 39.479626, 53.5148202 39.4790838, 53.5142779 39.4779993, 53.512109 39.4774571, 53.5088556 39.474746, 53.502891 39.4736615, 53.4996376 39.4720348, 53.4963842 39.4720348, 53.4931309 39.472577, 53.4882508 39.4752882, 53.4877085 39.4763727, 53.4866241 39.4763727, 53.4844551 39.4785416, 53.4844551 39.479626, 53.4812017 39.4823372, 53.4774061 39.4823372, 53.4752372 39.4807105, 53.4719838 39.4807105, 53.4714416 39.481795, 53.4681882 39.4828794, 53.4649348 39.4861328, 53.4649348 39.488844, 53.4676459 39.4931819, 53.4676459 39.4953508, 53.4633081 39.4986042, 53.4622236 39.4991464, 53.4551746 39.4986042, 53.4508367 39.4942663, 53.4470411 39.498062, 53.4372809 39.4991464, 53.4356542 39.5002309, 53.435112 39.5105333, 53.4324008 39.5143289, 53.4269785 39.5159556, 53.4145071 39.5164979))"
20230607T062333_002455,36.33521392829812,61.57561306645525,131.4575636567382,"(61.4482242, 36.2029149, 61.6878909, 36.4854181)",21.514944357688577,31.348078891760675,2023-06-07T06:19:36Z,2023-06-07T06:19:36Z,3565.0,180.0,"POLYGON ((61.4541887 36.4854181, 61.4482242 36.4794535, 61.4482242 36.478369, 61.4498509 36.4762001, 61.4503931 36.473489, 61.4574421 36.4664399, 61.4623222 36.4447506, 61.4677445 36.4344482, 61.4677445 36.4328215, 61.4709979 36.4273992, 61.4726246 36.4225191, 61.475878 36.4192657, 61.4769625 36.4165545, 61.4802159 36.4133011, 61.4802159 36.4122167, 61.5078697 36.3840206, 61.5078697 36.3829361, 61.5176299 36.3737182, 61.5176299 36.3726337, 61.5279323 36.3628735, 61.5279323 36.3617891, 61.5376925 36.3525711, 61.5398615 36.3487755, 61.5420304 36.3471488, 61.5420304 36.3460643, 61.5447415 36.3438954, 61.5447415 36.3428109, 61.5534173 36.3330507, 61.5534173 36.3319663, 61.5555862 36.3303396, 61.5555862 36.3292551, 61.5582974 36.3270862, 61.5582974 36.3260017, 61.5604663 36.324375, 61.5626352 36.3205794, 61.5669731 36.3162415, 61.5669731 36.3151571, 61.5696842 36.3129881, 61.5696842 36.3119037, 61.576191 36.3048546, 61.576191 36.3037702, 61.5805289 36.2994323, 61.5805289 36.2983478, 61.5832401 36.2961789, 61.5832401 36.2950945, 61.585409 36.2934678, 61.5875779 36.2896721, 61.5940847 36.2826231, 61.5940847 36.2815386, 61.6011337 36.2739474, 61.6011337 36.2728629, 61.6076405 36.2652717, 61.6076405 36.2641872, 61.6092672 36.2631027, 61.6092672 36.2620183, 61.6141473 36.2565959, 61.615774 36.2533426, 61.6174007 36.2522581, 61.6174007 36.2511736, 61.6206541 36.2479202, 61.6206541 36.2468358, 61.6222808 36.2457513, 61.6239075 36.2424979, 61.6255342 36.2414134, 61.6255342 36.240329, 61.6287876 36.2370756, 61.6287876 36.2359911, 61.6304143 36.2349066, 61.632041 36.2316532, 61.6336677 36.2305688, 61.6336677 36.2294843, 61.6418012 36.2213508, 61.6418012 36.2202664, 61.648308 36.2137596, 61.6493924 36.2137596, 61.6558992 36.207795, 61.6705395 36.2029149, 61.6851798 36.2050839, 61.6878909 36.2121329, 61.6878909 36.2202664, 61.6824686 36.2256887, 61.6819264 36.2278576, 61.6808419 36.2283999, 61.6797574 36.2316532, 61.678673 36.2321955, 61.6754196 36.2387023, 61.6737929 36.2397867, 61.6727084 36.2424979, 61.6710817 36.2435824, 61.6699973 36.2462935, 61.6683706 36.247378, 61.6683706 36.2484625, 61.6640327 36.2533426, 61.6640327 36.254427, 61.6596948 36.2593071, 61.6596948 36.2603916, 61.6580681 36.261476, 61.6569837 36.2641872, 61.6510191 36.2712362, 61.6510191 36.2723207, 61.6493924 36.2734052, 61.648308 36.2761163, 61.6434279 36.2815386, 61.6423434 36.2842498, 61.63909 36.2875032, 61.6380055 36.2902144, 61.6363788 36.2912988, 61.6352944 36.2945522, 61.6342099 36.2950945, 61.632041 36.3005168, 61.6309565 36.301059, 61.6287876 36.3064813, 61.6277031 36.3070236, 61.6255342 36.3124459, 61.6244497 36.3129881, 61.6222808 36.3184105, 61.6211963 36.3189527, 61.6190274 36.324375, 61.6179429 36.3249172, 61.6103517 36.3400998, 61.6076405 36.3422687, 61.6076405 36.3433531, 61.6049294 36.3455221, 61.6049294 36.3466065, 61.6022182 36.3487755, 61.6000493 36.3525711, 61.5973381 36.35474, 61.5973381 36.3558245, 61.5946269 36.3579934, 61.5946269 36.3590779, 61.5919158 36.3612468, 61.5919158 36.3623313, 61.5892046 36.3645002, 61.5892046 36.3655847, 61.5864934 36.3677536, 61.5864934 36.3688381, 61.5837823 36.371007, 61.5837823 36.3720915, 61.5810711 36.3742604, 61.5789022 36.378056, 61.576191 36.380225, 61.576191 36.3813094, 61.5696842 36.3883584, 61.562093 36.3921541, 61.5599241 36.394323, 61.5523328 36.3981186, 61.5501639 36.4002876, 61.5425726 36.4040832, 61.5404037 36.4062521, 61.5355236 36.4084211, 61.5333547 36.41059, 61.5257634 36.4143856, 61.5235945 36.4165545, 61.5160032 36.4203502, 61.515461 36.4214346, 61.5089542 36.424688, 61.508412 36.4257725, 61.506243 36.4263147, 61.4959406 36.4371594, 61.4959406 36.4382438, 61.4910605 36.4425817, 61.4910605 36.4436662, 61.4861804 36.448004, 61.4856382 36.450173, 61.4845537 36.4507152, 61.4823848 36.4555953, 61.4813003 36.4561375, 61.4791314 36.4610176, 61.4780469 36.4615598, 61.4775047 36.4637288, 61.4764202 36.464271, 61.4753358 36.4675244, 61.4742513 36.4680666, 61.4737091 36.4702356, 61.4726246 36.4707778, 61.4720824 36.4729467, 61.4709979 36.473489, 61.4661178 36.4827069, 61.4639489 36.4837914, 61.4541887 36.4854181))"
20230607T062333_002463,36.45975265103601,62.04959730294889,382.1706777707606,"(61.7003623, 36.3758871, 62.3586326, 36.6616436)",58.96081196229504,31.71001203215914,2023-06-07T06:19:36Z,2023-06-07T06:19:36Z,2905.0,144.0,"POLYGON ((61.7057846 36.6616436, 61.7036157 36.6594747, 61.7014467 36.6589325, 61.7003623 36.6573058, 61.7014467 36.6567635, 61.701989 36.6545946, 61.7057846 36.6497145, 61.7079535 36.6448344, 61.7101225 36.6426655, 61.7101225 36.641581, 61.7155448 36.634532, 61.7155448 36.6334475, 61.7166293 36.6329053, 61.7198826 36.6269408, 61.7209671 36.6263985, 61.7209671 36.6253141, 61.7220516 36.6247718, 61.723136 36.6220607, 61.7301851 36.6160961, 61.7312695 36.6160961, 61.7328962 36.6139272, 61.7339807 36.6139272, 61.7350652 36.6123005, 61.7383186 36.6106738, 61.739403 36.6090471, 61.7404875 36.6090471, 61.7421142 36.6068782, 61.7431986 36.6068782, 61.746452 36.6036248, 61.7475365 36.6036248, 61.748621 36.6019981, 61.7497054 36.6019981, 61.75567 36.5965757, 61.75567 36.5954913, 61.7594656 36.5916956, 61.7594656 36.5906112, 61.7610923 36.5895267, 61.7610923 36.5884422, 61.7643457 36.5851889, 61.7659724 36.5819355, 61.7681413 36.5803088, 61.7681413 36.5792243, 61.7713947 36.5759709, 61.7713947 36.5748864, 61.7746481 36.571633, 61.7746481 36.5705486, 61.7800705 36.564584, 61.7800705 36.5634996, 61.7903729 36.5537394, 61.7903729 36.5526549, 61.8001331 36.5434369, 61.8001331 36.5423525, 61.8109777 36.5315078, 61.818569 36.5277122, 61.8191112 36.5266277, 61.8212801 36.5260855, 61.8245335 36.5233743, 61.8267025 36.5228321, 61.8321248 36.517952, 61.8348359 36.5168676, 61.8402583 36.5119875, 61.8413427 36.5119875, 61.8462228 36.5071074, 61.8500185 36.5049384, 61.8521874 36.5022273, 61.855983 36.5000583, 61.8581519 36.4973472, 61.8619476 36.4951783, 61.8641165 36.4924671, 61.8679121 36.4902982, 61.8700811 36.487587, 61.8738767 36.4854181, 61.8760456 36.4827069, 61.8798412 36.480538, 61.8820102 36.4778268, 61.8858058 36.4756579, 61.8879747 36.4729467, 61.8917704 36.4707778, 61.8939393 36.4680666, 61.9617184 36.433906, 61.9622606 36.4328215, 61.9785276 36.424688, 61.9790698 36.4236036, 61.9953368 36.4154701, 61.995879 36.4143856, 62.0061814 36.4095055, 62.0067237 36.4084211, 62.0229906 36.4002876, 62.0235329 36.3992031, 62.0338353 36.394323, 62.0343775 36.3932385, 62.0397998 36.3910696, 62.0403421 36.3899851, 62.0446799 36.3883584, 62.0473911 36.3861895, 62.126557 36.3758871, 62.1997584 36.3818517, 62.3255564 36.3856473, 62.3309787 36.3910696, 62.3309787 36.3921541, 62.336401 36.3970342, 62.336401 36.3981186, 62.3418233 36.4029987, 62.3418233 36.4040832, 62.3586326 36.4208924, 62.3575481 36.4225191, 62.3553792 36.4230613, 62.3521258 36.4257725, 62.3445345 36.4295681, 62.3423656 36.431737, 62.3320632 36.4371594, 62.3288098 36.4398705, 62.3098316 36.4447506, 62.3082049 36.4458351, 62.3038671 36.4463773, 62.3022404 36.4474618, 62.3000714 36.4474618, 62.2946491 36.4496307, 62.2903113 36.450173, 62.2886846 36.4512574, 62.1954206 36.4474618, 62.1693934 36.4496307, 62.072876 36.455053, 62.0674537 36.4555953, 62.0636581 36.457222, 62.0549823 36.4588487, 62.0533556 36.4599331, 62.0468489 36.4610176, 62.0452222 36.4621021, 62.028413 36.4658977, 62.0267863 36.4669822, 62.0181105 36.4686089, 61.9969635 36.4756579, 61.995879 36.4767423, 61.9893722 36.478369, 61.9850344 36.4810802, 61.9834077 36.4810802, 61.9758164 36.4854181, 61.9741897 36.4854181, 61.9676829 36.4892137, 61.9660562 36.4892137, 61.9606339 36.4919249, 61.9600917 36.4930093, 61.9497892 36.4984316, 61.949247 36.4995161, 61.9443669 36.501685, 61.9438247 36.5027695, 61.9389446 36.5049384, 61.9384024 36.5060229, 61.9362334 36.5065651, 61.9356912 36.5076496, 61.9308111 36.5098185, 61.9302689 36.510903, 61.9270155 36.5119875, 61.9264732 36.5130719, 61.9215931 36.5152409, 61.9210509 36.5163253, 61.918882 36.5168676, 61.9183398 36.517952, 61.9134597 36.520121, 61.9129174 36.5212054, 61.9080373 36.5233743, 61.9074951 36.5244588, 61.8971927 36.5298811, 61.8966504 36.5309656, 61.8933971 36.5320501, 61.8928548 36.5331345, 61.8906859 36.5336768, 61.8874325 36.5363879, 61.8852636 36.5369302, 61.8847213 36.5380146, 61.8825524 36.5385569, 61.879299 36.541268, 61.8771301 36.5418103, 61.8738767 36.5445214, 61.8717078 36.5450636, 61.8711655 36.5461481, 61.8608631 36.5515704, 61.8581519 36.5542816, 61.8554408 36.5553661, 61.8543563 36.5569928, 61.8500185 36.5591617, 61.8451384 36.5634996, 61.8408005 36.5656685, 61.8359204 36.5700063, 61.8315825 36.5721753, 61.8267025 36.5765131, 61.8223646 36.5786821, 61.8174845 36.5830199, 61.8131466 36.5851889, 61.8082665 36.5895267, 61.8039287 36.5916956, 61.7990486 36.5960335, 61.7979641 36.5960335, 61.7936263 36.5998291, 61.7909151 36.6009136, 61.7898306 36.6025403, 61.7854928 36.6047092, 61.7806127 36.6090471, 61.7795282 36.6090471, 61.762719 36.6291097, 61.7247627 36.6470034, 61.716087 36.6562213, 61.7057846 36.6616436))"
20230629T044014_000112,40.08836249025312,60.88300980502082,68.71051247088066,"(60.7536243, 40.0473435, 61.0480566, 40.1145803)",25.11297900169928,7.465718023854862,2023-06-29T04:40:14Z,2023-06-29T04:40:14Z,4240.0,204.0,"POLYGON ((60.8013408 40.1145803, 60.7579622 40.1140381, 60.7568777 40.1129536, 60.7547088 40.1080735, 60.7536243 40.1075313, 60.7547088 40.0972289, 60.7595889 40.0923488, 60.7671801 40.0885532, 60.7688068 40.0885532, 60.7774825 40.0836731, 60.8138121 40.0825886, 60.8360436 40.0804197, 60.8474305 40.0782507, 60.871831 40.0804197, 60.9124984 40.0760818, 60.9287654 40.0722862, 60.932561 40.0706595, 60.9564193 40.0684906, 60.9596727 40.0668639, 60.9705173 40.0641527, 60.9732285 40.0614415, 60.9743129 40.0614415, 60.9770241 40.0587304, 60.9786508 40.0581881, 60.9840731 40.0571037, 60.99546 40.0571037, 61.0035935 40.0581881, 61.0052202 40.0571037, 61.0128114 40.055477, 61.0182338 40.0511391, 61.0241983 40.0500547, 61.027994 40.048428, 61.0442609 40.0473435, 61.0480566 40.0478857, 61.0475143 40.0505969, 61.0415498 40.0522236, 61.0307051 40.0576459, 61.0274517 40.0603571, 61.0252828 40.0608993, 61.0198605 40.0668639, 61.0138959 40.069575, 61.0122692 40.0712017, 60.9916644 40.0771663, 60.9905799 40.0782507, 60.9889532 40.0782507, 60.9878687 40.0793352, 60.9835309 40.0804197, 60.9743129 40.0847575, 60.9726862 40.0847575, 60.9705173 40.0863842, 60.9688906 40.0863842, 60.9667217 40.0880109, 60.965095 40.0880109, 60.9618416 40.0901799, 60.9602149 40.0901799, 60.958046 40.0918066, 60.9531659 40.0934333, 60.9271387 40.0977711, 60.9168363 40.102109, 60.9005693 40.1048201, 60.8984004 40.1059046, 60.8767111 40.1102425, 60.8333325 40.1097002, 60.8262835 40.1113269, 60.8013408 40.1145803))"
20230801T091648_000439,38.431670848179195,54.36473692107947,162.33649516224384,"(54.1866462, 38.3512402, 54.5119858, 38.5198745)",28.405526688391884,18.719205750145818,2023-08-01T09:16:36Z,2023-08-01T09:16:36Z,2444.0,215.0,"POLYGON ((54.2056244 38.5198745, 54.1985754 38.5182478, 54.1909841 38.5177056, 54.1893574 38.5171633, 54.1882729 38.5149944, 54.1866462 38.5139099, 54.1882729 38.5095721, 54.1893574 38.5090298, 54.1915263 38.504692, 54.195322 38.4933051, 54.1969487 38.4916784, 54.1980331 38.4916784, 54.2034555 38.4873405, 54.2056244 38.4867983, 54.20942 38.4835449, 54.2137579 38.481376, 54.2143001 38.4802915, 54.256052 38.4596867, 54.2565942 38.4586022, 54.2739457 38.4504687, 54.2744879 38.4493843, 54.2809947 38.4466731, 54.2815369 38.4455886, 54.2950927 38.4390818, 54.295635 38.4379974, 54.3021418 38.4352862, 54.302684 38.4342017, 54.3579917 38.4065479, 54.358534 38.4054634, 54.3628718 38.4038367, 54.363414 38.4027523, 54.3677519 38.4011256, 54.3682941 38.4000411, 54.372632 38.3984144, 54.3731742 38.3973299, 54.3775121 38.3957032, 54.3780543 38.3946188, 54.3823922 38.3929921, 54.3829344 38.3919076, 54.3872723 38.3902809, 54.3878145 38.3891964, 54.3921524 38.3875697, 54.3926946 38.3864853, 54.4078771 38.378894, 54.4084193 38.3778096, 54.4236019 38.3702183, 54.4241441 38.3691338, 54.4284819 38.3675071, 54.4290242 38.3664227, 54.433362 38.364796, 54.4339043 38.3637115, 54.4442067 38.3588314, 54.4447489 38.357747, 54.4490868 38.3561203, 54.449629 38.3550358, 54.4539669 38.3534091, 54.456678 38.3512402, 54.4919232 38.3534091, 54.5119858 38.3734717, 54.5065634 38.395161, 54.4848741 38.4173925, 54.482163 38.4173925, 54.4604737 38.4228149, 54.4528824 38.4238993, 54.4507135 38.4249838, 54.4431222 38.4260683, 54.4040815 38.4439619, 54.3813077 38.4472153, 54.3791388 38.4493843, 54.3769699 38.4499265, 54.3731742 38.4531799, 54.3710053 38.4537221, 54.3672097 38.4569755, 54.3650407 38.4575177, 54.3628718 38.4596867, 54.3590762 38.4613134, 54.358534 38.4623978, 54.3574495 38.4623978, 54.3569073 38.4634823, 54.3531116 38.465109, 54.3525694 38.4661935, 54.3514849 38.4661935, 54.3509427 38.4672779, 54.3471471 38.4689046, 54.3455204 38.4705313, 54.3129864 38.481376, 54.3108175 38.481376, 54.3005151 38.4851716, 54.2983461 38.4851716, 54.2950927 38.4867983, 54.2929238 38.4867983, 54.2896704 38.488425, 54.2875015 38.488425, 54.2826214 38.4905939, 54.2755724 38.4922206, 54.2603899 38.4998119, 54.2598476 38.5008963, 54.2370739 38.511741, 54.2365316 38.5128255, 54.2300248 38.5160789, 54.2056244 38.5198745))"
20230809T043025_001378,38.91490117679032,80.12188048889307,190.76309275696823,"(80.0435462, 38.7405631, 80.2420033, 39.0333687)",17.218941153209023,32.505323432185854,2023-08-09T04:26:52Z,2023-08-09T04:26:52Z,1488.0,196.0,"POLYGON ((80.227363 39.0333687, 80.2105538 39.0306575, 80.1953713 39.0236085, 80.1861534 39.0214396, 80.1829 39.0198129, 80.180731 39.0198129, 80.1791043 39.0187284, 80.1769354 39.0187284, 80.1753087 39.0176439, 80.1731398 39.0176439, 80.1715131 39.0165595, 80.1557883 39.0149328, 80.1487393 39.0116794, 80.1454859 39.0111371, 80.1444015 39.0100527, 80.1427748 39.0100527, 80.1416903 39.0089682, 80.1384369 39.008426, 80.1324723 39.0030037, 80.1313879 39.0030037, 80.1292189 39.0002925, 80.1281345 39.0002925, 80.1265078 38.9981236, 80.1254233 38.9981236, 80.1232544 38.9954124, 80.120001 38.9937857, 80.1183743 38.9916168, 80.1151209 38.9899901, 80.1134942 38.9878211, 80.1124097 38.9878211, 80.1091563 38.9845678, 80.1064452 38.9834833, 80.1031918 38.9802299, 80.1004806 38.9791454, 80.0977695 38.9764343, 80.096685 38.9764343, 80.0956005 38.9748076, 80.073369 38.9677585, 80.0646933 38.9623362, 80.0630666 38.954745, 80.064151 38.9129931, 80.06632 38.9102819, 80.0684889 38.9048596, 80.0695734 38.9043173, 80.0717423 38.898895, 80.0728268 38.8983528, 80.0749957 38.8929305, 80.0760802 38.8923882, 80.0777069 38.8880504, 80.0787913 38.8875081, 80.0798758 38.8842547, 80.0825869 38.8810013, 80.0836714 38.8777479, 80.0847559 38.8772057, 80.0852981 38.8744946, 80.0798758 38.8587698, 80.0619821 38.8425028, 80.0619821 38.8414184, 80.0608976 38.8408761, 80.0598132 38.838165, 80.0543909 38.831116, 80.0522219 38.8088844, 80.0451729 38.7812306, 80.0435462 38.7687592, 80.0435462 38.7655058, 80.0462574 38.7584568, 80.0473418 38.7508655, 80.0484263 38.7503233, 80.0533064 38.7411054, 80.0608976 38.7405631, 80.0668622 38.7427321, 80.0701156 38.7476121, 80.073369 38.7568301, 80.0771646 38.7600835, 80.0798758 38.766048, 80.0831292 38.7698437, 80.0820447 38.7747238, 80.0798758 38.7763505, 80.0793336 38.7785194, 80.0793336 38.7866529, 80.0820447 38.7947864, 80.0869248 38.7991242, 80.0890937 38.8029199, 80.0950583 38.8078, 80.0961428 38.81268, 80.0993962 38.8175601, 80.1004806 38.821898, 80.1183743 38.835996, 80.1189165 38.838165, 80.120001 38.8387072, 80.1243389 38.8468407, 80.1265078 38.8490096, 80.12705 38.8511786, 80.1281345 38.8517208, 80.1286767 38.8538897, 80.1297612 38.8544319, 80.1319301 38.8587698, 80.1368102 38.884797, 80.1406058 38.8923882, 80.150366 38.9005217, 80.1509082 38.9026906, 80.1519927 38.9032329, 80.1552461 38.9097397, 80.1563306 38.9102819, 80.1601262 38.9178732, 80.1622951 38.9200421, 80.1644641 38.9249222, 80.166633 38.9270911, 80.1671752 38.92926, 80.1682597 38.9298023, 80.1704286 38.9346824, 80.1725975 38.9368513, 80.1774776 38.9460692, 80.1818155 38.9504071, 80.1818155 38.9514916, 80.1877801 38.9579984, 80.1877801 38.9590828, 80.189949 38.9607095, 80.1915757 38.9639629, 80.1937446 38.9655896, 80.1937446 38.9666741, 80.1959135 38.9683008, 80.1959135 38.9693852, 80.1991669 38.9726386, 80.1991669 38.9737231, 80.2024203 38.9769765, 80.2024203 38.978061, 80.2045893 38.9796877, 80.2045893 38.9807721, 80.2110961 38.9883634, 80.2110961 38.9894478, 80.213265 38.9910745, 80.213265 38.992159, 80.2192295 38.9986658, 80.2192295 38.9997503, 80.2213985 39.001377, 80.2213985 39.0024614, 80.2246519 39.0057148, 80.2284475 39.0073415, 80.2289897 39.008426, 80.2300742 39.008426, 80.2306164 39.0095105, 80.2317009 39.0095105, 80.2322431 39.0105949, 80.2333276 39.0105949, 80.2338698 39.0116794, 80.2349543 39.0116794, 80.2354965 39.0127638, 80.2376654 39.0133061, 80.2420033 39.0165595, 80.2420033 39.0279464, 80.227363 39.0333687))"
20230809T060151_001371,35.27468293283365,51.57051845207005,352.3407370111583,"(51.324743, 35.0669378, 51.837695, 35.4681899)",46.6734586406301,44.517108386989406,2023-08-09T06:01:51Z,2023-08-09T06:01:51Z,3690.0,462.0,"POLYGON ((51.3567347 35.4681899, 51.3507702 35.4671054, 51.3420944 35.463852, 51.3334187 35.4633098, 51.3285386 35.4649365, 51.3263697 35.4643942, 51.324743 35.4627675, 51.324743 35.4605986, 51.3263697 35.4573452, 51.3312498 35.4513807, 51.3366721 35.4410782, 51.3393833 35.4389093, 51.34101 35.4345714, 51.3431789 35.4318603, 51.3448056 35.4269802, 51.3453478 35.4204734, 51.3491435 35.4128821, 51.3502279 35.4123399, 51.3513124 35.4090865, 51.3523969 35.4085443, 51.3529391 35.4063754, 51.3681216 35.3917351, 51.3681216 35.3906506, 51.3751706 35.3836016, 51.3751706 35.3825171, 51.3811352 35.3770948, 51.3881842 35.3738414, 51.3887264 35.3727569, 51.394691 35.3700458, 51.3963177 35.3684191, 51.4304783 35.3602856, 51.434274 35.3586589, 51.4348162 35.3575744, 51.4489142 35.3505254, 51.4494565 35.3494409, 51.4635545 35.3423919, 51.4640968 35.3413075, 51.4684346 35.3396808, 51.4689769 35.3385963, 51.4733147 35.3369696, 51.4738569 35.3358851, 51.502053 35.3234138, 51.5063909 35.3196182, 51.5139822 35.3152803, 51.5150666 35.3136536, 51.5161511 35.3136536, 51.5166933 35.3125691, 51.5242846 35.3082313, 51.525369 35.3066046, 51.5329603 35.3022667, 51.5340448 35.30064, 51.5383826 35.2984711, 51.5562763 35.2805774, 51.5568185 35.2578036, 51.5600719 35.2550925, 51.5600719 35.254008, 51.5633253 35.2512969, 51.5633253 35.2502124, 51.5671209 35.246959, 51.5671209 35.2458745, 51.5703743 35.2431634, 51.5703743 35.2420789, 51.5768811 35.2355721, 51.5850146 35.2068338, 51.5877258 35.2041226, 51.5888102 35.2014115, 51.5904369 35.200327, 51.5904369 35.1992425, 51.5942326 35.1949047, 51.5964015 35.1905668, 51.5980282 35.1894823, 51.5991127 35.1867712, 51.6007394 35.1856867, 51.6018238 35.1829756, 51.604535 35.1802644, 51.604535 35.1791799, 51.6061617 35.1780955, 51.6072461 35.1753843, 51.6104995 35.1726731, 51.6104995 35.1715887, 51.6137529 35.1688775, 51.6137529 35.167793, 51.6164641 35.1656241, 51.6164641 35.1645396, 51.6197175 35.1618285, 51.6197175 35.160744, 51.6229709 35.1580329, 51.6229709 35.1569484, 51.6256821 35.1547795, 51.6256821 35.153695, 51.6283932 35.1515261, 51.6305621 35.1477304, 51.6376112 35.1401392, 51.6386956 35.1401392, 51.6397801 35.1385125, 51.6408646 35.1385125, 51.641949 35.1368858, 51.6430335 35.1368858, 51.6446602 35.1347169, 51.6457447 35.1347169, 51.6500825 35.1309212, 51.6668917 35.1254989, 51.6717718 35.1227877, 51.6788208 35.1206188, 51.6809898 35.1189921, 51.6880388 35.1168232, 51.6902077 35.1151965, 51.6999679 35.1119431, 51.7075592 35.1081475, 51.7162349 35.107063, 51.737382 35.1065208, 51.7699159 35.0956761, 51.7710004 35.0945917, 51.7807606 35.0918805, 51.7856406 35.0875426, 51.7867251 35.0875426, 51.7883518 35.0853737, 51.7916052 35.083747, 51.7932319 35.0815781, 51.7964853 35.0799514, 51.798112 35.0777824, 51.8013654 35.0761557, 51.8029921 35.0739868, 51.8116678 35.0718179, 51.8181746 35.0691067, 51.8203435 35.0691067, 51.8252236 35.0669378, 51.8338993 35.0691067, 51.837695 35.0723601, 51.8366105 35.083747, 51.8333571 35.0902538, 51.8322726 35.090796, 51.8295615 35.0973028, 51.8170901 35.1092319, 51.8170901 35.1103164, 51.8094989 35.1179077, 51.8067877 35.1189921, 51.8057032 35.1206188, 51.8029921 35.1217033, 51.7975698 35.1260411, 51.7964853 35.1260411, 51.7954008 35.1276678, 51.7943164 35.1276678, 51.788894 35.1320057, 51.7867251 35.1325479, 51.7861829 35.1336324, 51.7850984 35.1336324, 51.7845562 35.1347169, 51.7834717 35.1347169, 51.7791339 35.1379703, 51.7574446 35.1450193, 51.7569023 35.1461037, 51.7493111 35.1498994, 51.7460577 35.1526105, 51.7438887 35.1531528, 51.7428043 35.1547795, 51.7417198 35.1547795, 51.7406353 35.1564062, 51.7395509 35.1564062, 51.7384664 35.1580329, 51.737382 35.1580329, 51.7362975 35.1596596, 51.735213 35.1596596, 51.7335863 35.1618285, 51.7325019 35.1618285, 51.7314174 35.1634552, 51.7303329 35.1634552, 51.7292485 35.1650819, 51.728164 35.1650819, 51.7238261 35.1688775, 51.7178616 35.1705042, 51.7167771 35.1715887, 51.7151504 35.1715887, 51.714066 35.1726731, 51.7053902 35.1753843, 51.7043058 35.1764688, 51.7026791 35.1764688, 51.7015946 35.1775532, 51.6999679 35.1775532, 51.6988834 35.1786377, 51.6929189 35.1802644, 51.6902077 35.1818911, 51.6663495 35.186229, 51.6614694 35.1883979, 51.6544204 35.1900246, 51.6527937 35.1921935, 51.6517092 35.1921935, 51.6495403 35.1949047, 51.6484558 35.1949047, 51.6457447 35.1976158, 51.6408646 35.2090027, 51.6376112 35.2122561, 51.6349 35.2171362, 51.6332733 35.2182207, 51.6305621 35.2247275, 51.6294777 35.2252697, 51.6273087 35.2296076, 51.6256821 35.2431634, 51.6218864 35.254008, 51.6202597 35.2681061, 51.6142952 35.2859997, 51.611584 35.2914221, 51.6104995 35.2963022, 51.6094151 35.2973866, 51.6088728 35.30064, 51.6067039 35.3038934, 51.6067039 35.3055201, 51.6034505 35.3109424, 51.6018238 35.3158225, 51.5964015 35.3207026, 51.5964015 35.3217871, 51.5915214 35.3261249, 51.5915214 35.3272094, 51.5860991 35.3326317, 51.5665787 35.3380541, 51.5611564 35.3548633, 51.5584452 35.3570322, 51.5584452 35.3581167, 51.5551918 35.3608278, 51.5551918 35.3619123, 51.5524807 35.3640812, 51.5524807 35.3651657, 51.5421782 35.3760103, 51.5378404 35.3781793, 51.5367559 35.379806, 51.5356715 35.379806, 51.5291647 35.3846861, 51.5150666 35.3890239, 51.5058487 35.3982419, 51.4803637 35.4036642, 51.4695191 35.4096287, 51.4510832 35.4117977, 51.4429497 35.4155933, 51.441323 35.4155933, 51.4402385 35.4166778, 51.4255983 35.4210156, 51.4239716 35.4226423, 51.4207182 35.4237268, 51.4201759 35.4248113, 51.418007 35.4253535, 51.4174648 35.426438, 51.4098735 35.4307758, 51.4093313 35.4318603, 51.4082468 35.4318603, 51.403909 35.4361981, 51.403909 35.4378248, 51.4022823 35.4399938, 51.4011978 35.4437894, 51.3908954 35.4519229, 51.3908954 35.4530074, 51.3838463 35.4600564, 51.3838463 35.4611408, 51.380593 35.4649365, 51.3719172 35.4671054, 51.3702905 35.4681899, 51.3567347 35.4681899))"
20230824T070037_001061,39.596517265057315,53.579648370863914,144.7448321844907,"(53.4280629, 39.5593342, 53.7398466, 39.6417536)",26.778888878614328,9.15077594487926,2023-08-24T07:00:37Z,2023-08-24T07:00:37Z,2323.0,428.0,"POLYGON ((53.5565721 39.6417536, 53.5549454 39.6406691, 53.549523 39.6395846, 53.5451852 39.6363312, 53.5316294 39.6303667, 53.5272915 39.6265711, 53.5245803 39.6254866, 53.5180735 39.6178953, 53.5099401 39.6151842, 53.50506 39.612473, 53.4963842 39.6103041, 53.4931309 39.6086774, 53.4909619 39.6086774, 53.4877085 39.6070507, 53.4855396 39.6070507, 53.4822862 39.605424, 53.4540901 39.6027128, 53.4524634 39.6016284, 53.4416188 39.5989172, 53.4280629 39.5842769, 53.4296896 39.575059, 53.435112 39.5680099, 53.4361964 39.5680099, 53.4416188 39.5636721, 53.4443299 39.5625876, 53.4448722 39.5615032, 53.4595124 39.5593342, 53.4703571 39.5604187, 53.4768639 39.5620454, 53.4920464 39.5631299, 53.5012643 39.5663832, 53.5256648 39.565841, 53.535425 39.5620454, 53.549523 39.5598765, 53.5619944 39.5615032, 53.5760924 39.5647566, 53.5858526 39.5680099, 53.5880215 39.5696366, 53.5896482 39.5696366, 53.605373 39.5777701, 53.6200133 39.5815658, 53.6297734 39.5826502, 53.6503783 39.5831925, 53.6693564 39.5826502, 53.6856234 39.5799391, 53.696468 39.5761434, 53.7013481 39.5756012, 53.7105661 39.57289, 53.7159884 39.57289, 53.7214107 39.5734323, 53.7230374 39.5745167, 53.7284598 39.5756012, 53.729002 39.5766857, 53.7327976 39.5783124, 53.7365933 39.5815658, 53.7393044 39.5869881, 53.7398466 39.5918682, 53.7376777 39.5956638, 53.7376777 39.5972905, 53.7322554 39.6021706, 53.7165306 39.6097619, 53.7159884 39.6108463, 53.7116506 39.612473, 53.7111083 39.6135575, 53.7078549 39.6151842, 53.7062282 39.6151842, 53.7040593 39.6168109, 53.7024326 39.6168109, 53.7002637 39.6184376, 53.698637 39.6184376, 53.6975525 39.619522, 53.6959258 39.619522, 53.6948413 39.6206065, 53.6932147 39.6206065, 53.6861656 39.6238599, 53.6720676 39.6271133, 53.652005 39.6292822, 53.6406181 39.6292822, 53.6335691 39.6281978, 53.6113375 39.6271133, 53.5945283 39.6281978, 53.5880215 39.6292822, 53.5804303 39.6330778, 53.5798881 39.6341623, 53.5777191 39.6347045, 53.5771769 39.635789, 53.575008 39.6363312, 53.5733813 39.6379579, 53.5663322 39.6401269, 53.5565721 39.6417536))"
20231003T074704_001596,38.59641600140685,62.60122821442151,206.87010275796578,"(62.4269539, 38.5556618, 62.8032632, 38.6435035)",32.78123231417054,9.751118475570646,2023-10-03T07:46:17Z,2023-10-03T07:46:17Z,6446.0,1664.0,"POLYGON ((62.5028664 38.6435035, 62.4817193 38.6418768, 62.4730436 38.6397079, 62.4714169 38.6386234, 62.4627412 38.6369967, 62.4475587 38.6304899, 62.445932 38.628321, 62.4448475 38.628321, 62.4437631 38.6266943, 62.4426786 38.6266943, 62.4410519 38.6245254, 62.4399674 38.6245254, 62.4329184 38.6185608, 62.4329184 38.6169341, 62.4312917 38.6147652, 62.4302072 38.6104273, 62.4269539 38.6039205, 62.4285806 38.5984982, 62.4334606 38.5941603, 62.4405097 38.5919914, 62.4616567 38.581689, 62.4670791 38.5806045, 62.4703325 38.5789778, 62.4790082 38.5784356, 62.4865994 38.5768089, 62.5006975 38.5719288, 62.5109999 38.5697599, 62.5126266 38.5686754, 62.5429916 38.5648798, 62.5755256 38.5643376, 62.5804057 38.565422, 62.599926 38.5665065, 62.6075173 38.565422, 62.6156508 38.5610842, 62.6292066 38.5578308, 62.6308333 38.5567463, 62.7110837 38.5556618, 62.7240973 38.5572885, 62.7284351 38.5616264, 62.7322308 38.5621686, 62.7463288 38.5627109, 62.7533778 38.5616264, 62.7815739 38.5610842, 62.7853696 38.5627109, 62.8005521 38.565422, 62.8032632 38.5675909, 62.8032632 38.5730133, 62.8010943 38.5751822, 62.7989254 38.5757244, 62.7983831 38.5768089, 62.7951297 38.5784356, 62.7897074 38.5795201, 62.7815739 38.5827735, 62.7810317 38.5838579, 62.7761516 38.5860269, 62.7696448 38.5930759, 62.7685603 38.5930759, 62.7669336 38.5947026, 62.7577157 38.5974137, 62.7463288 38.5990404, 62.7409065 38.6017516, 62.7278929 38.6147652, 62.7197594 38.619103, 62.709457 38.6207297, 62.7018657 38.6207297, 62.679092 38.6180186, 62.6704163 38.6196453, 62.6682473 38.621272, 62.6666206 38.621272, 62.6622828 38.6234409, 62.6595716 38.6256098, 62.6492692 38.6256098, 62.6422202 38.6218142, 62.6346289 38.6201875, 62.6330022 38.619103, 62.6226998 38.6196453, 62.6205309 38.6223564, 62.6194464 38.6223564, 62.6172775 38.6250676, 62.6156508 38.6256098, 62.6075173 38.6266943, 62.5847435 38.6332011, 62.5722722 38.63537, 62.5581741 38.6402501, 62.5440761 38.6435035, 62.5028664 38.6435035))"
20231009T060956_002607,39.58605752261904,53.721238097183154,501.46392311084225,"(53.4980109, 39.33485, 53.9301703, 39.8342461)",37.126395567258214,55.44628153638312,2023-10-09T06:09:56Z,2023-10-09T06:09:56Z,5880.0,490.0,"POLYGON ((53.5679589 39.8342461, 53.5674167 39.8331616, 53.5652478 39.8326194, 53.5619944 39.8299083, 53.5544031 39.8261126, 53.5538609 39.8250282, 53.551692 39.8244859, 53.5484386 39.8217748, 53.5462696 39.8212325, 53.5441007 39.8190636, 53.5419318 39.8185214, 53.5386784 39.8158102, 53.5365095 39.815268, 53.5359672 39.8141835, 53.528376 39.8103879, 53.5251226 39.8076767, 53.5229536 39.8071345, 53.5207847 39.8049656, 53.5186158 39.8044233, 53.5180735 39.8033389, 53.5131935 39.8011699, 53.5126512 39.8000855, 53.5077711 39.7979165, 53.5072289 39.7968321, 53.50506 39.7962898, 53.5018066 39.7935787, 53.4996376 39.7930364, 53.4985532 39.791952, 53.4980109 39.7708049, 53.4990954 39.7702627, 53.5012643 39.7659248, 53.502891 39.7648404, 53.50506 39.7605025, 53.5061444 39.7599603, 53.5104823 39.752369, 53.512109 39.7512845, 53.512109 39.7502001, 53.5169891 39.7436933, 53.5419318 39.7295952, 53.558741 39.7073637, 53.5609099 39.7068215, 53.5630788 39.7046525, 53.5652478 39.7041103, 53.56579 39.7030258, 53.5695856 39.7013991, 53.5733813 39.6981458, 53.5755502 39.6976035, 53.5777191 39.6954346, 53.5798881 39.6948924, 53.5804303 39.6938079, 53.5842259 39.6921812, 53.5880215 39.6889278, 53.5901905 39.6883856, 53.5939861 39.6851322, 53.596155 39.6845899, 53.5999507 39.6813365, 53.6021196 39.6807943, 53.6059152 39.6775409, 53.6097108 39.6759142, 53.6118798 39.6737453, 53.6140487 39.6688652, 53.6162176 39.6666963, 53.6210977 39.6574783, 53.6259778 39.6509715, 53.6281467 39.6460914, 53.6362802 39.6385002, 53.6433293 39.6352468, 53.6438715 39.6341623, 53.6471249 39.6330778, 53.6514627 39.6298245, 53.6558006 39.6281978, 53.6595962 39.6249444, 53.6612229 39.621691, 53.6644763 39.6184376, 53.6606807 39.6070507, 53.6471249 39.6000017, 53.6471249 39.5826502, 53.6487516 39.5815658, 53.6487516 39.5804813, 53.6514627 39.5777701, 53.6514627 39.5766857, 53.6552584 39.5718056, 53.6845389 39.5680099, 53.6932147 39.565841, 53.696468 39.5636721, 53.6980947 39.5636721, 53.7024326 39.5615032, 53.7100239 39.5512007, 53.7143617 39.5349338, 53.7176151 39.5311381, 53.7208685 39.5295114, 53.7344243 39.528427, 53.7414733 39.5316804, 53.745269 39.5273425, 53.7474379 39.5197513, 53.7496068 39.5175823, 53.7496068 39.5164979, 53.7517758 39.5143289, 53.7571981 39.5127022, 53.7561136 39.5007731, 53.7577403 39.498062, 53.7577403 39.4964353, 53.7702117 39.495893, 53.7734651 39.4975197, 53.7745495 39.4969775, 53.7767185 39.4926396, 53.7767185 39.4910129, 53.7745495 39.4828794, 53.7740073 39.4769149, 53.7707539 39.4714926, 53.7712961 39.4622746, 53.7750918 39.4573945, 53.789732 39.4590212, 53.7994922 39.4557678, 53.7994922 39.4460076, 53.8016612 39.4357052, 53.79895 39.4302829, 53.79895 39.4286562, 53.791901 39.4226916, 53.7729228 39.4172693, 53.7718384 39.4156426, 53.7707539 39.4156426, 53.766416 39.411847, 53.7631626 39.4004601, 53.7582826 39.3939533, 53.7582826 39.3928688, 53.7571981 39.3923266, 53.7588248 39.3858198, 53.7599093 39.3587082, 53.7626204 39.3565393, 53.766416 39.358166, 53.7691272 39.3608771, 53.7691272 39.3619616, 53.7745495 39.3690106, 53.7794296 39.381482, 53.7848519 39.3836509, 53.7870209 39.3836509, 53.7924432 39.3820242, 53.7946121 39.3755174, 53.7924432 39.3625038, 53.7956966 39.3597927, 53.7956966 39.3576237, 53.7935277 39.3467791, 53.8016612 39.3473213, 53.8054568 39.3549126, 53.8070835 39.3565393, 53.8097946 39.3684684, 53.8173859 39.3755174, 53.8173859 39.3766019, 53.8200971 39.3787708, 53.8200971 39.3798553, 53.822266 39.3820242, 53.8255194 39.3798553, 53.8266039 39.3776863, 53.8266039 39.3744329, 53.8238927 39.3657572, 53.8244349 39.3592504, 53.8320262 39.358166, 53.8325684 39.3592504, 53.8336529 39.3592504, 53.8341951 39.3603349, 53.836364 39.3608771, 53.8390752 39.3630461, 53.8407019 39.372264, 53.8569689 39.3896154, 53.8580533 39.3896154, 53.8694402 39.4015446, 53.8710669 39.4015446, 53.8732358 39.4031713, 53.8748625 39.4031713, 53.8770315 39.404798, 53.8808271 39.4058824, 53.8911295 39.3999179, 53.8938407 39.388531, 53.8884184 39.3766019, 53.8884184 39.3749752, 53.8867917 39.3728062, 53.8867917 39.3711795, 53.8846227 39.3679261, 53.8846227 39.3662994, 53.882996 39.3641305, 53.882996 39.3625038, 53.8775737 39.3516592, 53.8754048 39.3408145, 53.8813693 39.33485, 53.8954674 39.33485, 53.9019742 39.3381034, 53.9030586 39.3397301, 53.906312 39.3413568, 53.9117344 39.3462368, 53.9128188 39.3462368, 53.9160722 39.3494902, 53.9171567 39.3522014, 53.9187834 39.3532859, 53.9187834 39.3543703, 53.9231212 39.3592504, 53.9231212 39.3603349, 53.9247479 39.3614194, 53.9252902 39.3641305, 53.9301703 39.3744329, 53.9290858 39.3993756, 53.9214945 39.4151004, 53.9214945 39.4167271, 53.9187834 39.4210649, 53.9187834 39.4226916, 53.9166144 39.425945, 53.9166144 39.4275717, 53.9144455 39.4308251, 53.9139033 39.4335363, 53.8613067 39.4839639, 53.8613067 39.4850484, 53.8510043 39.4953508, 53.8510043 39.4964353, 53.8461242 39.5007731, 53.8461242 39.5018576, 53.836364 39.5116178, 53.836364 39.5127022, 53.8260616 39.5230046, 53.8249772 39.5257158, 53.8211815 39.5300537, 53.8211815 39.5311381, 53.8168437 39.5360182, 53.8146747 39.5403561, 53.813048 39.5414406, 53.8108791 39.5457784, 53.8092524 39.5468629, 53.8070835 39.5512007, 53.8054568 39.5522852, 53.8032879 39.5566231, 53.8016612 39.5577075, 53.8005767 39.5604187, 53.7967811 39.5647566, 53.7967811 39.565841, 53.7940699 39.5685522, 53.791901 39.5739745, 53.7908165 39.5745167, 53.7870209 39.5831925, 53.7859364 39.5837347, 53.7745495 39.6065085, 53.7691272 39.6135575, 53.7680427 39.6162686, 53.7669583 39.6168109, 53.7658738 39.619522, 53.7647893 39.6200643, 53.7647893 39.6211487, 53.7637049 39.621691, 53.7604515 39.6276555, 53.759367 39.6281978, 53.759367 39.6292822, 53.7550292 39.6347045, 53.7539447 39.6374157, 53.7517758 39.6390424, 53.7517758 39.6401269, 53.7431 39.6498871, 53.7414733 39.6531405, 53.7393044 39.6547671, 53.7371355 39.6585628, 53.7284598 39.668323, 53.7235797 39.6775409, 53.7214107 39.6797098, 53.7192418 39.6845899, 53.7181573 39.6851322, 53.7176151 39.6873011, 53.7165306 39.6878433, 53.7132773 39.6943501, 53.7121928 39.6948924, 53.7116506 39.6970613, 53.7040593 39.7041103, 53.7029748 39.7041103, 53.7008059 39.7068215, 53.6997214 39.7068215, 53.6975525 39.7095326, 53.696468 39.7095326, 53.6942991 39.7122438, 53.6932147 39.7122438, 53.6905035 39.7154972, 53.689419 39.7154972, 53.6872501 39.7182084, 53.6514627 39.7339331, 53.6292312 39.7561646, 53.6292312 39.7572491, 53.6238089 39.7632137, 53.6238089 39.7642981, 53.6221822 39.7653826, 53.6221822 39.766467, 53.6189288 39.7697204, 53.6173021 39.7729738, 53.6156754 39.7740583, 53.6156754 39.7751428, 53.6135065 39.7767695, 53.6135065 39.7778539, 53.6102531 39.7811073, 53.6102531 39.7821918, 53.6086264 39.7832763, 53.6069997 39.7870719, 53.6048308 39.7892408, 53.6042885 39.7914097, 53.6004929 39.7962898, 53.5999507 39.7984588, 53.5988662 39.799001, 53.5972395 39.8027966, 53.5934439 39.8076767, 53.5934439 39.8087612, 53.5869371 39.8158102, 53.5869371 39.8168947, 53.5825992 39.8212325, 53.5825992 39.822317, 53.5777191 39.8271971, 53.5739235 39.829366, 53.5717546 39.8320772, 53.5679589 39.8342461))"
20231124T142642_001959,-34.47921987763225,-59.02176146931962,488.2477331866038,"(-59.3801595, -34.5573445, -58.6161539, -34.3887102)",70.18868423988263,18.70676460738367,2023-11-24T14:26:42Z,2023-11-24T14:26:42Z,8299.0,480.0,"POLYGON ((-59.3178028 -34.3887102, -59.3199717 -34.3914214, -59.3210562 -34.3914214, -59.3291896 -34.3990126, -59.3302741 -34.3990126, -59.332443 -34.4017238, -59.3335275 -34.4017238, -59.3356964 -34.4044349, -59.3367809 -34.4044349, -59.3389498 -34.4071461, -59.3400343 -34.4071461, -59.3422032 -34.4098573, -59.3432877 -34.4098573, -59.34871 -34.4152796, -59.3525056 -34.4174485, -59.3611814 -34.425582, -59.3622658 -34.425582, -59.3644348 -34.4282932, -59.3655192 -34.4282932, -59.3676881 -34.4310043, -59.3714838 -34.4331733, -59.3801595 -34.4413067, -59.3275629 -34.4548626, -59.3248518 -34.4575737, -59.3221406 -34.4586582, -59.3210562 -34.4602849, -59.318345 -34.4613693, -59.3172605 -34.462996, -59.3145494 -34.4640805, -59.3134649 -34.4657072, -59.3123804 -34.4657072, -59.3096693 -34.4684184, -59.3047892 -34.4711295, -59.2999091 -34.4765519, -59.2988246 -34.4765519, -59.2939445 -34.4819742, -59.2928601 -34.4819742, -59.2814732 -34.4933611, -59.2337567 -34.4993256, -59.2299611 -34.5004101, -59.2256232 -34.5004101, -59.2218276 -34.5014946, -59.1665199 -34.5004101, -59.0759671 -34.5014946, -59.0098147 -34.5090858, -58.9696895 -34.509628, -58.9344444 -34.5150504, -58.8943192 -34.5166771, -58.8650386 -34.5334863, -58.8563629 -34.5356552, -58.8514828 -34.5378241, -58.8493139 -34.5378241, -58.8444338 -34.5399931, -58.8422648 -34.5399931, -58.8373847 -34.542162, -58.8352158 -34.542162, -58.828709 -34.5448732, -58.8265401 -34.5448732, -58.82166 -34.5470421, -58.8194911 -34.5470421, -58.814611 -34.549211, -58.812442 -34.549211, -58.807562 -34.5513799, -58.805393 -34.5513799, -58.8005129 -34.5535489, -58.7940061 -34.5540911, -58.7267693 -34.5573445, -58.7018266 -34.5573445, -58.681764 -34.55626, -58.6633281 -34.5470421, -58.6627859 -34.5459576, -58.658448 -34.5443309, -58.6568213 -34.5427042, -58.6481456 -34.5410775, -58.6286252 -34.5394508, -58.6253718 -34.5372819, -58.6172383 -34.535113, -58.6161539 -34.5340285, -58.6161539 -34.5307751, -58.618865 -34.5280639, -58.6204917 -34.5215572, -58.6221184 -34.5210149, -58.6318786 -34.5199305, -58.6400121 -34.5220994, -58.6541102 -34.5220994, -58.658448 -34.5204727, -58.667666 -34.518846, -58.6866441 -34.5123392, -58.688813 -34.5123392, -58.7153824 -34.5031213, -58.7593033 -34.4993256, -58.7647256 -34.4971567, -58.7782814 -34.4939033, -58.7799081 -34.4928188, -58.7994285 -34.4879387, -58.8048508 -34.4857698, -58.805393 -34.4846853, -58.8156954 -34.4798053, -58.8162377 -34.4787208, -58.8205755 -34.4770941, -58.8211178 -34.4760096, -58.8265401 -34.4738407, -58.8270823 -34.4727562, -58.8325047 -34.4705873, -58.8330469 -34.4695028, -58.8373847 -34.4678761, -58.837927 -34.4667917, -58.8476872 -34.4619116, -58.8493139 -34.4619116, -58.8623274 -34.4548626, -58.8639541 -34.4548626, -58.8704609 -34.4510669, -58.905706 -34.448898, -58.9572181 -34.4429334, -59.0103569 -34.4413067, -59.0407219 -34.4375111, -59.0971141 -34.4353422, -59.1329015 -34.4320888, -59.1464573 -34.4293776, -59.1594709 -34.425582, -59.162182 -34.425582, -59.1665199 -34.4239553, -59.2093563 -34.4244975, -59.2299611 -34.425582, -59.2315878 -34.4244975, -59.2489392 -34.4201597, -59.2619528 -34.4076883, -59.2662907 -34.4060616, -59.2668329 -34.4049772, -59.2733397 -34.402266, -59.2738819 -34.4011815, -59.2814732 -34.3979281, -59.2820154 -34.3968437, -59.2852688 -34.395217, -59.3178028 -34.3887102))"
20231204T100051_002015,28.630881651473118,7.068514824248663,108.63869353495076,"(6.9403001, 28.5834636, 7.2043673, 28.6886567)",25.820025649278083,11.658528586102568,2023-12-04T10:00:51Z,2023-12-04T10:00:51Z,3267.0,1250.0,"POLYGON ((7.1881003 28.6886567, 7.1777979 28.6875722, 7.1702066 28.6832343, 7.1685799 28.6832343, 7.1642421 28.6805232, 7.1626154 28.6805232, 7.1582775 28.677812, 7.1566508 28.677812, 7.152313 28.6751008, 7.1496018 28.6745586, 7.1322504 28.6647984, 7.1306237 28.6647984, 7.1262858 28.6620873, 7.1230324 28.661545, 7.121948 28.6604606, 7.1159834 28.6588339, 7.1148989 28.6577494, 7.1132722 28.6577494, 7.1121878 28.6566649, 7.1105611 28.6566649, 7.1094766 28.6555805, 7.1062232 28.6550382, 7.1018853 28.6528693, 7.0915829 28.6512426, 7.0677247 28.6452781, 7.0460354 28.6425669, 7.0313951 28.6393135, 7.0080791 28.6371446, 6.9869321 28.6333489, 6.9793408 28.6328067, 6.9701228 28.6295533, 6.9625316 28.6252155, 6.9571093 28.6197931, 6.9571093 28.6187087, 6.9435535 28.6056951, 6.9435535 28.6046106, 6.9413845 28.6024417, 6.9403001 28.5970194, 6.9419268 28.5899703, 6.9468068 28.5850902, 6.9543981 28.5834636, 6.9760874 28.5840058, 6.9934388 28.5856325, 7.0037413 28.5905126, 7.012417 28.5932237, 7.0238039 28.5986461, 7.0346485 28.6024417, 7.0449509 28.6040684, 7.0541689 28.6073218, 7.1062232 28.617082, 7.1235746 28.6219621, 7.1317081 28.6268422, 7.1333348 28.6268422, 7.1365882 28.6290111, 7.1452639 28.6317222, 7.1550241 28.6371446, 7.1642421 28.640398, 7.1777979 28.6469048, 7.1843047 28.6485315, 7.1913537 28.6539538, 7.1913537 28.6555805, 7.1946071 28.6626295, 7.1956916 28.6713052, 7.2038251 28.6794387, 7.2043673 28.6837766, 7.1973183 28.6881144, 7.1881003 28.6886567))"
20240112T185917_002429,-34.56090732868085,-58.82334063964591,145.2377638933898,"(-58.9648094, -34.6213279, -58.6139849, -34.5183038)",32.192815529276295,11.42874361644728,2024-01-12T18:59:17Z,2024-01-12T18:59:17Z,6526.0,511.0,"POLYGON ((-58.651399 -34.5183038, -58.6573635 -34.5193882, -58.6638703 -34.5226416, -58.6757995 -34.5231839, -58.6850174 -34.5264372, -58.6866441 -34.5264372, -58.6893553 -34.5242683, -58.6974888 -34.5237261, -58.7094179 -34.525895, -58.7197203 -34.5291484, -58.7278538 -34.5286062, -58.7343606 -34.5253528, -58.7359873 -34.5237261, -58.7473741 -34.5215572, -58.7506275 -34.5226416, -58.7527965 -34.5248106, -58.7549654 -34.5334863, -58.7576766 -34.5361974, -58.76093 -34.5372819, -58.7620144 -34.5372819, -58.7658101 -34.532944, -58.7685212 -34.5318596, -58.7723168 -34.5275217, -58.7815348 -34.5253528, -58.7902105 -34.5253528, -58.7967173 -34.5296906, -58.8032241 -34.5313173, -58.812442 -34.5356552, -58.8368425 -34.5324018, -58.8536517 -34.5324018, -58.8731721 -34.5389086, -58.8747988 -34.5405353, -58.8791366 -34.542162, -58.8796789 -34.5432465, -58.8840167 -34.5448732, -58.8867279 -34.5470421, -58.9029949 -34.5524644, -58.9165507 -34.5535489, -58.9393245 -34.5535489, -58.9490846 -34.5546333, -58.952338 -34.55626, -58.954507 -34.55626, -58.9631827 -34.5605979, -58.9648094 -34.565478, -58.9648094 -34.5681892, -58.9637249 -34.5741537, -58.9620982 -34.5779493, -58.9610138 -34.5860828, -58.9577604 -34.5942163, -58.9572181 -34.6001809, -58.9507113 -34.6061454, -58.9507113 -34.6072299, -58.9496269 -34.6077721, -58.9496269 -34.6088566, -58.9485424 -34.6093988, -58.9485424 -34.6104833, -58.9474579 -34.6110255, -58.9474579 -34.61211, -58.9463735 -34.6126522, -58.9463735 -34.6137367, -58.945289 -34.6142789, -58.9447468 -34.6164478, -58.9425779 -34.619159, -58.9339021 -34.6213279, -58.9181774 -34.6169901, -58.9122128 -34.6056032, -58.9002837 -34.5990964, -58.8867279 -34.5990964, -58.8769677 -34.6007231, -58.8655808 -34.6012653, -58.859074 -34.602892, -58.8503983 -34.602892, -58.8466027 -34.6007231, -58.844976 -34.6007231, -58.8373847 -34.5969275, -58.8325047 -34.5931318, -58.830878 -34.5882518, -58.8292513 -34.5860828, -58.8276246 -34.5736115, -58.8227445 -34.5681892, -58.8211178 -34.5676469, -58.8102731 -34.5671047, -58.7994285 -34.5698159, -58.7896683 -34.5681892, -58.7734013 -34.5676469, -58.7641834 -34.5638513, -58.7625567 -34.5616824, -58.758761 -34.5611401, -58.7424941 -34.5616824, -58.7327339 -34.5595134, -58.7088756 -34.5595134, -58.7029111 -34.558429, -58.7012844 -34.5568023, -58.6947776 -34.5535489, -58.6893553 -34.5540911, -58.6839329 -34.5568023, -58.6768839 -34.5568023, -58.6736305 -34.5551756, -58.6725461 -34.5524644, -58.6714616 -34.5519222, -58.6671237 -34.5519222, -58.6644126 -34.5508377, -58.6589902 -34.5443309, -58.6541102 -34.5427042, -58.6459767 -34.5383664, -58.6448922 -34.5367397, -58.6448922 -34.5345707, -58.6438077 -34.5334863, -58.6389276 -34.5334863, -58.635132 -34.535113, -58.6286252 -34.535113, -58.6269985 -34.5340285, -58.6237451 -34.5340285, -58.6204917 -34.5356552, -58.6183228 -34.5356552, -58.6156116 -34.5345707, -58.6139849 -34.5324018, -58.6139849 -34.5313173, -58.6166961 -34.5286062, -58.618865 -34.5280639, -58.621034 -34.5280639, -58.6226607 -34.5291484, -58.6248296 -34.5286062, -58.6253718 -34.5237261, -58.6269985 -34.5215572, -58.6286252 -34.5215572, -58.6340475 -34.5242683, -58.6362165 -34.5242683, -58.6378432 -34.5237261, -58.6416388 -34.5199305, -58.651399 -34.5183038))"
20240120T154941_002576,-34.4876067722052,-58.815769611552156,194.22808744869855,"(-58.9696895, -34.5437887, -58.6085626, -34.4331733)",33.170431288182854,12.270703460760267,2024-01-20T15:49:41Z,2024-01-20T15:49:41Z,7383.0,450.0,"POLYGON ((-58.9257686 -34.4331733, -58.9317332 -34.4353422, -58.9642672 -34.4434757, -58.9696895 -34.479263, -58.9675205 -34.4808897, -58.9675205 -34.4819742, -58.9648094 -34.4841431, -58.9648094 -34.4852276, -58.9626405 -34.4868543, -58.9626405 -34.4879387, -58.9599293 -34.4901077, -58.9599293 -34.4911921, -58.9572181 -34.4939033, -58.9485424 -34.4966145, -58.9474579 -34.4976989, -58.9458312 -34.4976989, -58.9447468 -34.4987834, -58.9431201 -34.4987834, -58.9420356 -34.4998679, -58.9404089 -34.4998679, -58.9393245 -34.5009523, -58.9306487 -34.5036635, -58.9252264 -34.5063746, -58.8476872 -34.5042057, -58.7929217 -34.5231839, -58.7799081 -34.5264372, -58.7771969 -34.5264372, -58.7620144 -34.5307751, -58.7164669 -34.5345707, -58.698031 -34.5437887, -58.690982 -34.542162, -58.6861019 -34.5399931, -58.6839329 -34.5399931, -58.6806795 -34.5383664, -58.6785106 -34.5383664, -58.6736305 -34.5361974, -58.6714616 -34.5361974, -58.6682082 -34.5345707, -58.628083 -34.5361974, -58.6134427 -34.5378241, -58.6085626 -34.532944, -58.6091049 -34.5253528, -58.6101893 -34.5226416, -58.6215762 -34.5172193, -58.6221184 -34.5161348, -58.6242874 -34.5155926, -58.6248296 -34.5145081, -58.6269985 -34.5139659, -58.6275408 -34.5128814, -58.6297097 -34.5123392, -58.6313364 -34.5107125, -58.6497723 -34.509628, -58.665497 -34.5009523, -58.6741728 -34.4998679, -58.6844752 -34.4993256, -58.6871863 -34.5004101, -58.7072489 -34.5036635, -58.7126713 -34.5009523, -58.7132135 -34.4998679, -58.7240581 -34.4949878, -58.7246004 -34.4939033, -58.7311072 -34.4911921, -58.7338183 -34.4879387, -58.7349028 -34.4879387, -58.737614 -34.4846853, -58.7386984 -34.4846853, -58.7414096 -34.4814319, -58.7424941 -34.4814319, -58.7452052 -34.4781786, -58.7462897 -34.4781786, -58.7490008 -34.4749252, -58.7511698 -34.4738407, -58.7603877 -34.4705873, -58.7636411 -34.4684184, -58.7652678 -34.4684184, -58.7777392 -34.4624538, -58.8043086 -34.4543203, -58.8064775 -34.4526936, -58.8081042 -34.4526936, -58.8102731 -34.4510669, -58.8118998 -34.4510669, -58.8140687 -34.4494402, -58.8184066 -34.4483558, -58.8205755 -34.4467291, -58.8222022 -34.4467291, -58.8243712 -34.4451024, -58.8259979 -34.4451024, -58.8314202 -34.4423912, -58.8433493 -34.4402223, -58.8688342 -34.4337155, -58.9257686 -34.4331733))"
20240127T195904_002474,31.497997614644298,-101.69267378509403,522.1092912657741,"(-101.7756936, 31.2306427, -101.613566, 31.8580057)",15.395226204788672,69.56130176294003,2024-01-27T19:59:04Z,2024-01-27T19:59:04Z,6687.0,343.0,"POLYGON ((-101.7577999 31.8580057, -101.7643067 31.8547523, -101.7670178 31.8509567, -101.7751513 31.8504145, -101.7756936 31.8433655, -101.7708135 31.8384854, -101.7664756 31.8363164, -101.7643067 31.8325208, -101.7637644 31.8124582, -101.76268 31.8108315, -101.7615955 31.804867, -101.7583421 31.8021558, -101.7583421 31.8010713, -101.755631 31.7989024, -101.7550887 31.7972757, -101.7545465 31.7923956, -101.7512931 31.7810087, -101.7502086 31.7679951, -101.7453285 31.7435947, -101.7453285 31.7403413, -101.7437018 31.7360034, -101.7426174 31.7354612, -101.7399062 31.7289544, -101.7388217 31.7284122, -101.737195 31.7251588, -101.7366528 31.6779845, -101.7344839 31.6758156, -101.7317727 31.6703933, -101.7306883 31.6698511, -101.730146 31.6676821, -101.7268926 31.6638865, -101.7263504 31.6617176, -101.723097 31.6579219, -101.7214703 31.6541263, -101.7203858 31.6535841, -101.7236392 31.6438239, -101.7236392 31.641655, -101.7274349 31.6318948, -101.730146 31.6080365, -101.7268926 31.6009875, -101.7263504 31.5977341, -101.7252659 31.5966497, -101.7252659 31.595023, -101.7241815 31.5939385, -101.7214703 31.585805, -101.7214703 31.5836361, -101.7193014 31.578756, -101.7193014 31.5765871, -101.7176747 31.5733337, -101.7176747 31.571707, -101.7187591 31.5711647, -101.7193014 31.5689958, -101.7203858 31.5684536, -101.7220125 31.5646579, -101.723097 31.5641157, -101.7247237 31.5603201, -101.7285193 31.55544, -101.730146 31.5283284, -101.7214703 31.5120614, -101.7252659 31.455127, -101.7263504 31.4497047, -101.7279771 31.4475357, -101.7279771 31.445909, -101.7339417 31.4334377, -101.7339417 31.4046994, -101.7361106 31.385179, -101.7388217 31.375961, -101.7399062 31.3748766, -101.7399062 31.3732499, -101.7409907 31.3721654, -101.7409907 31.3705387, -101.7420751 31.3694542, -101.7420751 31.3678275, -101.7453285 31.3607785, -101.7491242 31.338547, -101.7409907 31.2799859, -101.7306883 31.2566699, -101.7241815 31.2517898, -101.723097 31.2517898, -101.7225548 31.2507053, -101.7214703 31.2507053, -101.7209281 31.2496209, -101.7198436 31.2496209, -101.7193014 31.2485364, -101.7182169 31.2485364, -101.7176747 31.2474519, -101.7165902 31.2474519, -101.716048 31.2463675, -101.7149635 31.2463675, -101.7144213 31.245283, -101.6905631 31.2366073, -101.6558602 31.2306427, -101.6461 31.2338961, -101.6379665 31.2355228, -101.6347131 31.238234, -101.6347131 31.2393184, -101.6309175 31.2431141, -101.6292908 31.2463675, -101.6271218 31.2479942, -101.6254951 31.2512476, -101.6216995 31.2550432, -101.6216995 31.2561276, -101.6195306 31.2577543, -101.6179039 31.2610077, -101.615735 31.2626344, -101.613566 31.2843237, -101.6303752 31.3309557, -101.6314597 31.3380048, -101.6363398 31.3564407, -101.6401354 31.3846368, -101.653149 31.4187974, -101.6509801 31.4215086, -101.6498956 31.4215086, -101.6477267 31.4242197, -101.6466422 31.4242197, -101.6450155 31.4263887, -101.6439311 31.4263887, -101.6423044 31.4285576, -101.6412199 31.4285576, -101.639051 31.4312687, -101.6379665 31.4312687, -101.6357976 31.4334377, -101.636882 31.4507891, -101.636882 31.4909143, -101.6379665 31.492541, -101.6379665 31.49471, -101.639051 31.4963367, -101.639051 31.4985056, -101.6401354 31.5001323, -101.6444733 31.5169415, -101.6629092 31.5516444, -101.6629092 31.5527288, -101.6607403 31.5543555, -101.6591136 31.5576089, -101.6569446 31.5592356, -101.6553179 31.562489, -101.6493534 31.5689958, -101.6493534 31.5700803, -101.6564024 31.5874317, -101.6515223 31.5971919, -101.6515223 31.5988186, -101.6607403 31.6259302, -101.6569446 31.6384016, -101.6656204 31.6579219, -101.6683315 31.6747311, -101.6699582 31.6801535, -101.6715849 31.6991316, -101.6699582 31.7202787, -101.676465 31.7354612, -101.6840563 31.7452214, -101.6900208 31.763115, -101.6894786 31.7782976, -101.6970698 31.8005291, -101.7100834 31.8135427, -101.7111679 31.8135427, -101.7133368 31.8162538, -101.7144213 31.8162538, -101.7171324 31.8195072, -101.7182169 31.8195072, -101.7203858 31.8222184, -101.7214703 31.8222184, -101.7241815 31.8254718, -101.7252659 31.8254718, -101.7279771 31.828183, -101.7312305 31.8390276, -101.7350261 31.8455344, -101.7453285 31.8487878, -101.7469552 31.8558368, -101.7577999 31.8580057))"
20240405T170129_002977,38.506768118458915,-96.44761908507209,285.83412432802976,"(-96.6711166, 38.2986436, -96.1261729, 38.7177894)",47.5314762007229,46.52774744862962,2024-04-05T17:01:29Z,2024-04-05T17:01:29Z,14102.0,562.0,"POLYGON ((-96.636956 38.7177894, -96.6548496 38.7150782, -96.6553919 38.7139937, -96.6591875 38.712367, -96.6597297 38.7112826, -96.6608142 38.7112826, -96.6613564 38.7101981, -96.6624409 38.7101981, -96.6629831 38.7091136, -96.6651521 38.7085714, -96.6667788 38.7069447, -96.6700321 38.7004379, -96.6711166 38.6998957, -96.6694899 38.6863399, -96.658103 38.6814598, -96.6548496 38.6776641, -96.6537652 38.6776641, -96.6494273 38.6733263, -96.6472584 38.6624816, -96.6445472 38.6603127, -96.6423783 38.6565171, -96.6293647 38.644588, -96.6261113 38.6299477, -96.6179778 38.6266943, -96.6185201 38.6082584, -96.6120133 38.6022938, -96.6103866 38.5892802, -96.6055065 38.5849424, -96.604422 38.5849424, -96.6027953 38.5827735, -96.6017108 38.5827735, -96.6000842 38.5806045, -96.5919507 38.5833157, -96.590324 38.5827735, -96.5897817 38.5806045, -96.5876128 38.5778934, -96.5876128 38.5713866, -96.5849016 38.5594575, -96.5838172 38.5589152, -96.5832749 38.5567463, -96.5821905 38.5562041, -96.5821905 38.5551196, -96.581106 38.5545774, -96.5805638 38.5524084, -96.5773104 38.5480706, -96.5659235 38.5448172, -96.5642968 38.5431905, -96.5632123 38.5431905, -96.5621279 38.5415638, -96.5610434 38.5415638, -96.5583322 38.5388526, -96.5534522 38.5361415, -96.5485721 38.5307191, -96.5474876 38.5307191, -96.5426075 38.5252968, -96.5388119 38.5231279, -96.5371852 38.5209589, -96.5361007 38.5209589, -96.534474 38.51879, -96.5225449 38.5166211, -96.5144114 38.5139099, -96.5095313 38.5074031, -96.5073624 38.5068609, -96.5068202 38.5057764, -96.5046512 38.5052342, -96.504109 38.5041497, -96.5019401 38.5036075, -96.5013978 38.502523, -96.4921799 38.497643, -96.4900109 38.4943896, -96.4889265 38.4905939, -96.4872998 38.4889672, -96.4862153 38.4889672, -96.4818775 38.4851716, -96.4759129 38.4819182, -96.4742862 38.4797493, -96.4710328 38.4781226, -96.466695 38.4737847, -96.4656105 38.4737847, -96.4639838 38.4716158, -96.4607304 38.4699891, -96.4591037 38.4678202, -96.4580192 38.4678202, -96.4460901 38.4553488, -96.4368722 38.4515532, -96.4352455 38.4482998, -96.434161 38.4477576, -96.4330765 38.4445042, -96.4309076 38.4423352, -96.4298231 38.4423352, -96.4287387 38.4407085, -96.4254853 38.4390818, -96.420063 38.4342017, -96.4070494 38.427695, -96.4065071 38.4266105, -96.4027115 38.4249838, -96.3918669 38.4228149, -96.3859023 38.4163081, -96.3848178 38.4163081, -96.3837334 38.4146814, -96.38048 38.4130547, -96.3772266 38.4098013, -96.3761421 38.4098013, -96.3707198 38.4049212, -96.3533684 38.404379, -96.3419815 38.3978722, -96.3403548 38.3978722, -96.3322213 38.3940765, -96.3273412 38.3935343, -96.3251723 38.3924498, -96.3159543 38.3929921, -96.3132431 38.3875697, -96.3132431 38.3859431, -96.3061941 38.3794363, -96.3083631 38.3750984, -96.3094475 38.3745562, -96.3061941 38.3675071, -96.2964339 38.3664227, -96.2937228 38.3685916, -96.2915538 38.3691338, -96.2888427 38.3669649, -96.2834204 38.364796, -96.2828781 38.3637115, -96.2731179 38.3588314, -96.2704068 38.3588314, -96.2579354 38.355578, -96.2514286 38.357747, -96.2443796 38.3561203, -96.2432952 38.355578, -96.2427529 38.3496135, -96.2416685 38.3490712, -96.2400418 38.3458178, -96.231366 38.3436489, -96.2270282 38.3387688, -96.2145568 38.3328043, -96.2031699 38.3306353, -96.1950365 38.3273819, -96.1885297 38.3262975, -96.186903 38.3246708, -96.1852763 38.3187062, -96.1798539 38.3138261, -96.1700938 38.311115, -96.1570802 38.3100305, -96.1554535 38.3073193, -96.1527423 38.3062349, -96.1500312 38.3073193, -96.1440666 38.3073193, -96.1408132 38.3062349, -96.1397287 38.3046082, -96.1353909 38.3024392, -96.1326797 38.2991858, -96.1288841 38.2986436, -96.1261729 38.2997281, -96.1277996 38.3046082, -96.1299686 38.3062349, -96.1305108 38.3084038, -96.1348486 38.3116572, -96.1364753 38.3170795, -96.1375598 38.318164, -96.1505734 38.3214174, -96.1565379 38.3328043, -96.1581646 38.334431, -96.161418 38.3355154, -96.1619603 38.3365999, -96.1652137 38.3376844, -96.1695515 38.3425645, -96.1782273 38.3420222, -96.1793117 38.3431067, -96.1820229 38.3436489, -96.1852763 38.3501557, -96.1885297 38.3534091, -96.1896141 38.3534091, -96.1928675 38.3566625, -96.193952 38.3566625, -96.1988321 38.3615426, -96.1999166 38.3642538, -96.2026277 38.3669649, -96.20805 38.3696761, -96.210219 38.371845, -96.2210636 38.3772673, -96.224317 38.3778096, -96.2324505 38.3772673, -96.2378728 38.3783518, -96.2432952 38.381063, -96.2449219 38.381063, -96.2514286 38.3848586, -96.2563087 38.3864853, -96.2639 38.3870275, -96.2660689 38.3886542, -96.2698645 38.3897387, -96.2742024 38.3929921, -96.2736602 38.3973299, -96.2704068 38.4005833, -96.2714912 38.4070901, -96.2796247 38.4157658, -96.2883005 38.4163081, -96.2920961 38.4152236, -96.303483 38.4146814, -96.3051097 38.4163081, -96.3148698 38.4211882, -96.3159543 38.4228149, -96.3186655 38.4238993, -96.3197499 38.425526, -96.3224611 38.4266105, -96.3235456 38.4282372, -96.32463 38.4282372, -96.3295101 38.4320328, -96.3295101 38.4390818, -96.3327635 38.4423352, -96.333848 38.4423352, -96.3365591 38.4455886, -96.3490305 38.4472153, -96.3593329 38.4586022, -96.3777688 38.4640245, -96.3842756 38.4775803, -96.4027115 38.4960163, -96.4254853 38.5030653, -96.4265697 38.5041497, -96.4287387 38.5111988, -96.4347032 38.5171633, -96.4460901 38.5236701, -96.4471746 38.5252968, -96.4520547 38.528008, -96.4553081 38.5312614, -96.4683216 38.5334303, -96.4742862 38.5355992, -96.4791663 38.5448172, -96.4862153 38.5518662, -96.4959755 38.5534929, -96.4981444 38.5572885, -96.4992289 38.5578308, -96.4992289 38.5589152, -96.5003134 38.5594575, -96.5003134 38.5605419, -96.5013978 38.5610842, -96.5013978 38.5621686, -96.504109 38.5648798, -96.5089891 38.5675909, -96.5100736 38.5692176, -96.5176648 38.572471, -96.520376 38.5751822, -96.520376 38.5762667, -96.5230871 38.5784356, -96.5220027 38.5871113, -96.5236294 38.5947026, -96.5306784 38.5968715, -96.5317629 38.5984982, -96.5328473 38.605005, -96.5377274 38.6077162, -96.5382696 38.6088006, -96.5404386 38.6093429, -96.5426075 38.6115118, -96.5447764 38.612054, -96.5469454 38.6142229, -96.5469454 38.6153074, -96.5512832 38.6201875, -96.5539944 38.6261521, -96.5550789 38.6266943, -96.5556211 38.6288632, -96.5572478 38.6304899, -96.5594167 38.6397079, -96.5621279 38.6418768, -96.5642968 38.6456724, -96.567008 38.6483836, -96.5800215 38.6489258, -96.5821905 38.6527215, -96.5832749 38.6532637, -96.5832749 38.6543481, -96.5843594 38.6548904, -96.5843594 38.6559748, -96.588155 38.6603127, -96.588155 38.6613972, -96.5892395 38.6619394, -96.5892395 38.6630239, -96.590324 38.6635661, -96.5908662 38.665735, -96.5919507 38.6662773, -96.5935774 38.6700729, -96.5968308 38.6738685, -96.597373 38.6760375, -96.5989997 38.6776641, -96.6027953 38.6787486, -96.6109288 38.6830865, -96.6168934 38.6961001, -96.620689 38.6993534, -96.6217735 38.6993534, -96.6228579 38.7009801, -96.6239424 38.7009801, -96.6250268 38.7026068, -96.6282802 38.7042335, -96.6304492 38.7064025, -96.6358715 38.7167049, -96.636956 38.7177894))"
20240409T074435_003022,46.795331319174,39.457945268010256,231.08523994912554,"(39.2492248, 46.7314438, 39.7529588, 46.8642907)",38.4561745407767,14.76817776178058,2024-04-09T07:44:35Z,2024-04-09T07:44:35Z,21836.0,1660.0,"POLYGON ((39.2844699 46.8642907, 39.2779631 46.8621218, 39.2768786 46.8610373, 39.2719985 46.8599529, 39.2709141 46.8588684, 39.2644073 46.8572417, 39.2627806 46.855615, 39.2595272 46.8491082, 39.2573583 46.8469393, 39.256816 46.8447704, 39.2557316 46.8442281, 39.2530204 46.8388058, 39.2508515 46.8366369, 39.2503092 46.834468, 39.2492248 46.8339257, 39.2513937 46.8133209, 39.2703718 46.8013918, 39.2795898 46.7986806, 39.2806743 46.7975961, 39.2839277 46.7970539, 39.2850121 46.7959694, 39.2882655 46.7954272, 39.28935 46.7943427, 39.2926034 46.7938005, 39.2936878 46.792716, 39.2985679 46.7916316, 39.3045325 46.7889204, 39.3153771 46.7872937, 39.3175461 46.7862093, 39.3311019 46.7840403, 39.3332708 46.7829559, 39.3956276 46.7704845, 39.3977965 46.7694, 39.4167746 46.7656044, 39.420028 46.7656044, 39.4308727 46.7628933, 39.4341261 46.7628933, 39.4422596 46.7607243, 39.482927 46.7580132, 39.5143765 46.7531331, 39.5474527 46.7504219, 39.5729376 46.7444574, 39.5886623 46.7433729, 39.6027604 46.7466263, 39.6060138 46.7466263, 39.6293298 46.7422884, 39.6363788 46.7422884, 39.6499346 46.7406617, 39.6786729 46.7401195, 39.6960244 46.7363239, 39.7187981 46.7368661, 39.7426564 46.7314438, 39.7442831 46.7314438, 39.7469942 46.7336127, 39.7529588 46.7363239, 39.7524166 46.7379506, 39.7497054 46.739035, 39.7475365 46.741204, 39.7448253 46.7422884, 39.7377763 46.7477107, 39.7366918 46.7477107, 39.7361496 46.7487952, 39.7318117 46.7504219, 39.7312695 46.7515064, 39.7236782 46.7547598, 39.723136 46.7558442, 39.7101224 46.762351, 39.6797574 46.7683156, 39.6732506 46.7704845, 39.6705394 46.7704845, 39.6596948 46.7737379, 39.6569836 46.7737379, 39.646139 46.7769913, 39.636921 46.778618, 39.6108939 46.787836, 39.6087249 46.787836, 39.5864934 46.7954272, 39.5843245 46.7954272, 39.5778177 46.7981384, 39.5523328 46.8003073, 39.5344391 46.8084408, 39.5290168 46.808983, 39.5067852 46.8144053, 39.4861804 46.818201, 39.4455129 46.8317568, 39.4444285 46.8328413, 39.4428018 46.8328413, 39.4379217 46.8355524, 39.436295 46.8355524, 39.4352105 46.8366369, 39.4259926 46.8398903, 39.3739383 46.8491082, 39.3723116 46.8501927, 39.357129 46.8539883, 39.3462844 46.8577839, 39.3441155 46.8577839, 39.3370664 46.8604951, 39.3132082 46.8632063, 39.3094126 46.8642907, 39.2844699 46.8642907))"
20240421T184222_003061,19.644433527893206,-92.47349932411399,394.1128865074961,"(-92.6667294, 19.5569188, -92.22969, 19.7472424)",45.83452951297454,21.06881836568034,2024-04-21T18:42:22Z,2024-04-21T18:42:22Z,4290.0,377.0,"POLYGON ((-92.6385334 19.7472424, -92.6428712 19.7423623, -92.6439557 19.7423623, -92.6488358 19.73694, -92.6499202 19.73694, -92.6553426 19.7315177, -92.6575115 19.7250109, -92.6591382 19.7228419, -92.6591382 19.7212152, -92.6607649 19.7190463, -92.6607649 19.7174196, -92.6623916 19.7152507, -92.6623916 19.713624, -92.6640183 19.7114551, -92.6640183 19.7098284, -92.665645 19.7076594, -92.665645 19.7060327, -92.6667294 19.7049483, -92.6651028 19.6995259, -92.6613071 19.6919347, -92.6613071 19.690308, -92.6602227 19.6892235, -92.6602227 19.6875968, -92.6591382 19.6865124, -92.6591382 19.6848857, -92.6553426 19.6772944, -92.6553426 19.6756677, -92.6504625 19.6718721, -92.649378 19.6718721, -92.6488358 19.6707876, -92.6477513 19.6707876, -92.6472091 19.6697032, -92.6461246 19.6697032, -92.6455824 19.6686187, -92.6444979 19.6686187, -92.6439557 19.6675342, -92.6428712 19.6675342, -92.642329 19.6664498, -92.6412445 19.6664498, -92.6407023 19.6653653, -92.6396178 19.6653653, -92.6390756 19.6642808, -92.6379911 19.6642808, -92.6369067 19.6626541, -92.6293154 19.6583163, -92.6222664 19.6528939, -92.6211819 19.6528939, -92.6206397 19.6518095, -92.6087106 19.6458449, -92.6081683 19.6447605, -92.6038305 19.6431338, -92.6032882 19.6420493, -92.5989504 19.6404226, -92.5984082 19.6393381, -92.5940703 19.6377114, -92.5935281 19.636627, -92.5891902 19.6350003, -92.5875635 19.6333736, -92.5647897 19.6257823, -92.5626208 19.6257823, -92.5414737 19.6181911, -92.5393048 19.6181911, -92.5376781 19.6171066, -92.5355092 19.6171066, -92.5338825 19.6160221, -92.5317136 19.6160221, -92.5300869 19.6149377, -92.5279179 19.6149377, -92.5262912 19.6138532, -92.5241223 19.6138532, -92.5224956 19.6127687, -92.5203267 19.6127687, -92.5187 19.6116843, -92.516531 19.6116843, -92.5149043 19.6105998, -92.5105665 19.6100576, -92.5089398 19.6089731, -92.5067709 19.6089731, -92.5051442 19.6078886, -92.5029752 19.6078886, -92.5013485 19.6068042, -92.4991796 19.6068042, -92.4975529 19.6057197, -92.4807437 19.6013819, -92.4482097 19.5845726, -92.4438719 19.5834882, -92.4362806 19.5796926, -92.4346539 19.5796926, -92.432485 19.5780659, -92.425436 19.5758969, -92.4205559 19.5731858, -92.4037467 19.5688479, -92.40212 19.5677634, -92.3977821 19.5672212, -92.3961554 19.5661367, -92.3939865 19.5661367, -92.3923598 19.5650523, -92.3901909 19.5650523, -92.3885642 19.5639678, -92.3842263 19.5634256, -92.3825996 19.5623411, -92.3473545 19.5617989, -92.3337987 19.566679, -92.3115671 19.5677634, -92.2915045 19.56451, -92.2497526 19.5612566, -92.2383658 19.5569188, -92.2361968 19.5569188, -92.2302323 19.5590877, -92.22969 19.5699324, -92.231859 19.5721013, -92.2329434 19.5721013, -92.2351124 19.5748125, -92.2361968 19.5748125, -92.2378235 19.5769814, -92.238908 19.5769814, -92.2405347 19.5791503, -92.2638507 19.5856571, -92.2649352 19.5872838, -92.2681885 19.5889105, -92.269273 19.5905372, -92.2703575 19.5905372, -92.2714419 19.5921639, -92.2725264 19.5921639, -92.2736109 19.5937906, -92.2746953 19.5937906, -92.2757798 19.5954173, -92.2768643 19.5954173, -92.2779487 19.597044, -92.2790332 19.597044, -92.2801177 19.5986707, -92.2812021 19.5986707, -92.2887934 19.6051775, -92.2953002 19.6084309, -92.3001803 19.6122265, -92.3023492 19.6127687, -92.3045181 19.6149377, -92.3093982 19.6171066, -92.3115671 19.6192755, -92.3164472 19.6214445, -92.3169895 19.6225289, -92.3191584 19.6230712, -92.3197006 19.6241556, -92.3262074 19.627409, -92.3310875 19.6312046, -92.3332564 19.6317469, -92.3354254 19.6339158, -92.3874797 19.659943, -92.3891064 19.659943, -92.4015777 19.6659075, -92.4032044 19.6659075, -92.4129646 19.6707876, -92.4145913 19.6707876, -92.4178447 19.6729565, -92.4194714 19.6729565, -92.4265204 19.6767522, -92.4281471 19.6767522, -92.4314005 19.6789211, -92.4330272 19.6789211, -92.4362806 19.68109, -92.4379073 19.68109, -92.4411607 19.683259, -92.4427874 19.683259, -92.4460408 19.6854279, -92.4514631 19.6870546, -92.4574277 19.690308, -92.4785748 19.6946458, -92.5056864 19.6968148, -92.5669587 19.7271798, -92.5750922 19.7293487, -92.5761766 19.7304332, -92.5859368 19.7331444, -92.5870213 19.7342288, -92.5951548 19.7363978, -92.5962392 19.7374822, -92.6141329 19.7434468, -92.6385334 19.7472424))"
20240615T015805_003243,45.61261440582514,85.16062107143712,144.7974898779102,"(85.0868509, 45.458824, 85.2186134, 45.7429539)",10.27989254707451,31.579197293570513,2024-06-15T01:58:05Z,2024-06-15T01:58:05Z,4440.0,436.0,"POLYGON ((85.1117936 45.7429539, 85.089562 45.7353626, 85.0868509 45.7223491, 85.0890198 45.7201801, 85.0901043 45.717469, 85.091731 45.7163845, 85.0949844 45.7104199, 85.0976955 45.708251, 85.0976955 45.7071665, 85.0998645 45.7055398, 85.0998645 45.7044554, 85.1025756 45.7022864, 85.1025756 45.701202, 85.1085402 45.6946952, 85.1096246 45.6946952, 85.1139625 45.6908996, 85.115047 45.6908996, 85.1161314 45.6892729, 85.1204693 45.6871039, 85.1248072 45.6833083, 85.1269761 45.6827661, 85.1275183 45.6816816, 85.1296872 45.6811394, 85.1302295 45.6800549, 85.1323984 45.6795127, 85.1329406 45.6784282, 85.1421586 45.6735481, 85.1459542 45.6692103, 85.1470387 45.6692103, 85.1562566 45.6605345, 85.1567989 45.6572811, 85.1578833 45.6561967, 85.1584256 45.6529433, 85.15951 45.6518588, 85.1600523 45.6486054, 85.1622212 45.6442676, 85.1546299 45.6204093, 85.136194 45.6025157, 85.1389052 45.5932977, 85.1378207 45.5813686, 85.1253494 45.5721506, 85.136194 45.5482924, 85.138363 45.521723, 85.1416164 45.5059983, 85.1389052 45.498407, 85.1378207 45.4978648, 85.1372785 45.4956959, 85.1340251 45.4919002, 85.1323984 45.4881046, 85.1215538 45.4788866, 85.1204693 45.4702109, 85.122096 45.4637041, 85.1264339 45.4626197, 85.1302295 45.4604507, 85.1405319 45.458824, 85.1600523 45.4653308, 85.1605945 45.4664153, 85.1654746 45.4685842, 85.168728 45.4712954, 85.1708969 45.4718376, 85.1730658 45.4740066, 85.1736081 45.4761755, 85.1746925 45.4767177, 85.1752348 45.4788866, 85.1763192 45.4794289, 85.1768615 45.4815978, 85.1779459 45.48214, 85.1784882 45.484309, 85.1806571 45.4870201, 85.1855372 45.5016604, 85.1904173 45.5228075, 85.1925862 45.528772, 85.1871639 45.5678128, 85.1952974 45.584622, 85.2007197 45.6025157, 85.2018042 45.6030579, 85.2023464 45.6052268, 85.2034309 45.6057691, 85.2039731 45.607938, 85.2050576 45.6084802, 85.2055998 45.6106492, 85.2066843 45.6111914, 85.2110221 45.6193249, 85.2126488 45.6301695, 85.2169867 45.6437253, 85.2175289 45.6480632, 85.2186134 45.6496899, 85.2180711 45.661619, 85.2175289 45.6654146, 85.2115644 45.6724637, 85.2104799 45.6751748, 85.2012619 45.6838505, 85.2001775 45.6838505, 85.1969241 45.6876462, 85.1958396 45.6876462, 85.1855372 45.6979486, 85.1839105 45.701202, 85.1817416 45.7028287, 85.1801149 45.7060821, 85.1779459 45.7077088, 85.1763192 45.7109622, 85.1741503 45.7125889, 85.1741503 45.7136733, 85.1692702 45.7190957, 85.1681858 45.7190957, 85.1627634 45.7234335, 85.1605945 45.7239757, 85.1535455 45.7293981, 85.152461 45.7293981, 85.1513765 45.7310248, 85.1502921 45.7310248, 85.1492076 45.7326515, 85.1459542 45.7342782, 85.1443275 45.7364471, 85.1432431 45.7364471, 85.1399897 45.7397005, 85.1367363 45.7413272, 85.1356518 45.7429539, 85.1117936 45.7429539))"
20240619T050711_003329,51.27312951322811,43.07238393076057,94.69089433107901,"(42.8756759, 51.221129, 43.2378872, 51.3453003)",25.271260641795372,13.814515865938441,2024-06-19T05:07:11Z,2024-06-19T05:07:11Z,11281.0,1300.0,"POLYGON ((42.8778448 51.3453003, 42.8756759 51.3431314, 42.8762181 51.337709, 42.878387 51.3349979, 42.8816404 51.3333712, 42.8848938 51.3295755, 42.8903161 51.3279488, 42.9022453 51.3219843, 42.9141744 51.3187309, 42.9168855 51.316562, 42.9190545 51.3160197, 42.9195967 51.3149353, 42.927188 51.3127663, 42.9293569 51.3105974, 42.9353214 51.307344, 42.9402015 51.3024639, 42.9429127 51.3013795, 42.9434549 51.300295, 42.9510462 51.2959571, 42.9532151 51.2937882, 42.9553841 51.293246, 42.9608064 51.2889081, 42.9629753 51.2883659, 42.9651442 51.2861969, 42.9689399 51.2851125, 42.9711088 51.2834858, 42.9727355 51.2834858, 42.9749044 51.2818591, 42.9765311 51.2818591, 42.9857491 51.276979, 43.002016 51.2758945, 43.011234 51.2710144, 43.027501 51.2672188, 43.0432257 51.2672188, 43.0529859 51.2617965, 43.0692529 51.2585431, 43.0735907 51.2563742, 43.0768441 51.2558319, 43.0779286 51.2547475, 43.0833509 51.2531208, 43.0860621 51.2504096, 43.0920266 51.2471562, 43.0931111 51.2455295, 43.0941956 51.2455295, 43.1088359 51.2292625, 43.127814 51.2270936, 43.1397431 51.2238402, 43.1560101 51.221129, 43.2378872 51.2260091, 43.237345 51.2336004, 43.228127 51.2428183, 43.2270425 51.2428183, 43.2254158 51.2449873, 43.2216202 51.2471562, 43.2145712 51.253663, 43.1917974 51.2574586, 43.1766149 51.2617965, 43.1630591 51.2634232, 43.1614324 51.2645076, 43.1592635 51.2645076, 43.1560101 51.2661343, 43.1489611 51.267761, 43.1364897 51.2737256, 43.1175116 51.2786057, 43.1001601 51.2872814, 43.0931111 51.2889081, 43.0898577 51.2905348, 43.0876888 51.2905348, 43.0860621 51.2916193, 43.0838932 51.2916193, 43.0806398 51.293246, 43.0784708 51.293246, 43.0752174 51.2948727, 43.0399723 51.3030061, 43.0231631 51.3051751, 43.0079806 51.3105974, 42.9927981 51.3122241, 42.9911714 51.3133086, 42.9890025 51.3133086, 42.9873758 51.314393, 42.9765311 51.3171042, 42.9754467 51.3181887, 42.97382 51.3181887, 42.9656865 51.3219843, 42.9526729 51.323611, 42.948335 51.3252377, 42.9456239 51.3252377, 42.9304414 51.3290333, 42.9261035 51.3312022, 42.9255613 51.3322867, 42.9206812 51.3339134, 42.9065831 51.3366246, 42.8989919 51.339878, 42.8924851 51.3409624, 42.8881472 51.3436736, 42.8832671 51.3453003, 42.8778448 51.3453003))"
20240619T050711_003330,51.3623554214936,43.37074437460025,105.45646618604827,"(43.1370319, 51.2894503, 43.5252704, 51.4396487)",27.039289912521202,16.710360259598666,2024-06-19T05:07:11Z,2024-06-19T05:07:11Z,11357.0,1522.0,"POLYGON ((43.1451654 51.4396487, 43.1375742 51.4385643, 43.1370319 51.4358531, 43.1402853 51.4325997, 43.1446232 51.4315153, 43.1630591 51.4217551, 43.167397 51.4179594, 43.1701081 51.416875, 43.1711926 51.4152483, 43.1966775 51.407657, 43.2069799 51.407657, 43.2124023 51.4049459, 43.2189091 51.3978968, 43.237345 51.3930167, 43.2411406 51.3908478, 43.2574076 51.3859677, 43.2655411 51.3821721, 43.2823503 51.3783765, 43.2986172 51.3729541, 43.305124 51.3669896, 43.3062085 51.3669896, 43.3083774 51.3642784, 43.3121731 51.3626517, 43.3170531 51.3588561, 43.32844 51.3566872, 43.335489 51.3534338, 43.3387424 51.3528915, 43.3398269 51.3518071, 43.3414536 51.3518071, 43.3425381 51.3507226, 43.3441648 51.3507226, 43.3452492 51.3496381, 43.3468759 51.3496381, 43.3522983 51.3453003, 43.3533827 51.3453003, 43.3544672 51.3436736, 43.3571783 51.3425891, 43.3598895 51.339878, 43.3880856 51.3328289, 43.4038103 51.3322867, 43.4151972 51.3284911, 43.4341754 51.3192731, 43.4564069 51.3133086, 43.4569491 51.3122241, 43.4618292 51.3100552, 43.4639982 51.3078862, 43.4661671 51.307344, 43.4667093 51.3062595, 43.4688782 51.3057173, 43.4710472 51.3035484, 43.4732161 51.3030061, 43.475385 51.3008372, 43.477554 51.300295, 43.4780962 51.2992105, 43.4856875 51.2948727, 43.50087 51.291077, 43.5252704 51.2894503, 43.5214748 51.3013795, 43.5214748 51.3035484, 43.5198481 51.3068018, 43.5198481 51.3089707, 43.5187636 51.3105974, 43.5187636 51.3127663, 43.5171369 51.3160197, 43.5171369 51.3181887, 43.5160525 51.3198154, 43.5160525 51.3219843, 43.514968 51.323611, 43.514968 51.3257799, 43.5122569 51.3328289, 43.5122569 51.3349979, 43.5106302 51.3382513, 43.5095457 51.3442158, 43.507919 51.3474692, 43.507919 51.3496381, 43.5068345 51.3523493, 43.5057501 51.3528915, 43.5035811 51.3528915, 43.5019544 51.353976, 43.4911098 51.3566872, 43.4596603 51.361025, 43.4314642 51.3664474, 43.4184506 51.3718697, 43.4027259 51.3745808, 43.38429 51.3794609, 43.3653118 51.3827143, 43.3636851 51.3837988, 43.351756 51.38651, 43.3463337 51.3886789, 43.3203065 51.3941012, 43.3094619 51.3978968, 43.2883148 51.4033192, 43.2736745 51.4092837, 43.2557809 51.4114527, 43.2509008 51.4136216, 43.2438518 51.4152483, 43.2346338 51.4201284, 43.2313804 51.4206706, 43.2254158 51.4233818, 43.21186 51.4250085, 43.1917974 51.4288041, 43.1739038 51.4336842, 43.1641436 51.4353109, 43.1570945 51.438022, 43.1451654 51.4396487))"
20240728T095246_003386,37.94678552552288,54.10211026465693,76.48953449059567,"(53.8911295, 37.9060673, 54.2300248, 37.9906555)",29.786851893641913,9.388909531560952,2024-07-28T09:51:47Z,2024-07-28T09:51:47Z,4897.0,347.0,"POLYGON ((54.2143001 37.9906555, 54.1400142 37.9787264, 54.1204939 37.9722196, 54.1172405 37.9700507, 54.1156138 37.9700507, 54.1112759 37.9673395, 54.1096492 37.9673395, 54.1053114 37.9646284, 54.1036847 37.9646284, 54.0993468 37.9619172, 54.0977201 37.9619172, 54.0933823 37.9592061, 54.0895866 37.9581216, 54.0852488 37.9456502, 54.069524 37.9369745, 54.0570527 37.9364323, 54.0472925 37.9337211, 54.0028294 37.9282988, 53.9822246 37.9239609, 53.9567397 37.9207076, 53.8954674 37.9158275, 53.8911295 37.9136585, 53.8911295 37.9104051, 53.8932985 37.907694, 53.9025164 37.9060673, 53.9220368 37.9060673, 53.9334237 37.9087784, 53.9616197 37.907694, 53.9914425 37.9109474, 54.0012027 37.9142008, 54.0055406 37.914743, 54.0071673 37.9158275, 54.0115051 37.9163697, 54.0131318 37.9174542, 54.0489192 37.9169119, 54.0619328 37.9179964, 54.0912133 37.9239609, 54.0933823 37.9250454, 54.0960934 37.9250454, 54.1053114 37.9299255, 54.1058536 37.93101, 54.109107 37.9320944, 54.1107337 37.9337211, 54.1725482 37.9445658, 54.193153 37.952157, 54.2099622 37.9554104, 54.2235181 37.9624595, 54.2251448 37.9624595, 54.2294826 37.9646284, 54.2300248 37.9678818, 54.2278559 37.9863177, 54.2197224 37.9890288, 54.2175535 37.9890288, 54.2143001 37.9906555))"
20240823T173814_003469,19.736198646572234,-92.5131358594861,457.8502897408048,"(-92.8364482, 19.5563766, -92.1863114, 19.907201)",68.14936952695562,38.8365985909809,2024-08-23T17:38:14Z,2024-08-23T17:38:14Z,11672.0,805.0,"POLYGON ((-92.8098788 19.907201, -92.819639 19.9023209, -92.8201813 19.9012364, -92.8310259 19.8963563, -92.8321104 19.8947296, -92.8364482 19.8795471, -92.8304837 19.8670758, -92.8304837 19.8654491, -92.828857 19.8638224, -92.8239769 19.8616535, -92.821808 19.8594845, -92.8169279 19.8573156, -92.8147589 19.8551467, -92.8098788 19.8529777, -92.8077099 19.8508088, -92.8028298 19.8486399, -92.8022876 19.8475554, -92.7957808 19.844302, -92.7909007 19.8405064, -92.7887318 19.8399642, -92.7881895 19.8388797, -92.7637891 19.8339996, -92.7616201 19.8329151, -92.7561978 19.8323729, -92.7491488 19.830204, -92.7437265 19.8296617, -92.7366774 19.8274928, -92.7312551 19.8269506, -92.7242061 19.8247817, -92.7187838 19.8242394, -92.7057702 19.8199016, -92.69601 19.8177326, -92.6943833 19.8166482, -92.6884188 19.8155637, -92.6851654 19.813937, -92.6716095 19.8106836, -92.6683561 19.8090569, -92.6623916 19.8079724, -92.6558848 19.8058035, -92.6548003 19.804719, -92.6515469 19.8041768, -92.6504625 19.8030924, -92.6472091 19.8025501, -92.6461246 19.8014657, -92.6428712 19.8009234, -92.6417868 19.799839, -92.6369067 19.7987545, -92.6358222 19.79767, -92.6325688 19.7971278, -92.6314843 19.7960433, -92.6282309 19.7955011, -92.6271465 19.7944166, -92.6238931 19.7938744, -92.6228086 19.7927899, -92.6195552 19.7922477, -92.6184708 19.7911632, -92.6152174 19.790621, -92.6125062 19.7884521, -92.6103373 19.7879098, -92.609795 19.7868254, -92.6076261 19.7862831, -92.6070839 19.7851987, -92.6049149 19.7846564, -92.6043727 19.783572, -92.595697 19.7792341, -92.5951548 19.7781497, -92.5919014 19.7770652, -92.5913591 19.7759807, -92.5837679 19.7721851, -92.5805145 19.7694739, -92.57943 19.7667628, -92.5778033 19.7656783, -92.5734655 19.7580871, -92.5718388 19.7570026, -92.5707543 19.7542914, -92.5696698 19.7537492, -92.5685854 19.751038, -92.563163 19.743989, -92.5273757 19.7271798, -92.5051442 19.6984415, -92.4991796 19.6951881, -92.4980951 19.6935614, -92.4970107 19.6935614, -92.4964684 19.6924769, -92.495384 19.6924769, -92.488335 19.6870546, -92.4872505 19.6870546, -92.4867083 19.6859701, -92.4823704 19.6838012, -92.4812859 19.6821745, -92.4769481 19.6800056, -92.469899 19.6745832, -92.4688146 19.6745832, -92.4666456 19.6724143, -92.4655612 19.6724143, -92.4644767 19.6707876, -92.4633923 19.6707876, -92.4579699 19.6664498, -92.4189292 19.6528939, -92.4178447 19.6512672, -92.4167603 19.6512672, -92.4156758 19.6496405, -92.4145913 19.6496405, -92.4135069 19.6480138, -92.4124224 19.6480138, -92.4113379 19.6463872, -92.4102535 19.6463872, -92.409169 19.6447605, -92.4059156 19.6431338, -92.4042889 19.6409648, -92.4010355 19.6393381, -92.399951 19.6377114, -92.3988666 19.6377114, -92.3977821 19.6360847, -92.3966977 19.6360847, -92.3956132 19.634458, -92.3945287 19.634458, -92.3934443 19.6328313, -92.3923598 19.6328313, -92.3907331 19.6312046, -92.3896486 19.6257823, -92.3918176 19.6035508, -92.3874797 19.6013819, -92.3869375 19.6002974, -92.3836841 19.5992129, -92.3831418 19.5981285, -92.3809729 19.5975862, -92.3804307 19.5965018, -92.3771773 19.5954173, -92.3766351 19.5943328, -92.3744661 19.5937906, -92.3739239 19.5927061, -92.3706705 19.5916217, -92.3674171 19.5889105, -92.3641637 19.587826, -92.3609103 19.5851149, -92.3576569 19.5840304, -92.3544035 19.5813192, -92.3332564 19.5775236, -92.3093982 19.5758969, -92.2730686 19.5634256, -92.2448725 19.5607144, -92.2313167 19.5569188, -92.2264366 19.5563766, -92.222641 19.557461, -92.2204721 19.5596299, -92.2210143 19.5634256, -92.2264366 19.5683057, -92.2275211 19.5683057, -92.2280633 19.5693901, -92.2291478 19.5693901, -92.22969 19.5704746, -92.2307745 19.5704746, -92.2313167 19.5715591, -92.2324012 19.5715591, -92.2329434 19.5726435, -92.2340279 19.5726435, -92.2345701 19.573728, -92.2356546 19.573728, -92.2361968 19.5748125, -92.2372813 19.5748125, -92.2378235 19.5758969, -92.2399925 19.5764392, -92.2443303 19.5796926, -92.2475837 19.5856571, -92.2454148 19.5883683, -92.2383658 19.5883683, -92.2199299 19.5856571, -92.2150498 19.5856571, -92.199325 19.5824037, -92.1911915 19.5834882, -92.1873959 19.5851149, -92.1863114 19.589995, -92.1895648 19.5932484, -92.1911915 19.5948751, -92.192276 19.5948751, -92.1949872 19.5981285, -92.1960716 19.5981285, -92.1987828 19.6013819, -92.2101697 19.6078886, -92.2117964 19.6078886, -92.2280633 19.6160221, -92.2568017 19.6252401, -92.2578861 19.6263245, -92.2708997 19.6301202, -92.2719842 19.6312046, -92.2866245 19.6355425, -92.2877089 19.636627, -92.3007225 19.6404226, -92.301807 19.6415071, -92.3115671 19.6447605, -92.3137361 19.6463872, -92.3234963 19.6496405, -92.3245807 19.650725, -92.355488 19.6594007, -92.3560302 19.6604852, -92.3609103 19.6626541, -92.3674171 19.6675342, -92.3722972 19.6697032, -92.3744661 19.6718721, -92.3766351 19.6724143, -92.3815151 19.6762099, -92.3880219 19.6794633, -92.3885642 19.6805478, -92.3907331 19.68109, -92.392902 19.683259, -92.3977821 19.6854279, -92.4080845 19.6957303, -92.409169 19.6957303, -92.4173025 19.704406, -92.418387 19.704406, -92.4270627 19.713624, -92.4303161 19.7152507, -92.4319428 19.7174196, -92.4351962 19.7190463, -92.4411607 19.7244686, -92.4422452 19.7244686, -92.4438719 19.7266376, -92.4449563 19.7266376, -92.4482097 19.729891, -92.4492942 19.729891, -92.4509209 19.7320599, -92.4541743 19.7336866, -92.455801 19.7358555, -92.4568855 19.7358555, -92.4601389 19.7391089, -92.4612233 19.7391089, -92.4671879 19.7445312, -92.4682723 19.7445312, -92.4747791 19.7504958, -92.4780325 19.7521225, -92.4807437 19.7553759, -92.4818282 19.7553759, -92.4845393 19.7586293, -92.4856238 19.7586293, -92.4921306 19.7651361, -92.493215 19.7651361, -92.4959262 19.7683895, -92.4970107 19.7683895, -92.5035175 19.7748963, -92.5046019 19.7748963, -92.5073131 19.7781497, -92.5083976 19.7781497, -92.5111087 19.781403, -92.5121932 19.781403, -92.5149043 19.7846564, -92.5159888 19.7846564, -92.5187 19.7879098, -92.5197844 19.7879098, -92.5224956 19.7911632, -92.5235801 19.7911632, -92.5300869 19.79767, -92.5338825 19.7992967, -92.5360514 19.8014657, -92.5382203 19.8020079, -92.5403893 19.8041768, -92.5425582 19.804719, -92.5447271 19.806888, -92.5468961 19.8074302, -92.5517762 19.8112258, -92.5539451 19.8117681, -92.5604519 19.8166482, -92.5626208 19.8171904, -92.563163 19.8182749, -92.5669587 19.8199016, -92.5691276 19.8220705, -92.5740077 19.8242394, -92.5805145 19.8291195, -92.5853946 19.8312884, -92.5919014 19.8361685, -92.5967815 19.8383375, -92.5973237 19.8394219, -92.6011193 19.8410486, -92.6032882 19.8432176, -92.6081683 19.8453865, -92.6103373 19.8475554, -92.6152174 19.8497243, -92.6173863 19.8518933, -92.6211819 19.85352, -92.6217242 19.8546044, -92.6266042 19.8567734, -92.633111 19.8616535, -92.6379911 19.8638224, -92.6385334 19.8649069, -92.6965522 19.8735826, -92.735593 19.8865962, -92.7377619 19.8865962, -92.7507755 19.890934, -92.758909 19.8925607, -92.7605357 19.8936452, -92.7627046 19.8936452, -92.7643313 19.8947296, -92.7665002 19.8947296, -92.7681269 19.8958141, -92.7702959 19.8958141, -92.7719226 19.8968986, -92.7740915 19.8968986, -92.7757182 19.897983, -92.7778871 19.897983, -92.7795138 19.8990675, -92.7816827 19.8990675, -92.7833094 19.900152, -92.7854784 19.900152, -92.7871051 19.9012364, -92.789274 19.9012364, -92.7909007 19.9023209, -92.7952386 19.9028631, -92.7968653 19.9039476, -92.8098788 19.907201))"
20240930T091145_003550,31.839575108982146,36.341562270699235,113.09984041083058,"(36.185611, 31.7669107, 36.4664875, 31.9339183)",26.583894506301306,18.518503356925248,2024-09-30T09:11:45Z,2024-09-30T09:11:45Z,4110.0,287.0,"POLYGON ((36.1872377 31.9339183, 36.1861533 31.9328338, 36.185611 31.9290382, 36.1861533 31.9274115, 36.1888644 31.9247003, 36.1915756 31.9241581, 36.1942868 31.9219892, 36.1964557 31.9214469, 36.1969979 31.9203625, 36.1980824 31.9203625, 36.1997091 31.9187358, 36.2002513 31.9165669, 36.2067581 31.9100601, 36.2143494 31.9089756, 36.2176028 31.9057222, 36.2241095 31.9035533, 36.2262785 31.9019266, 36.2306163 31.8883708, 36.2333275 31.8851174, 36.2403765 31.8834907, 36.2425455 31.8813217, 36.2436299 31.8813217, 36.2501367 31.8721038, 36.2512212 31.8721038, 36.255559 31.8683082, 36.2598969 31.8661392, 36.2636925 31.8618014, 36.2685726 31.8601747, 36.278875 31.8547523, 36.2815862 31.8542101, 36.2853818 31.8504145, 36.2853818 31.84933, 36.2994799 31.8363164, 36.2994799 31.835232, 36.3038177 31.8308941, 36.3065289 31.8298096, 36.3108667 31.826014, 36.3238803 31.8238451, 36.3336405 31.8200495, 36.3423162 31.8200495, 36.3455696 31.8157116, 36.3455696 31.8146271, 36.3466541 31.8140849, 36.3466541 31.8130004, 36.3477386 31.8124582, 36.3477386 31.8113737, 36.348823 31.8108315, 36.348823 31.809747, 36.3499075 31.8092048, 36.3499075 31.8081203, 36.350992 31.8075781, 36.350992 31.8064937, 36.3520764 31.8059514, 36.3520764 31.804867, 36.3531609 31.8043247, 36.3531609 31.8032403, 36.3547876 31.8016136, 36.3618366 31.7994446, 36.3629211 31.7983602, 36.3786458 31.7978179, 36.3856948 31.7967335, 36.3970817 31.7853466, 36.4019618 31.7761286, 36.4030463 31.7755864, 36.4035885 31.7734175, 36.4057574 31.7717908, 36.4084686 31.7717908, 36.4214822 31.7685374, 36.4529317 31.7669107, 36.4664875 31.7734175, 36.465403 31.7929378, 36.4561851 31.8108315, 36.4399181 31.818965, 36.4198555 31.8167961, 36.4057574 31.8233029, 36.3900327 31.8238451, 36.3873215 31.8270985, 36.3873215 31.828183, 36.3856948 31.8292674, 36.3856948 31.8303519, 36.3840681 31.8314363, 36.3840681 31.8325208, 36.374308 31.842281, 36.3569565 31.84933, 36.3499075 31.8574635, 36.3385206 31.8607169, 36.325507 31.8688504, 36.3092401 31.8715616, 36.3065289 31.8786106, 36.2973109 31.8845751, 36.2859241 31.8807795, 36.2761639 31.8883708, 36.2723682 31.8899975, 36.2685726 31.8932509, 36.2664037 31.8937931, 36.264777 31.895962, 36.2626081 31.9040955, 36.2609814 31.9057222, 36.2523056 31.9106023, 36.2474255 31.9160246, 36.2452566 31.9165669, 36.2430877 31.9187358, 36.2382076 31.9209047, 36.2376654 31.9219892, 36.2289896 31.9236159, 36.2284474 31.9247003, 36.225194 31.926327, 36.2121804 31.928496, 36.208927 31.9306649, 36.2035047 31.9312071, 36.1991668 31.9333761, 36.194829 31.9339183, 36.1915756 31.9322916, 36.1904911 31.9339183, 36.1872377 31.9339183))"
20241004T073609_003640,35.230825098651174,40.71140828843935,266.91815784963353,"(40.4350873, 35.1623707, 40.8840558, 35.3104002)",40.86726062821804,16.423119520837233,2024-10-04T07:36:09Z,2024-10-04T07:36:09Z,3479.0,295.0,"POLYGON ((40.4405096 35.3104002, 40.4361718 35.3071468, 40.4350873 35.3071468, 40.4350873 35.3060623, 40.4443053 35.3017245, 40.4524387 35.2941332, 40.4562344 35.2919643, 40.4611145 35.2870842, 40.4611145 35.2859997, 40.4654523 35.2816619, 40.4676212 35.2778662, 40.4708746 35.2751551, 40.5001552 35.2653949, 40.5175066 35.2621415, 40.5180489 35.261057, 40.522929 35.2588881, 40.5250979 35.2567192, 40.5272668 35.2561769, 40.5278091 35.2550925, 40.5321469 35.2529236, 40.5337736 35.2529236, 40.5413649 35.2485857, 40.5429916 35.2485857, 40.5554629 35.2420789, 40.5744411 35.2409944, 40.5950459 35.2312342, 40.5955881 35.2301498, 40.6042638 35.2263542, 40.6048061 35.2252697, 40.6134818 35.2214741, 40.614024 35.2203896, 40.6194464 35.2176784, 40.6210731 35.2176784, 40.6389667 35.2090027, 40.6405934 35.2090027, 40.6693317 35.1938202, 40.6709584 35.1938202, 40.6774652 35.1905668, 40.6845143 35.1883979, 40.6866832 35.1867712, 40.6883099 35.1867712, 40.6975278 35.1824333, 40.7262662 35.1742998, 40.7273506 35.1732154, 40.7289773 35.1732154, 40.7300618 35.1721309, 40.7316885 35.1721309, 40.732773 35.1710464, 40.7343996 35.1710464, 40.7425331 35.1672508, 40.7723559 35.1639974, 40.8038054 35.1623707, 40.8157345 35.1661663, 40.8222413 35.1672508, 40.823868 35.1683353, 40.8303748 35.1694197, 40.8320015 35.1705042, 40.8677888 35.1786377, 40.8710422 35.1813489, 40.8710422 35.1824333, 40.8748379 35.186229, 40.8764646 35.1894823, 40.8824291 35.1959891, 40.8840558 35.2084605, 40.8829714 35.2176784, 40.8818869 35.2198474, 40.8808024 35.2268964, 40.8759223 35.2366566, 40.8759223 35.2382833, 40.8737534 35.2415367, 40.8715845 35.2480435, 40.8661622 35.2523813, 40.8618243 35.2545502, 40.8607398 35.2561769, 40.856402 35.2583459, 40.8553175 35.2599726, 40.8493529 35.263226, 40.8482685 35.2648527, 40.8423039 35.2681061, 40.8412195 35.2697328, 40.8385083 35.2708172, 40.8292903 35.2794929, 40.8282059 35.2794929, 40.8260369 35.2822041, 40.8249525 35.2822041, 40.8227836 35.2849153, 40.8065166 35.2859997, 40.7907918 35.284373, 40.7897074 35.2827463, 40.7886229 35.2827463, 40.7875384 35.2811196, 40.7848273 35.2800352, 40.7804894 35.2762395, 40.7718137 35.2502124, 40.7604268 35.2350299, 40.7381953 35.2328609, 40.6980701 35.2409944, 40.6964434 35.2420789, 40.6942744 35.2420789, 40.6926477 35.2431634, 40.6904788 35.2431634, 40.6888521 35.2442478, 40.6780075 35.246959, 40.676923 35.2480435, 40.6720429 35.2491279, 40.6709584 35.2502124, 40.667705 35.2507546, 40.6666206 35.2518391, 40.6617405 35.2529236, 40.6574026 35.2550925, 40.639509 35.2572614, 40.6264954 35.2637682, 40.6156507 35.2664794, 40.614024 35.2675638, 40.6118551 35.2675638, 40.6102284 35.2686483, 40.6080595 35.2686483, 40.6048061 35.270275, 40.6026371 35.270275, 40.5782367 35.2784085, 40.5771522 35.2794929, 40.5755255 35.2794929, 40.5733566 35.2811196, 40.5690187 35.2822041, 40.5614275 35.2859997, 40.5598008 35.2859997, 40.5549207 35.2887109, 40.5386537 35.2941332, 40.5294358 35.2957599, 40.522929 35.2979288, 40.5023241 35.2984711, 40.490395 35.3022667, 40.4838882 35.3033512, 40.4822615 35.3044356, 40.4730436 35.3060623, 40.4665368 35.3082313, 40.4638256 35.3082313, 40.4616567 35.3093157, 40.4405096 35.3104002))"
