patch_name,parent_scene_id,region_acronym,has_methane,grid_location,split
20220810T064957_000485_ME_1_r00_c00.tif,20220810T064957_000485,ME,1,r00_c00,train
20220810T065021_000486_ME_1_r00_c00.tif,20220810T065021_000486,ME,1,r00_c00,train
20220810T065132_000487_ME_1_r00_c00.tif,20220810T065132_000487,ME,1,r00_c00,train
20220810T065132_000496_ME_1_r00_c00.tif,20220810T065132_000496,ME,1,r00_c00,train
20220811T042630_000490_ME_1_r00_c00.tif,20220811T042630_000490,ME,1,r00_c00,train
20220814T051412_000491_ME_1_r00_c00.tif,20220814T051412_000491,ME,1,r00_c00,train
20220815T042826_000492_ST_0_r00_c06.tif,20220815T042826_000492,ST,0,r00_c06,train
20220815T042826_000492_ST_1_r00_c01.tif,20220815T042826_000492,ST,1,r00_c01,train
20220815T042826_000492_ST_1_r00_c02.tif,20220815T042826_000492,ST,1,r00_c02,train
20220815T042826_000492_ST_1_r00_c03.tif,20220815T042826_000492,ST,1,r00_c03,train
20220815T042826_000492_ST_1_r00_c04.tif,20220815T042826_000492,ST,1,r00_c04,train
20220815T042826_000492_ST_1_r00_c05.tif,20220815T042826_000492,ST,1,r00_c05,train
20220815T042826_000492_ST_1_r01_c00.tif,20220815T042826_000492,ST,1,r01_c00,train
20220815T042826_000492_ST_1_r01_c01.tif,20220815T042826_000492,ST,1,r01_c01,train
20220815T042826_000492_ST_1_r01_c02.tif,20220815T042826_000492,ST,1,r01_c02,train
20220815T042826_000492_ST_1_r01_c03.tif,20220815T042826_000492,ST,1,r01_c03,train
20220815T042826_000492_ST_1_r01_c04.tif,20220815T042826_000492,ST,1,r01_c04,train
20220815T042826_000492_ST_1_r01_c05.tif,20220815T042826_000492,ST,1,r01_c05,train
20220815T042826_000492_ST_1_r01_c06.tif,20220815T042826_000492,ST,1,r01_c06,train
20220815T042826_000493_ST_1_r00_c00.tif,20220815T042826_000493,ST,1,r00_c00,train
20220815T042826_000493_ST_1_r00_c01.tif,20220815T042826_000493,ST,1,r00_c01,train
20220815T042826_000493_ST_1_r00_c02.tif,20220815T042826_000493,ST,1,r00_c02,train
20220815T042826_000493_ST_1_r00_c03.tif,20220815T042826_000493,ST,1,r00_c03,train
20220815T042826_000493_ST_1_r00_c04.tif,20220815T042826_000493,ST,1,r00_c04,train
20220815T042826_000493_ST_1_r01_c00.tif,20220815T042826_000493,ST,1,r01_c00,train
20220815T042826_000493_ST_1_r01_c01.tif,20220815T042826_000493,ST,1,r01_c01,train
20220815T042826_000493_ST_1_r01_c02.tif,20220815T042826_000493,ST,1,r01_c02,train
20220815T042826_000493_ST_1_r01_c03.tif,20220815T042826_000493,ST,1,r01_c03,train
20220815T042826_000493_ST_1_r01_c04.tif,20220815T042826_000493,ST,1,r01_c04,train
20220815T042838_000494_ST_1_r00_c00.tif,20220815T042838_000494,ST,1,r00_c00,train
20220815T074645_000495_ST_1_r00_c00.tif,20220815T074645_000495,ST,1,r00_c00,train
20220815T074645_000742_ST_1_r00_c00.tif,20220815T074645_000742,ST,1,r00_c00,train
20220815T140823_000497_ME_1_r00_c00.tif,20220815T140823_000497,ME,1,r00_c00,train
20220815T140823_000497_ME_1_r00_c01.tif,20220815T140823_000497,ME,1,r00_c01,train
20220815T140823_000497_ME_1_r01_c00.tif,20220815T140823_000497,ME,1,r01_c00,train
20220815T140823_000497_ME_1_r01_c01.tif,20220815T140823_000497,ME,1,r01_c01,train
20220816T034409_000741_ST_1_r00_c00.tif,20220816T034409_000741,ST,1,r00_c00,train
20220816T101035_000502_ST_1_r00_c00.tif,20220816T101035_000502,ST,1,r00_c00,train
20220816T101058_000500_ST_1_r00_c00.tif,20220816T101058_000500,ST,1,r00_c00,train
20220816T114505_000498_EU_1_r00_c00.tif,20220816T114505_000498,EU,1,r00_c00,train
20220817T043235_000743_ST_1_r00_c00.tif,20220817T043235_000743,ST,1,r00_c00,train
20220817T043235_000744_ST_1_r00_c00.tif,20220817T043235_000744,ST,1,r00_c00,train
20220817T092038_000503_ST_1_r00_c00.tif,20220817T092038_000503,ST,1,r00_c00,train
20220818T034231_000507_ST_1_r00_c00.tif,20220818T034231_000507,ST,1,r00_c00,train
20220818T070105_000508_CM_1_r00_c00.tif,20220818T070105_000508,CM,1,r00_c00,val
20220818T083506_000506_ST_1_r00_c00.tif,20220818T083506_000506,ST,1,r00_c00,train
20220818T114440_000505_ME_1_r00_c00.tif,20220818T114440_000505,ME,1,r00_c00,train
20220819T092231_000510_ST_1_r00_c00.tif,20220819T092231_000510,ST,1,r00_c00,train
20220819T123047_000511_ME_1_r00_c00.tif,20220819T123047_000511,ME,1,r00_c00,train
20220820T052804_000514_CM_1_r00_c00.tif,20220820T052804_000514,CM,1,r00_c00,val
20220820T083324_000512_ST_1_r00_c00.tif,20220820T083324_000512,ST,1,r00_c00,train
20220820T083324_000513_ST_0_r00_c00.tif,20220820T083324_000513,ST,0,r00_c00,train
20220820T083324_000513_ST_1_r01_c00.tif,20220820T083324_000513,ST,1,r01_c00,train
20220820T083324_000513_ST_1_r01_c01.tif,20220820T083324_000513,ST,1,r01_c01,train
20220820T083324_000513_ST_1_r02_c00.tif,20220820T083324_000513,ST,1,r02_c00,train
20220820T083324_000513_ST_1_r02_c01.tif,20220820T083324_000513,ST,1,r02_c01,train
20220820T083324_000513_ST_1_r02_c02.tif,20220820T083324_000513,ST,1,r02_c02,train
20220820T083324_000513_ST_1_r03_c00.tif,20220820T083324_000513,ST,1,r03_c00,train
20220820T083324_000513_ST_1_r03_c01.tif,20220820T083324_000513,ST,1,r03_c01,train
20220820T083324_000513_ST_1_r03_c02.tif,20220820T083324_000513,ST,1,r03_c02,train
20220820T100739_002712_EU_1_r00_c00.tif,20220820T100739_002712,EU,1,r00_c00,train
20220820T100937_002713_ME_1_r00_c00.tif,20220820T100937_002713,ME,1,r00_c00,train
20220820T101039_002715_ME_1_r00_c00.tif,20220820T101039_002715,ME,1,r00_c00,train
20220821T110023_002719_ME_1_r00_c00.tif,20220821T110023_002719,ME,1,r00_c00,train
20220821T110023_002720_ME_1_r00_c00.tif,20220821T110023_002720,ME,1,r00_c00,train
20220822T065713_000517_ST_1_r00_c00.tif,20220822T065713_000517,ST,1,r00_c00,train
20220822T100653_000516_ME_1_r00_c00.tif,20220822T100653_000516,ME,1,r00_c00,train
20220823T074504_000519_ST_1_r00_c00.tif,20220823T074504_000519,ST,1,r00_c00,train
20220823T074504_000519_ST_1_r00_c01.tif,20220823T074504_000519,ST,1,r00_c01,train
20220823T074504_000519_ST_1_r01_c00.tif,20220823T074504_000519,ST,1,r01_c00,train
20220823T074504_000519_ST_1_r01_c01.tif,20220823T074504_000519,ST,1,r01_c01,train
20220823T074504_000520_ST_1_r00_c00.tif,20220823T074504_000520,ST,1,r00_c00,train
20220823T074504_000522_ST_1_r00_c00.tif,20220823T074504_000522,ST,1,r00_c00,train
20220823T074504_000523_ST_1_r00_c00.tif,20220823T074504_000523,ST,1,r00_c00,train
20220826T065435_000528_ST_1_r00_c00.tif,20220826T065435_000528,ST,1,r00_c00,train
20220826T065435_000529_ST_1_r00_c00.tif,20220826T065435_000529,ST,1,r00_c00,train
20220826T065435_000530_ST_1_r00_c00.tif,20220826T065435_000530,ST,1,r00_c00,train
20220826T065435_000531_ST_1_r00_c00.tif,20220826T065435_000531,ST,1,r00_c00,train
20220826T082915_000527_ME_1_r00_c00.tif,20220826T082915_000527,ME,1,r00_c00,train
20220826T082915_000527_ME_1_r00_c01.tif,20220826T082915_000527,ME,1,r00_c01,train
20220826T082915_000527_ME_1_r01_c00.tif,20220826T082915_000527,ME,1,r01_c00,train
20220826T082915_000527_ME_1_r01_c01.tif,20220826T082915_000527,ME,1,r01_c01,train
20220826T174642_000524_AM_1_r00_c00.tif,20220826T174642_000524,AM,1,r00_c00,train
20220826T174642_000525_AM_1_r00_c00.tif,20220826T174642_000525,AM,1,r00_c00,train
20220827T060730_000533_ST_1_r00_c00.tif,20220827T060730_000533,ST,1,r00_c00,train
20220827T060753_000534_ST_1_r00_c00.tif,20220827T060753_000534,ST,1,r00_c00,train
20220827T060753_000535_ST_1_r00_c00.tif,20220827T060753_000535,ST,1,r00_c00,train
20220827T060753_000536_ST_1_r00_c00.tif,20220827T060753_000536,ST,1,r00_c00,train
20220827T060753_000537_ST_1_r00_c00.tif,20220827T060753_000537,ST,1,r00_c00,train
20220827T060753_000538_ST_0_r00_c02.tif,20220827T060753_000538,ST,0,r00_c02,train
20220827T060753_000538_ST_0_r00_c03.tif,20220827T060753_000538,ST,0,r00_c03,train
20220827T060753_000538_ST_1_r00_c00.tif,20220827T060753_000538,ST,1,r00_c00,train
20220827T060753_000538_ST_1_r00_c01.tif,20220827T060753_000538,ST,1,r00_c01,train
20220827T060753_000538_ST_1_r01_c00.tif,20220827T060753_000538,ST,1,r01_c00,train
20220827T060753_000538_ST_1_r01_c01.tif,20220827T060753_000538,ST,1,r01_c01,train
20220827T060753_000538_ST_1_r01_c02.tif,20220827T060753_000538,ST,1,r01_c02,train
20220827T060753_000538_ST_1_r01_c03.tif,20220827T060753_000538,ST,1,r01_c03,train
20220827T060753_000538_ST_1_r02_c00.tif,20220827T060753_000538,ST,1,r02_c00,train
20220827T060753_000538_ST_1_r02_c01.tif,20220827T060753_000538,ST,1,r02_c01,train
20220827T060753_000538_ST_1_r02_c02.tif,20220827T060753_000538,ST,1,r02_c02,train
20220827T060753_000538_ST_1_r02_c03.tif,20220827T060753_000538,ST,1,r02_c03,train
20220827T060753_000539_ST_1_r00_c00.tif,20220827T060753_000539,ST,1,r00_c00,train
20220827T060753_000540_ST_1_r00_c00.tif,20220827T060753_000540,ST,1,r00_c00,train
20220827T060753_000541_ST_1_r00_c00.tif,20220827T060753_000541,ST,1,r00_c00,train
20220827T074030_000542_EU_1_r00_c00.tif,20220827T074030_000542,EU,1,r00_c00,train
20220827T104927_000526_ME_1_r00_c00.tif,20220827T104927_000526,ME,1,r00_c00,train
20220828T051853_000915_ST_1_r00_c00.tif,20220828T051853_000915,ST,1,r00_c00,train
20220828T051853_000915_ST_1_r00_c01.tif,20220828T051853_000915,ST,1,r00_c01,train
20220828T051853_000915_ST_1_r01_c01.tif,20220828T051853_000915,ST,1,r01_c01,train
20220828T051905_000916_ST_1_r00_c00.tif,20220828T051905_000916,ST,1,r00_c00,train
20220828T051905_000916_ST_1_r00_c01.tif,20220828T051905_000916,ST,1,r00_c01,train
20220828T051905_000916_ST_1_r01_c00.tif,20220828T051905_000916,ST,1,r01_c00,train
20220828T051905_000916_ST_1_r01_c01.tif,20220828T051905_000916,ST,1,r01_c01,train
20220828T051905_000917_ST_1_r00_c00.tif,20220828T051905_000917,ST,1,r00_c00,train
20220828T051917_000918_ST_1_r00_c00.tif,20220828T051917_000918,ST,1,r00_c00,train
20220828T051929_000919_ST_1_r00_c00.tif,20220828T051929_000919,ST,1,r00_c00,train
20220828T051929_000920_ST_1_r00_c00.tif,20220828T051929_000920,ST,1,r00_c00,train
20220828T051941_000921_ST_0_r00_c00.tif,20220828T051941_000921,ST,0,r00_c00,train
20220828T051941_000921_ST_0_r00_c01.tif,20220828T051941_000921,ST,0,r00_c01,train
20220828T051941_000921_ST_0_r01_c00.tif,20220828T051941_000921,ST,0,r01_c00,train
20220828T051941_000921_ST_0_r03_c02.tif,20220828T051941_000921,ST,0,r03_c02,train
20220828T051941_000921_ST_0_r04_c02.tif,20220828T051941_000921,ST,0,r04_c02,train
20220828T051941_000921_ST_1_r00_c02.tif,20220828T051941_000921,ST,1,r00_c02,train
20220828T051941_000921_ST_1_r01_c01.tif,20220828T051941_000921,ST,1,r01_c01,train
20220828T051941_000921_ST_1_r01_c02.tif,20220828T051941_000921,ST,1,r01_c02,train
20220828T051941_000921_ST_1_r02_c00.tif,20220828T051941_000921,ST,1,r02_c00,train
20220828T051941_000921_ST_1_r02_c01.tif,20220828T051941_000921,ST,1,r02_c01,train
20220828T051941_000921_ST_1_r02_c02.tif,20220828T051941_000921,ST,1,r02_c02,train
20220828T051941_000921_ST_1_r03_c00.tif,20220828T051941_000921,ST,1,r03_c00,train
20220828T051941_000921_ST_1_r03_c01.tif,20220828T051941_000921,ST,1,r03_c01,train
20220828T051941_000921_ST_1_r04_c00.tif,20220828T051941_000921,ST,1,r04_c00,train
20220828T051941_000921_ST_1_r04_c01.tif,20220828T051941_000921,ST,1,r04_c01,train
20220828T051941_000922_ST_1_r00_c00.tif,20220828T051941_000922,ST,1,r00_c00,train
20220828T051941_000922_ST_1_r00_c01.tif,20220828T051941_000922,ST,1,r00_c01,train
20220828T051941_000922_ST_1_r01_c00.tif,20220828T051941_000922,ST,1,r01_c00,train
20220828T051941_000922_ST_1_r01_c01.tif,20220828T051941_000922,ST,1,r01_c01,train
20220828T065300_000925_EU_1_r00_c00.tif,20220828T065300_000925,EU,1,r00_c00,train
20220828T065324_000924_EU_1_r00_c00.tif,20220828T065324_000924,EU,1,r00_c00,train
20220828T065550_000923_ME_1_r00_c00.tif,20220828T065550_000923,ME,1,r00_c00,train
20220828T065626_002733_ME_1_r00_c00.tif,20220828T065626_002733,ME,1,r00_c00,train
20220828T082847_000926_ME_1_r00_c00.tif,20220828T082847_000926,ME,1,r00_c00,train
20220828T082847_000927_ME_1_r00_c00.tif,20220828T082847_000927,ME,1,r00_c00,train
20220828T082847_000928_ME_1_r00_c00.tif,20220828T082847_000928,ME,1,r00_c00,train
20220828T082847_000929_ME_1_r00_c00.tif,20220828T082847_000929,ME,1,r00_c00,train
20220828T082847_000930_ME_1_r00_c00.tif,20220828T082847_000930,ME,1,r00_c00,train
20220829T060627_000543_ME_1_r00_c00.tif,20220829T060627_000543,ME,1,r00_c00,train
20220829T060913_000544_AS_0_r00_c00.tif,20220829T060913_000544,AS,0,r00_c00,test
20220829T060913_000544_AS_0_r00_c01.tif,20220829T060913_000544,AS,0,r00_c01,test
20220829T060913_000544_AS_0_r00_c02.tif,20220829T060913_000544,AS,0,r00_c02,test
20220829T060913_000544_AS_0_r00_c03.tif,20220829T060913_000544,AS,0,r00_c03,test
20220829T060913_000544_AS_0_r01_c03.tif,20220829T060913_000544,AS,0,r01_c03,test
20220829T060913_000544_AS_0_r02_c03.tif,20220829T060913_000544,AS,0,r02_c03,test
20220829T060913_000544_AS_0_r03_c03.tif,20220829T060913_000544,AS,0,r03_c03,test
20220829T060913_000544_AS_1_r01_c01.tif,20220829T060913_000544,AS,1,r01_c01,test
20220829T060913_000544_AS_1_r01_c02.tif,20220829T060913_000544,AS,1,r01_c02,test
20220829T060913_000544_AS_1_r02_c02.tif,20220829T060913_000544,AS,1,r02_c02,test
20220829T060913_000545_AS_1_r00_c00.tif,20220829T060913_000545,AS,1,r00_c00,test
20220829T060913_000545_AS_1_r00_c01.tif,20220829T060913_000545,AS,1,r00_c01,test
20220829T060913_000545_AS_1_r01_c00.tif,20220829T060913_000545,AS,1,r01_c00,test
20220829T060913_000545_AS_1_r01_c01.tif,20220829T060913_000545,AS,1,r01_c01,test
20220829T165553_000740_AM_1_r00_c00.tif,20220829T165553_000740,AM,1,r00_c00,train
20220830T065244_000546_ME_1_r00_c00.tif,20220830T065244_000546,ME,1,r00_c00,train
20220830T065244_000546_ME_1_r00_c01.tif,20220830T065244_000546,ME,1,r00_c01,train
20220830T065244_000546_ME_1_r01_c00.tif,20220830T065244_000546,ME,1,r01_c00,train
20220830T065244_000546_ME_1_r01_c01.tif,20220830T065244_000546,ME,1,r01_c01,train
20220831T060702_000547_ME_1_r00_c00.tif,20220831T060702_000547,ME,1,r00_c00,train
20220831T060702_000548_ME_1_r00_c00.tif,20220831T060702_000548,ME,1,r00_c00,train
20220831T060702_000548_ME_1_r01_c00.tif,20220831T060702_000548,ME,1,r01_c00,train
20220831T060702_000548_ME_1_r01_c01.tif,20220831T060702_000548,ME,1,r01_c01,train
20220831T060738_002200_ME_1_r00_c00.tif,20220831T060738_002200,ME,1,r00_c00,train
20220901T034318_000554_ST_1_r00_c00.tif,20220901T034318_000554,ST,1,r00_c00,train
20220901T034318_000555_ST_1_r00_c00.tif,20220901T034318_000555,ST,1,r00_c00,train
20220901T034318_000556_ST_1_r00_c00.tif,20220901T034318_000556,ST,1,r00_c00,train
20220901T034318_000557_ST_1_r00_c00.tif,20220901T034318_000557,ST,1,r00_c00,train
20220901T034318_000558_ST_1_r00_c00.tif,20220901T034318_000558,ST,1,r00_c00,train
20220901T034318_000559_ST_1_r00_c00.tif,20220901T034318_000559,ST,1,r00_c00,train
20220901T034318_000560_ST_1_r00_c00.tif,20220901T034318_000560,ST,1,r00_c00,train
20220901T034318_000561_ST_1_r00_c00.tif,20220901T034318_000561,ST,1,r00_c00,train
20220901T034318_000562_ST_1_r01_c00.tif,20220901T034318_000562,ST,1,r01_c00,train
20220901T034318_000562_ST_1_r01_c01.tif,20220901T034318_000562,ST,1,r01_c01,train
20220901T034318_000563_ST_1_r00_c00.tif,20220901T034318_000563,ST,1,r00_c00,train
20220901T034318_000564_ST_1_r00_c00.tif,20220901T034318_000564,ST,1,r00_c00,train
20220901T034318_000565_ST_1_r00_c00.tif,20220901T034318_000565,ST,1,r00_c00,train
20220901T051709_000550_ME_1_r00_c00.tif,20220901T051709_000550,ME,1,r00_c00,train
20220901T051720_000551_ME_1_r00_c00.tif,20220901T051720_000551,ME,1,r00_c00,train
20220901T051920_000552_ME_1_r00_c00.tif,20220901T051920_000552,ME,1,r00_c00,train
20220901T082525_000549_ME_0_r00_c00.tif,20220901T082525_000549,ME,0,r00_c00,train
20220901T082525_000549_ME_0_r00_c02.tif,20220901T082525_000549,ME,0,r00_c02,train
20220901T082525_000549_ME_0_r01_c00.tif,20220901T082525_000549,ME,0,r01_c00,train
20220901T082525_000549_ME_0_r01_c03.tif,20220901T082525_000549,ME,0,r01_c03,train
20220901T082525_000549_ME_0_r02_c00.tif,20220901T082525_000549,ME,0,r02_c00,train
20220901T082525_000549_ME_0_r02_c03.tif,20220901T082525_000549,ME,0,r02_c03,train
20220901T082525_000549_ME_0_r03_c00.tif,20220901T082525_000549,ME,0,r03_c00,train
20220901T082525_000549_ME_0_r03_c01.tif,20220901T082525_000549,ME,0,r03_c01,train
20220901T082525_000549_ME_0_r03_c03.tif,20220901T082525_000549,ME,0,r03_c03,train
20220901T082525_000549_ME_1_r00_c01.tif,20220901T082525_000549,ME,1,r00_c01,train
20220901T082525_000549_ME_1_r01_c01.tif,20220901T082525_000549,ME,1,r01_c01,train
20220901T082525_000549_ME_1_r01_c02.tif,20220901T082525_000549,ME,1,r01_c02,train
20220901T082525_000549_ME_1_r02_c01.tif,20220901T082525_000549,ME,1,r02_c01,train
20220901T082525_000549_ME_1_r02_c02.tif,20220901T082525_000549,ME,1,r02_c02,train
20220901T082525_000549_ME_1_r03_c02.tif,20220901T082525_000549,ME,1,r03_c02,train
20220903T051924_000568_ME_0_r00_c01.tif,20220903T051924_000568,ME,0,r00_c01,train
20220903T051924_000568_ME_0_r00_c02.tif,20220903T051924_000568,ME,0,r00_c02,train
20220903T051924_000568_ME_0_r00_c03.tif,20220903T051924_000568,ME,0,r00_c03,train
20220903T051924_000568_ME_0_r01_c02.tif,20220903T051924_000568,ME,0,r01_c02,train
20220903T051924_000568_ME_0_r01_c03.tif,20220903T051924_000568,ME,0,r01_c03,train
20220903T051924_000568_ME_0_r03_c00.tif,20220903T051924_000568,ME,0,r03_c00,train
20220903T051924_000568_ME_1_r00_c00.tif,20220903T051924_000568,ME,1,r00_c00,train
20220903T051924_000568_ME_1_r01_c00.tif,20220903T051924_000568,ME,1,r01_c00,train
20220903T051924_000568_ME_1_r01_c01.tif,20220903T051924_000568,ME,1,r01_c01,train
20220903T051924_000568_ME_1_r02_c00.tif,20220903T051924_000568,ME,1,r02_c00,train
20220903T051924_000568_ME_1_r02_c01.tif,20220903T051924_000568,ME,1,r02_c01,train
20220903T051924_000568_ME_1_r02_c02.tif,20220903T051924_000568,ME,1,r02_c02,train
20220903T051924_000568_ME_1_r02_c03.tif,20220903T051924_000568,ME,1,r02_c03,train
20220903T051924_000568_ME_1_r03_c01.tif,20220903T051924_000568,ME,1,r03_c01,train
20220903T051924_000568_ME_1_r03_c02.tif,20220903T051924_000568,ME,1,r03_c02,train
20220903T051924_000568_ME_1_r03_c03.tif,20220903T051924_000568,ME,1,r03_c03,train
20220903T065056_002339_ME_1_r00_c00.tif,20220903T065056_002339,ME,1,r00_c00,train
20220903T065242_000567_ME_1_r00_c00.tif,20220903T065242_000567,ME,1,r00_c00,train
20220903T082537_000566_ME_1_r00_c00.tif,20220903T082537_000566,ME,1,r00_c00,train
20220909T070254_000569_SA_1_r00_c00.tif,20220909T070254_000569,SA,1,r00_c00,test
20220909T070306_000570_SA_1_r00_c00.tif,20220909T070306_000570,SA,1,r00_c00,test
20220909T070306_000571_SA_1_r00_c00.tif,20220909T070306_000571,SA,1,r00_c00,test
20220909T070306_000572_SA_1_r00_c00.tif,20220909T070306_000572,SA,1,r00_c00,test
20230107T143818_000574_SA_1_r00_c00.tif,20230107T143818_000574,SA,1,r00_c00,test
20230111T130107_000576_SA_1_r00_c00.tif,20230111T130107_000576,SA,1,r00_c00,test
20230111T130218_000575_SA_1_r00_c00.tif,20230111T130218_000575,SA,1,r00_c00,test
20230119T040223_000578_AU_1_r00_c00.tif,20230119T040223_000578,AU,1,r00_c00,val
20230119T040223_000579_AU_1_r00_c00.tif,20230119T040223_000579,AU,1,r00_c00,val
20230121T161834_000581_SA_1_r00_c00.tif,20230121T161834_000581,SA,1,r00_c00,test
20230122T153151_000582_SA_1_r00_c00.tif,20230122T153151_000582,SA,1,r00_c00,test
20230123T085311_000583_AS_1_r00_c00.tif,20230123T085311_000583,AS,1,r00_c00,test
20230125T004744_000584_AU_1_r00_c00.tif,20230125T004744_000584,AU,1,r00_c00,val
20230125T004744_000586_AU_1_r00_c00.tif,20230125T004744_000586,AU,1,r00_c00,val
20230126T062716_000587_AS_1_r00_c00.tif,20230126T062716_000587,AS,1,r00_c00,test
20230126T124335_000590_ME_1_r00_c00.tif,20230126T124335_000590,ME,1,r00_c00,train
20230127T162104_000591_SA_1_r00_c00.tif,20230127T162104_000591,SA,1,r00_c00,test
20230127T162104_000592_SA_1_r00_c00.tif,20230127T162104_000592,SA,1,r00_c00,test
20230128T124118_000593_ME_1_r00_c00.tif,20230128T124118_000593,ME,1,r00_c00,train
20230128T124118_000594_ME_1_r00_c00.tif,20230128T124118_000594,ME,1,r00_c00,train
20230128T124130_000595_ME_1_r00_c00.tif,20230128T124130_000595,ME,1,r00_c00,train
20230129T084611_000738_ME_1_r00_c00.tif,20230129T084611_000738,ME,1,r00_c00,train
20230129T130321_000596_SA_1_r00_c00.tif,20230129T130321_000596,SA,1,r00_c00,test
20230129T130333_000597_SA_1_r00_c00.tif,20230129T130333_000597,SA,1,r00_c00,test
20230130T093555_000598_ME_1_r00_c00.tif,20230130T093555_000598,ME,1,r00_c00,train
20230130T184923_000739_AM_1_r00_c00.tif,20230130T184923_000739,AM,1,r00_c00,train
20230131T053924_000600_AS_1_r00_c00.tif,20230131T053924_000600,AS,1,r00_c00,test
20230131T053936_000601_AS_0_r02_c03.tif,20230131T053936_000601,AS,0,r02_c03,test
20230131T053936_000601_AS_0_r02_c04.tif,20230131T053936_000601,AS,0,r02_c04,test
20230131T053936_000601_AS_0_r02_c05.tif,20230131T053936_000601,AS,0,r02_c05,test
20230131T053936_000601_AS_1_r00_c01.tif,20230131T053936_000601,AS,1,r00_c01,test
20230131T053936_000601_AS_1_r00_c02.tif,20230131T053936_000601,AS,1,r00_c02,test
20230131T053936_000601_AS_1_r00_c03.tif,20230131T053936_000601,AS,1,r00_c03,test
20230131T053936_000601_AS_1_r00_c04.tif,20230131T053936_000601,AS,1,r00_c04,test
20230131T053936_000601_AS_1_r00_c05.tif,20230131T053936_000601,AS,1,r00_c05,test
20230131T053936_000601_AS_1_r01_c00.tif,20230131T053936_000601,AS,1,r01_c00,test
20230131T053936_000601_AS_1_r01_c01.tif,20230131T053936_000601,AS,1,r01_c01,test
20230131T053936_000601_AS_1_r01_c02.tif,20230131T053936_000601,AS,1,r01_c02,test
20230131T053936_000601_AS_1_r01_c03.tif,20230131T053936_000601,AS,1,r01_c03,test
20230131T053936_000601_AS_1_r01_c04.tif,20230131T053936_000601,AS,1,r01_c04,test
20230131T053936_000601_AS_1_r01_c05.tif,20230131T053936_000601,AS,1,r01_c05,test
20230131T053936_000601_AS_1_r02_c00.tif,20230131T053936_000601,AS,1,r02_c00,test
20230131T053936_000601_AS_1_r02_c01.tif,20230131T053936_000601,AS,1,r02_c01,test
20230131T053936_000601_AS_1_r02_c02.tif,20230131T053936_000601,AS,1,r02_c02,test
20230131T054317_000602_CM_1_r00_c00.tif,20230131T054317_000602,CM,1,r00_c00,val
20230131T054340_000603_CM_1_r00_c00.tif,20230131T054340_000603,CM,1,r00_c00,val
20230131T054340_000604_CM_1_r00_c00.tif,20230131T054340_000604,CM,1,r00_c00,val
20230131T084913_000599_ST_1_r00_c00.tif,20230131T084913_000599,ST,1,r00_c00,train
20230201T075326_000605_ME_1_r00_c00.tif,20230201T075326_000605,ME,1,r00_c00,train
20230202T070803_000606_ME_1_r00_c00.tif,20230202T070803_000606,ME,1,r00_c00,train
20230202T070803_000610_ME_1_r00_c00.tif,20230202T070803_000610,ME,1,r00_c00,train
20230202T193821_000611_AM_1_r00_c00.tif,20230202T193821_000611,AM,1,r00_c00,train
20230203T062256_000614_AS_1_r00_c00.tif,20230203T062256_000614,AS,1,r00_c00,test
20230203T062629_000615_CM_1_r00_c00.tif,20230203T062629_000615,CM,1,r00_c00,val
20230203T062629_000616_CM_1_r00_c00.tif,20230203T062629_000616,CM,1,r00_c00,val
20230203T171434_000613_AM_1_r00_c00.tif,20230203T171434_000613,AM,1,r00_c00,train
20230204T040649_000617_CM_1_r00_c00.tif,20230204T040649_000617,CM,1,r00_c00,val
20230204T041009_000618_CM_1_r00_c00.tif,20230204T041009_000618,CM,1,r00_c00,val
20230204T070701_000621_ME_0_r00_c00.tif,20230204T070701_000621,ME,0,r00_c00,train
20230204T070701_000621_ME_0_r00_c01.tif,20230204T070701_000621,ME,0,r00_c01,train
20230204T070701_000621_ME_0_r00_c02.tif,20230204T070701_000621,ME,0,r00_c02,train
20230204T070701_000621_ME_0_r00_c03.tif,20230204T070701_000621,ME,0,r00_c03,train
20230204T070701_000621_ME_0_r02_c03.tif,20230204T070701_000621,ME,0,r02_c03,train
20230204T070701_000621_ME_0_r03_c00.tif,20230204T070701_000621,ME,0,r03_c00,train
20230204T070701_000621_ME_0_r03_c01.tif,20230204T070701_000621,ME,0,r03_c01,train
20230204T070701_000621_ME_0_r03_c02.tif,20230204T070701_000621,ME,0,r03_c02,train
20230204T070701_000621_ME_0_r03_c03.tif,20230204T070701_000621,ME,0,r03_c03,train
20230204T070701_000621_ME_1_r01_c00.tif,20230204T070701_000621,ME,1,r01_c00,train
20230204T070701_000621_ME_1_r01_c01.tif,20230204T070701_000621,ME,1,r01_c01,train
20230204T070701_000621_ME_1_r01_c02.tif,20230204T070701_000621,ME,1,r01_c02,train
20230204T070701_000621_ME_1_r01_c03.tif,20230204T070701_000621,ME,1,r01_c03,train
20230204T070701_000621_ME_1_r02_c00.tif,20230204T070701_000621,ME,1,r02_c00,train
20230204T070701_000621_ME_1_r02_c01.tif,20230204T070701_000621,ME,1,r02_c01,train
20230204T070701_000621_ME_1_r02_c02.tif,20230204T070701_000621,ME,1,r02_c02,train
20230204T071117_000622_ST_1_r00_c00.tif,20230204T071117_000622,ST,1,r00_c00,train
20230204T071144_000623_ST_1_r00_c00.tif,20230204T071144_000623,ST,1,r00_c00,train
20230204T084139_000619_ME_1_r00_c00.tif,20230204T084139_000619,ME,1,r00_c00,train
20230204T084203_000620_ME_1_r00_c00.tif,20230204T084203_000620,ME,1,r00_c00,train
20230205T171244_000624_AM_1_r00_c00.tif,20230205T171244_000624,AM,1,r00_c00,train
20230205T171255_000625_AM_1_r00_c00.tif,20230205T171255_000625,AM,1,r00_c00,train
20230205T171255_000626_AM_1_r00_c00.tif,20230205T171255_000626,AM,1,r00_c00,train
20230205T171255_000627_AM_1_r00_c00.tif,20230205T171255_000627,AM,1,r00_c00,train
20230205T171255_000628_AM_1_r00_c00.tif,20230205T171255_000628,AM,1,r00_c00,train
20230205T171255_000629_AM_1_r00_c00.tif,20230205T171255_000629,AM,1,r00_c00,train
20230205T171255_000630_AM_1_r00_c00.tif,20230205T171255_000630,AM,1,r00_c00,train
20230205T171255_000630_AM_1_r00_c01.tif,20230205T171255_000630,AM,1,r00_c01,train
20230205T171255_000630_AM_1_r01_c00.tif,20230205T171255_000630,AM,1,r01_c00,train
20230205T171255_000630_AM_1_r01_c01.tif,20230205T171255_000630,AM,1,r01_c01,train
20230205T171255_000631_AM_1_r00_c00.tif,20230205T171255_000631,AM,1,r00_c00,train
20230206T162514_000635_AM_1_r00_c00.tif,20230206T162514_000635,AM,1,r00_c00,train
20230214T072457_000640_CM_1_r00_c00.tif,20230214T072457_000640,CM,1,r00_c00,val
20230214T085715_000639_CM_1_r00_c00.tif,20230214T085715_000639,CM,1,r00_c00,val
20230214T103422_000637_AS_1_r00_c00.tif,20230214T103422_000637,AS,1,r00_c00,test
20230214T103422_000638_AS_1_r00_c00.tif,20230214T103422_000638,AS,1,r00_c00,test
20230214T103457_000636_AS_1_r00_c00.tif,20230214T103457_000636,AS,1,r00_c00,test
20230215T063626_000643_CM_1_r00_c00.tif,20230215T063626_000643,CM,1,r00_c00,val
20230215T111933_000641_ME_1_r00_c00.tif,20230215T111933_000641,ME,1,r00_c00,train
20230215T203354_000644_AM_1_r00_c00.tif,20230215T203354_000644,AM,1,r00_c00,train
20230216T133626_000658_ME_1_r00_c00.tif,20230216T133626_000658,ME,1,r00_c00,train
20230216T133626_000659_ME_1_r00_c00.tif,20230216T133626_000659,ME,1,r00_c00,train
20230216T133626_000660_ME_1_r00_c00.tif,20230216T133626_000660,ME,1,r00_c00,train
20230216T133626_000661_ME_1_r00_c00.tif,20230216T133626_000661,ME,1,r00_c00,train
20230216T133701_000662_ME_1_r00_c00.tif,20230216T133701_000662,ME,1,r00_c00,train
20230217T063221_000646_CM_1_r00_c00.tif,20230217T063221_000646,CM,1,r00_c00,val
20230217T111603_000653_ME_1_r00_c00.tif,20230217T111603_000653,ME,1,r00_c00,train
20230217T111603_000653_ME_1_r00_c01.tif,20230217T111603_000653,ME,1,r00_c01,train
20230217T111603_000653_ME_1_r01_c00.tif,20230217T111603_000653,ME,1,r01_c00,train
20230217T111603_000653_ME_1_r01_c01.tif,20230217T111603_000653,ME,1,r01_c01,train
20230217T203134_000647_AM_1_r00_c00.tif,20230217T203134_000647,AM,1,r00_c00,train
20230217T203432_000648_AM_1_r00_c00.tif,20230217T203432_000648,AM,1,r00_c00,train
20230218T085651_000656_AS_1_r00_c00.tif,20230218T085651_000656,AS,1,r00_c00,test
20230218T085651_000657_AS_1_r00_c00.tif,20230218T085651_000657,AS,1,r00_c00,test
20230218T085703_000655_AS_1_r00_c00.tif,20230218T085703_000655,AS,1,r00_c00,test
20230218T085739_000654_AS_1_r00_c00.tif,20230218T085739_000654,AS,1,r00_c00,test
20230218T085739_000654_AS_1_r00_c01.tif,20230218T085739_000654,AS,1,r00_c01,test
20230218T085739_000654_AS_1_r01_c00.tif,20230218T085739_000654,AS,1,r01_c00,test
20230218T085739_000654_AS_1_r01_c01.tif,20230218T085739_000654,AS,1,r01_c01,test
20230218T102723_000652_ME_1_r00_c00.tif,20230218T102723_000652,ME,1,r00_c00,train
20230218T120210_000649_ME_1_r00_c00.tif,20230218T120210_000649,ME,1,r00_c00,train
20230218T120210_000650_ME_1_r00_c00.tif,20230218T120210_000650,ME,1,r00_c00,train
20230218T120210_000651_ME_1_r00_c00.tif,20230218T120210_000651,ME,1,r00_c00,train
20230218T181054_000663_AM_1_r00_c00.tif,20230218T181054_000663,AM,1,r00_c00,train
20230219T063155_000686_CM_1_r00_c00.tif,20230219T063155_000686,CM,1,r00_c00,val
20230219T080503_000683_ST_0_r00_c00.tif,20230219T080503_000683,ST,0,r00_c00,train
20230219T080503_000683_ST_0_r00_c01.tif,20230219T080503_000683,ST,0,r00_c01,train
20230219T080503_000683_ST_0_r00_c02.tif,20230219T080503_000683,ST,0,r00_c02,train
20230219T080503_000683_ST_0_r01_c00.tif,20230219T080503_000683,ST,0,r01_c00,train
20230219T080503_000683_ST_0_r01_c03.tif,20230219T080503_000683,ST,0,r01_c03,train
20230219T080503_000683_ST_0_r02_c00.tif,20230219T080503_000683,ST,0,r02_c00,train
20230219T080503_000683_ST_0_r02_c03.tif,20230219T080503_000683,ST,0,r02_c03,train
20230219T080503_000683_ST_0_r03_c00.tif,20230219T080503_000683,ST,0,r03_c00,train
20230219T080503_000683_ST_0_r03_c01.tif,20230219T080503_000683,ST,0,r03_c01,train
20230219T080503_000683_ST_0_r03_c03.tif,20230219T080503_000683,ST,0,r03_c03,train
20230219T080503_000683_ST_1_r01_c01.tif,20230219T080503_000683,ST,1,r01_c01,train
20230219T080503_000683_ST_1_r01_c02.tif,20230219T080503_000683,ST,1,r01_c02,train
20230219T080503_000683_ST_1_r02_c01.tif,20230219T080503_000683,ST,1,r02_c01,train
20230219T080503_000683_ST_1_r02_c02.tif,20230219T080503_000683,ST,1,r02_c02,train
20230219T080503_000683_ST_1_r03_c02.tif,20230219T080503_000683,ST,1,r03_c02,train
20230219T080527_000681_ST_1_r00_c00.tif,20230219T080527_000681,ST,1,r00_c00,train
20230219T080527_000682_ST_1_r00_c00.tif,20230219T080527_000682,ST,1,r00_c00,train
20230219T080539_000678_ST_1_r00_c00.tif,20230219T080539_000678,ST,1,r00_c00,train
20230219T080539_000679_ST_1_r00_c00.tif,20230219T080539_000679,ST,1,r00_c00,train
20230219T080539_000680_ST_1_r00_c00.tif,20230219T080539_000680,ST,1,r00_c00,train
20230219T093908_000667_EU_1_r00_c00.tif,20230219T093908_000667,EU,1,r00_c00,train
20230219T093943_000668_ME_1_r00_c00.tif,20230219T093943_000668,ME,1,r00_c00,train
20230219T094118_000669_ME_1_r00_c00.tif,20230219T094118_000669,ME,1,r00_c00,train
20230219T094118_000670_ME_1_r00_c00.tif,20230219T094118_000670,ME,1,r00_c00,train
20230219T094118_000671_ME_1_r00_c00.tif,20230219T094118_000671,ME,1,r00_c00,train
20230219T094118_000672_ME_1_r00_c00.tif,20230219T094118_000672,ME,1,r00_c00,train
20230219T094118_000673_ME_1_r00_c00.tif,20230219T094118_000673,ME,1,r00_c00,train
20230219T094130_000674_ME_1_r00_c00.tif,20230219T094130_000674,ME,1,r00_c00,train
20230219T094130_000675_ME_1_r00_c00.tif,20230219T094130_000675,ME,1,r00_c00,train
20230219T094130_000677_ME_1_r00_c00.tif,20230219T094130_000677,ME,1,r00_c00,train
20230219T094130_000677_ME_1_r00_c01.tif,20230219T094130_000677,ME,1,r00_c01,train
20230219T094130_000677_ME_1_r01_c00.tif,20230219T094130_000677,ME,1,r01_c00,train
20230219T094130_000677_ME_1_r01_c01.tif,20230219T094130_000677,ME,1,r01_c01,train
20230219T190539_000664_SA_1_r00_c00.tif,20230219T190539_000664,SA,1,r00_c00,test
20230220T054540_000687_CM_1_r00_c00.tif,20230220T054540_000687,CM,1,r00_c00,val
20230220T054540_000688_CM_1_r00_c00.tif,20230220T054540_000688,CM,1,r00_c00,val
20230220T054540_000689_CM_1_r00_c00.tif,20230220T054540_000689,CM,1,r00_c00,val
20230220T071530_000685_ST_1_r00_c00.tif,20230220T071530_000685,ST,1,r00_c00,train
20230220T103220_000690_ME_1_r00_c00.tif,20230220T103220_000690,ME,1,r00_c00,train
20230220T103220_000691_ME_1_r00_c00.tif,20230220T103220_000691,ME,1,r00_c00,train
20230220T103220_000692_ME_1_r00_c00.tif,20230220T103220_000692,ME,1,r00_c00,train
20230220T103220_000693_ME_1_r00_c00.tif,20230220T103220_000693,ME,1,r00_c00,train
20230220T194324_000696_AM_1_r00_c00.tif,20230220T194324_000696,AM,1,r00_c00,train
20230220T194546_000695_AM_1_r00_c00.tif,20230220T194546_000695,AM,1,r00_c00,train
20230220T194723_000694_AM_1_r00_c00.tif,20230220T194723_000694,AM,1,r00_c00,train
20230221T045604_000716_CM_1_r00_c00.tif,20230221T045604_000716,CM,1,r00_c00,val
20230221T063001_000713_ST_1_r00_c00.tif,20230221T063001_000713,ST,1,r00_c00,train
20230221T093954_000697_ME_1_r00_c00.tif,20230221T093954_000697,ME,1,r00_c00,train
20230221T093954_000698_ME_1_r00_c00.tif,20230221T093954_000698,ME,1,r00_c00,train
20230222T085106_000699_EU_1_r00_c00.tif,20230222T085106_000699,EU,1,r00_c00,train
20230223T045645_000714_CM_1_r00_c00.tif,20230223T045645_000714,CM,1,r00_c00,val
20230223T045720_000715_CM_1_r00_c00.tif,20230223T045720_000715,CM,1,r00_c00,val
20230223T063022_000711_ST_1_r00_c00.tif,20230223T063022_000711,ST,1,r00_c00,train
20230223T063022_000711_ST_1_r00_c01.tif,20230223T063022_000711,ST,1,r00_c01,train
20230223T063022_000711_ST_1_r01_c00.tif,20230223T063022_000711,ST,1,r01_c00,train
20230223T063022_000711_ST_1_r01_c01.tif,20230223T063022_000711,ST,1,r01_c01,train
20230223T063022_000711_ST_1_r02_c00.tif,20230223T063022_000711,ST,1,r02_c00,train
20230223T063022_000711_ST_1_r02_c01.tif,20230223T063022_000711,ST,1,r02_c01,train
20230223T063022_000711_ST_1_r03_c00.tif,20230223T063022_000711,ST,1,r03_c00,train
20230223T063022_000711_ST_1_r03_c01.tif,20230223T063022_000711,ST,1,r03_c01,train
20230223T063022_000711_ST_1_r04_c00.tif,20230223T063022_000711,ST,1,r04_c00,train
20230223T063022_000711_ST_1_r04_c01.tif,20230223T063022_000711,ST,1,r04_c01,train
20230223T063022_000712_ST_1_r00_c00.tif,20230223T063022_000712,ST,1,r00_c00,train
20230223T063033_000710_ST_1_r00_c00.tif,20230223T063033_000710,ST,1,r00_c00,train
20230223T063033_000710_ST_1_r01_c00.tif,20230223T063033_000710,ST,1,r01_c00,train
20230223T063033_000710_ST_1_r01_c01.tif,20230223T063033_000710,ST,1,r01_c01,train
20230223T063033_000710_ST_1_r02_c00.tif,20230223T063033_000710,ST,1,r02_c00,train
20230223T063033_000710_ST_1_r02_c01.tif,20230223T063033_000710,ST,1,r02_c01,train
20230223T063033_000710_ST_1_r03_c00.tif,20230223T063033_000710,ST,1,r03_c00,train
20230223T063033_000710_ST_1_r03_c01.tif,20230223T063033_000710,ST,1,r03_c01,train
20230223T063033_000710_ST_1_r04_c00.tif,20230223T063033_000710,ST,1,r04_c00,train
20230223T063033_000710_ST_1_r04_c01.tif,20230223T063033_000710,ST,1,r04_c01,train
20230223T063057_000708_ST_1_r00_c00.tif,20230223T063057_000708,ST,1,r00_c00,train
20230223T063057_000709_ST_1_r00_c00.tif,20230223T063057_000709,ST,1,r00_c00,train
20230223T063057_000709_ST_1_r00_c01.tif,20230223T063057_000709,ST,1,r00_c01,train
20230223T063057_000709_ST_1_r01_c00.tif,20230223T063057_000709,ST,1,r01_c00,train
20230223T063057_000709_ST_1_r01_c01.tif,20230223T063057_000709,ST,1,r01_c01,train
20230223T063109_000704_ST_1_r00_c00.tif,20230223T063109_000704,ST,1,r00_c00,train
20230223T063109_000704_ST_1_r00_c01.tif,20230223T063109_000704,ST,1,r00_c01,train
20230223T063109_000704_ST_1_r01_c00.tif,20230223T063109_000704,ST,1,r01_c00,train
20230223T063109_000704_ST_1_r01_c01.tif,20230223T063109_000704,ST,1,r01_c01,train
20230223T063109_000705_ST_1_r00_c00.tif,20230223T063109_000705,ST,1,r00_c00,train
20230223T063109_000706_ST_0_r00_c00.tif,20230223T063109_000706,ST,0,r00_c00,train
20230223T063109_000706_ST_0_r03_c03.tif,20230223T063109_000706,ST,0,r03_c03,train
20230223T063109_000706_ST_1_r00_c01.tif,20230223T063109_000706,ST,1,r00_c01,train
20230223T063109_000706_ST_1_r00_c02.tif,20230223T063109_000706,ST,1,r00_c02,train
20230223T063109_000706_ST_1_r00_c03.tif,20230223T063109_000706,ST,1,r00_c03,train
20230223T063109_000706_ST_1_r01_c00.tif,20230223T063109_000706,ST,1,r01_c00,train
20230223T063109_000706_ST_1_r01_c01.tif,20230223T063109_000706,ST,1,r01_c01,train
20230223T063109_000706_ST_1_r01_c02.tif,20230223T063109_000706,ST,1,r01_c02,train
20230223T063109_000706_ST_1_r01_c03.tif,20230223T063109_000706,ST,1,r01_c03,train
20230223T063109_000706_ST_1_r02_c00.tif,20230223T063109_000706,ST,1,r02_c00,train
20230223T063109_000706_ST_1_r02_c01.tif,20230223T063109_000706,ST,1,r02_c01,train
20230223T063109_000706_ST_1_r02_c02.tif,20230223T063109_000706,ST,1,r02_c02,train
20230223T063109_000706_ST_1_r02_c03.tif,20230223T063109_000706,ST,1,r02_c03,train
20230223T063109_000706_ST_1_r03_c00.tif,20230223T063109_000706,ST,1,r03_c00,train
20230223T063109_000706_ST_1_r03_c01.tif,20230223T063109_000706,ST,1,r03_c01,train
20230223T063109_000706_ST_1_r03_c02.tif,20230223T063109_000706,ST,1,r03_c02,train
20230223T063109_000707_ST_0_r00_c00.tif,20230223T063109_000707,ST,0,r00_c00,train
20230223T063109_000707_ST_0_r00_c03.tif,20230223T063109_000707,ST,0,r00_c03,train
20230223T063109_000707_ST_0_r01_c00.tif,20230223T063109_000707,ST,0,r01_c00,train
20230223T063109_000707_ST_0_r02_c00.tif,20230223T063109_000707,ST,0,r02_c00,train
20230223T063109_000707_ST_0_r02_c03.tif,20230223T063109_000707,ST,0,r02_c03,train
20230223T063109_000707_ST_0_r03_c00.tif,20230223T063109_000707,ST,0,r03_c00,train
20230223T063109_000707_ST_0_r03_c03.tif,20230223T063109_000707,ST,0,r03_c03,train
20230223T063109_000707_ST_1_r00_c01.tif,20230223T063109_000707,ST,1,r00_c01,train
20230223T063109_000707_ST_1_r00_c02.tif,20230223T063109_000707,ST,1,r00_c02,train
20230223T063109_000707_ST_1_r01_c01.tif,20230223T063109_000707,ST,1,r01_c01,train
20230223T063109_000707_ST_1_r01_c02.tif,20230223T063109_000707,ST,1,r01_c02,train
20230223T063109_000707_ST_1_r01_c03.tif,20230223T063109_000707,ST,1,r01_c03,train
20230223T063109_000707_ST_1_r02_c01.tif,20230223T063109_000707,ST,1,r02_c01,train
20230223T063109_000707_ST_1_r02_c02.tif,20230223T063109_000707,ST,1,r02_c02,train
20230223T063109_000707_ST_1_r03_c01.tif,20230223T063109_000707,ST,1,r03_c01,train
20230223T063109_000707_ST_1_r03_c02.tif,20230223T063109_000707,ST,1,r03_c02,train
20230223T080447_000700_EU_1_r00_c00.tif,20230223T080447_000700,EU,1,r00_c00,train
20230223T080459_000701_EU_1_r00_c00.tif,20230223T080459_000701,EU,1,r00_c00,train
20230224T041158_000717_CM_1_r00_c00.tif,20230224T041158_000717,CM,1,r00_c00,val
20230224T041158_000718_CM_1_r00_c00.tif,20230224T041158_000718,CM,1,r00_c00,val
20230224T041158_000719_CM_1_r00_c00.tif,20230224T041158_000719,CM,1,r00_c00,val
20230224T041158_000720_CM_1_r00_c00.tif,20230224T041158_000720,CM,1,r00_c00,val
20230224T085831_000733_ME_1_r00_c00.tif,20230224T085831_000733,ME,1,r00_c00,train
20230224T085831_000734_ME_1_r00_c00.tif,20230224T085831_000734,ME,1,r00_c00,train
20230224T085831_000734_ME_1_r00_c01.tif,20230224T085831_000734,ME,1,r00_c01,train
20230224T085831_000734_ME_1_r01_c00.tif,20230224T085831_000734,ME,1,r01_c00,train
20230224T085831_000734_ME_1_r01_c01.tif,20230224T085831_000734,ME,1,r01_c01,train
20230224T085831_000735_ME_1_r00_c00.tif,20230224T085831_000735,ME,1,r00_c00,train
20230224T102219_000724_EU_1_r00_c00.tif,20230224T102219_000724,EU,1,r00_c00,train
20230224T181000_000731_AM_1_r00_c00.tif,20230224T181000_000731,AM,1,r00_c00,train
20230224T181000_000732_AM_1_r00_c00.tif,20230224T181000_000732,AM,1,r00_c00,train
20230224T181429_000726_AM_1_r00_c00.tif,20230224T181429_000726,AM,1,r00_c00,train
20230224T181429_000727_AM_1_r00_c00.tif,20230224T181429_000727,AM,1,r00_c00,train
20230224T181429_000727_AM_1_r00_c01.tif,20230224T181429_000727,AM,1,r00_c01,train
20230224T181429_000727_AM_1_r01_c00.tif,20230224T181429_000727,AM,1,r01_c00,train
20230224T181429_000727_AM_1_r01_c01.tif,20230224T181429_000727,AM,1,r01_c01,train
20230224T181429_000728_AM_1_r00_c00.tif,20230224T181429_000728,AM,1,r00_c00,train
20230224T181441_000725_AM_1_r00_c00.tif,20230224T181441_000725,AM,1,r00_c00,train
20230225T050619_000721_AS_1_r00_c00.tif,20230225T050619_000721,AS,1,r00_c00,test
20230225T050619_000722_AS_1_r00_c00.tif,20230225T050619_000722,AS,1,r00_c00,test
20230225T050619_000723_AS_1_r00_c00.tif,20230225T050619_000723,AS,1,r00_c00,test
20230225T080531_000747_ME_1_r00_c00.tif,20230225T080531_000747,ME,1,r00_c00,train
20230225T080543_000746_ME_1_r00_c00.tif,20230225T080543_000746,ME,1,r00_c00,train
20230225T080543_000746_ME_1_r00_c01.tif,20230225T080543_000746,ME,1,r00_c01,train
20230225T080543_000746_ME_1_r01_c01.tif,20230225T080543_000746,ME,1,r01_c01,train
20230226T041022_000749_CM_1_r00_c00.tif,20230226T041022_000749,CM,1,r00_c00,val
20230226T041022_000749_CM_1_r00_c01.tif,20230226T041022_000749,CM,1,r00_c01,val
20230226T041022_000749_CM_1_r01_c00.tif,20230226T041022_000749,CM,1,r01_c00,val
20230226T041022_000749_CM_1_r01_c01.tif,20230226T041022_000749,CM,1,r01_c01,val
20230226T041022_000750_CM_0_r03_c01.tif,20230226T041022_000750,CM,0,r03_c01,val
20230226T041022_000750_CM_1_r00_c00.tif,20230226T041022_000750,CM,1,r00_c00,val
20230226T041022_000750_CM_1_r00_c01.tif,20230226T041022_000750,CM,1,r00_c01,val
20230226T041022_000750_CM_1_r01_c00.tif,20230226T041022_000750,CM,1,r01_c00,val
20230226T041022_000750_CM_1_r01_c01.tif,20230226T041022_000750,CM,1,r01_c01,val
20230226T041022_000750_CM_1_r02_c00.tif,20230226T041022_000750,CM,1,r02_c00,val
20230226T041022_000750_CM_1_r02_c01.tif,20230226T041022_000750,CM,1,r02_c01,val
20230226T041022_000750_CM_1_r03_c00.tif,20230226T041022_000750,CM,1,r03_c00,val
20230226T054714_000748_AS_1_r00_c00.tif,20230226T054714_000748,AS,1,r00_c00,test
20230227T155714_000736_SA_1_r00_c00.tif,20230227T155714_000736,SA,1,r00_c00,test
20230227T155714_000737_SA_1_r00_c00.tif,20230227T155714_000737,SA,1,r00_c00,test
20230311T125954_000752_SA_1_r00_c00.tif,20230311T125954_000752,SA,1,r00_c00,test
20230318T045250_000849_AU_1_r00_c00.tif,20230318T045250_000849,AU,1,r00_c00,val
20230323T144805_002430_SA_1_r00_c00.tif,20230323T144805_002430,SA,1,r00_c00,test
20230324T094919_000757_AS_1_r00_c00.tif,20230324T094919_000757,AS,1,r00_c00,test
20230324T094943_000758_AS_1_r00_c00.tif,20230324T094943_000758,AS,1,r00_c00,test
20230325T121118_000767_ME_1_r00_c00.tif,20230325T121118_000767,ME,1,r00_c00,train
20230325T121118_000768_ME_1_r00_c00.tif,20230325T121118_000768,ME,1,r00_c00,train
20230325T134123_000763_ME_1_r00_c00.tif,20230325T134123_000763,ME,1,r00_c00,train
20230325T134123_000764_ME_1_r00_c00.tif,20230325T134123_000764,ME,1,r00_c00,train
20230325T134135_000765_ME_1_r00_c00.tif,20230325T134135_000765,ME,1,r00_c00,train
20230325T134147_000766_ME_1_r00_c00.tif,20230325T134147_000766,ME,1,r00_c00,train
20230325T151728_000761_EU_1_r00_c00.tif,20230325T151728_000761,EU,1,r00_c00,train
20230326T081920_002585_CM_1_r00_c00.tif,20230326T081920_002585,CM,1,r00_c00,val
20230326T081955_000771_CM_1_r00_c00.tif,20230326T081955_000771,CM,1,r00_c00,val
20230326T112521_000769_ST_1_r00_c00.tif,20230326T112521_000769,ST,1,r00_c00,train
20230326T142844_002586_ME_1_r00_c00.tif,20230326T142844_002586,ME,1,r00_c00,train
20230326T142844_002587_ME_1_r00_c00.tif,20230326T142844_002587,ME,1,r00_c00,train
20230326T142844_002588_ME_1_r00_c00.tif,20230326T142844_002588,ME,1,r00_c00,train
20230326T143019_000762_ME_1_r00_c00.tif,20230326T143019_000762,ME,1,r00_c00,train
20230327T073331_000772_CM_1_r00_c00.tif,20230327T073331_000772,CM,1,r00_c00,val
20230327T120858_002591_ME_1_r00_c00.tif,20230327T120858_002591,ME,1,r00_c00,train
20230327T120957_002592_ME_1_r00_c00.tif,20230327T120957_002592,ME,1,r00_c00,train
20230330T094934_000780_ST_1_r00_c00.tif,20230330T094934_000780,ST,1,r00_c00,train
20230330T095033_000781_ST_1_r00_c00.tif,20230330T095033_000781,ST,1,r00_c00,train
20230330T095033_000781_ST_1_r00_c01.tif,20230330T095033_000781,ST,1,r00_c01,train
20230330T095033_000781_ST_1_r01_c00.tif,20230330T095033_000781,ST,1,r01_c00,train
20230330T095033_000781_ST_1_r01_c01.tif,20230330T095033_000781,ST,1,r01_c01,train
20230330T095045_000782_ST_1_r00_c00.tif,20230330T095045_000782,ST,1,r00_c00,train
20230330T125250_000778_ME_1_r00_c00.tif,20230330T125250_000778,ME,1,r00_c00,train
20230330T125302_000775_ME_1_r00_c00.tif,20230330T125302_000775,ME,1,r00_c00,train
20230330T125302_000776_ME_1_r00_c00.tif,20230330T125302_000776,ME,1,r00_c00,train
20230330T125302_000777_ME_1_r00_c00.tif,20230330T125302_000777,ME,1,r00_c00,train
20230330T125302_000779_ME_1_r00_c00.tif,20230330T125302_000779,ME,1,r00_c00,train
20230331T072349_000784_AS_1_r00_c00.tif,20230331T072349_000784,AS,1,r00_c00,test
20230331T120633_002594_ME_1_r00_c00.tif,20230331T120633_002594,ME,1,r00_c00,train
20230331T194937_000848_AM_1_r00_c00.tif,20230331T194937_000848,AM,1,r00_c00,train
20230403T081031_000791_ME_1_r00_c00.tif,20230403T081031_000791,ME,1,r00_c00,train
20230403T081219_000792_ME_1_r00_c00.tif,20230403T081219_000792,ME,1,r00_c00,train
20230403T081219_000793_ME_1_r00_c00.tif,20230403T081219_000793,ME,1,r00_c00,train
20230403T081219_000793_ME_1_r00_c01.tif,20230403T081219_000793,ME,1,r00_c01,train
20230403T081219_000793_ME_1_r01_c00.tif,20230403T081219_000793,ME,1,r01_c00,train
20230403T081219_000793_ME_1_r01_c01.tif,20230403T081219_000793,ME,1,r01_c01,train
20230403T081457_000794_ST_1_r00_c00.tif,20230403T081457_000794,ST,1,r00_c00,train
20230403T094539_000790_ME_1_r00_c00.tif,20230403T094539_000790,ME,1,r00_c00,train
20230403T111837_000786_ME_1_r00_c00.tif,20230403T111837_000786,ME,1,r00_c00,train
20230403T111837_000787_ME_1_r00_c00.tif,20230403T111837_000787,ME,1,r00_c00,train
20230403T111837_000788_ME_1_r00_c00.tif,20230403T111837_000788,ME,1,r00_c00,train
20230403T111837_002609_ME_1_r00_c00.tif,20230403T111837_002609,ME,1,r00_c00,train
20230403T111837_002610_ME_1_r00_c00.tif,20230403T111837_002610,ME,1,r00_c00,train
20230403T111849_000785_ME_1_r00_c00.tif,20230403T111849_000785,ME,1,r00_c00,train
20230403T111849_002611_ME_1_r00_c00.tif,20230403T111849_002611,ME,1,r00_c00,train
20230404T085844_000795_ME_1_r00_c00.tif,20230404T085844_000795,ME,1,r00_c00,train
20230404T085908_000796_ME_0_r00_c00.tif,20230404T085908_000796,ME,0,r00_c00,train
20230404T085908_000796_ME_0_r00_c03.tif,20230404T085908_000796,ME,0,r00_c03,train
20230404T085908_000796_ME_0_r01_c00.tif,20230404T085908_000796,ME,0,r01_c00,train
20230404T085908_000796_ME_0_r01_c03.tif,20230404T085908_000796,ME,0,r01_c03,train
20230404T085908_000796_ME_0_r02_c00.tif,20230404T085908_000796,ME,0,r02_c00,train
20230404T085908_000796_ME_0_r02_c03.tif,20230404T085908_000796,ME,0,r02_c03,train
20230404T085908_000796_ME_0_r03_c00.tif,20230404T085908_000796,ME,0,r03_c00,train
20230404T085908_000796_ME_0_r03_c01.tif,20230404T085908_000796,ME,0,r03_c01,train
20230404T085908_000796_ME_0_r03_c03.tif,20230404T085908_000796,ME,0,r03_c03,train
20230404T085908_000796_ME_1_r00_c01.tif,20230404T085908_000796,ME,1,r00_c01,train
20230404T085908_000796_ME_1_r00_c02.tif,20230404T085908_000796,ME,1,r00_c02,train
20230404T085908_000796_ME_1_r01_c01.tif,20230404T085908_000796,ME,1,r01_c01,train
20230404T085908_000796_ME_1_r01_c02.tif,20230404T085908_000796,ME,1,r01_c02,train
20230404T085908_000796_ME_1_r02_c01.tif,20230404T085908_000796,ME,1,r02_c01,train
20230404T085908_000796_ME_1_r02_c02.tif,20230404T085908_000796,ME,1,r02_c02,train
20230404T085908_000796_ME_1_r03_c02.tif,20230404T085908_000796,ME,1,r03_c02,train
20230404T090019_000798_ME_1_r00_c00.tif,20230404T090019_000798,ME,1,r00_c00,train
20230404T090019_000799_ME_1_r00_c00.tif,20230404T090019_000799,ME,1,r00_c00,train
20230404T090019_000800_ME_1_r00_c00.tif,20230404T090019_000800,ME,1,r00_c00,train
20230404T090019_000801_ME_1_r00_c00.tif,20230404T090019_000801,ME,1,r00_c00,train
20230404T090031_000797_ME_1_r00_c00.tif,20230404T090031_000797,ME,1,r00_c00,train
20230404T090042_000802_EU_1_r00_c00.tif,20230404T090042_000802,EU,1,r00_c00,train
20230404T090042_000803_EU_1_r00_c00.tif,20230404T090042_000803,EU,1,r00_c00,train
20230405T063543_000804_ME_1_r00_c00.tif,20230405T063543_000804,ME,1,r00_c00,train
20230405T063543_000805_ME_1_r00_c00.tif,20230405T063543_000805,ME,1,r00_c00,train
20230405T063543_000806_ME_1_r00_c00.tif,20230405T063543_000806,ME,1,r00_c00,train
20230405T063543_000807_ME_1_r00_c00.tif,20230405T063543_000807,ME,1,r00_c00,train
20230405T081246_000808_ME_1_r00_c00.tif,20230405T081246_000808,ME,1,r00_c00,train
20230405T081246_000809_ME_1_r00_c00.tif,20230405T081246_000809,ME,1,r00_c00,train
20230413T095729_000818_ST_1_r00_c00.tif,20230413T095729_000818,ST,1,r00_c00,train
20230416T122203_000810_ME_1_r00_c00.tif,20230416T122203_000810,ME,1,r00_c00,train
20230416T213735_000851_AM_1_r00_c00.tif,20230416T213735_000851,AM,1,r00_c00,train
20230417T095836_000811_ST_1_r00_c00.tif,20230417T095836_000811,ST,1,r00_c00,train
20230417T095836_000812_ST_1_r00_c00.tif,20230417T095836_000812,ST,1,r00_c00,train
20230417T095836_000813_ST_1_r00_c00.tif,20230417T095836_000813,ST,1,r00_c00,train
20230417T095836_000814_ST_0_r00_c00.tif,20230417T095836_000814,ST,0,r00_c00,train
20230417T095836_000814_ST_0_r00_c01.tif,20230417T095836_000814,ST,0,r00_c01,train
20230417T095836_000814_ST_0_r00_c02.tif,20230417T095836_000814,ST,0,r00_c02,train
20230417T095836_000814_ST_0_r00_c03.tif,20230417T095836_000814,ST,0,r00_c03,train
20230417T095836_000814_ST_0_r01_c03.tif,20230417T095836_000814,ST,0,r01_c03,train
20230417T095836_000814_ST_0_r02_c03.tif,20230417T095836_000814,ST,0,r02_c03,train
20230417T095836_000814_ST_0_r03_c03.tif,20230417T095836_000814,ST,0,r03_c03,train
20230417T095836_000814_ST_1_r01_c00.tif,20230417T095836_000814,ST,1,r01_c00,train
20230417T095836_000814_ST_1_r01_c01.tif,20230417T095836_000814,ST,1,r01_c01,train
20230417T095836_000814_ST_1_r01_c02.tif,20230417T095836_000814,ST,1,r01_c02,train
20230417T095836_000814_ST_1_r02_c02.tif,20230417T095836_000814,ST,1,r02_c02,train
20230417T095836_000815_ST_1_r00_c00.tif,20230417T095836_000815,ST,1,r00_c00,train
20230417T095836_000816_ST_1_r00_c00.tif,20230417T095836_000816,ST,1,r00_c00,train
20230417T095848_000817_ST_1_r00_c00.tif,20230417T095848_000817,ST,1,r00_c00,train
20230418T060602_000822_CM_1_r00_c00.tif,20230418T060602_000822,CM,1,r00_c00,val
20230418T060625_000823_CM_1_r00_c00.tif,20230418T060625_000823,CM,1,r00_c00,val
20230418T060625_000824_CM_1_r00_c00.tif,20230418T060625_000824,CM,1,r00_c00,val
20230418T060625_000825_CM_1_r00_c00.tif,20230418T060625_000825,CM,1,r00_c00,val
20230418T060625_000826_CM_1_r00_c00.tif,20230418T060625_000826,CM,1,r00_c00,val
20230418T060625_002052_CM_1_r00_c00.tif,20230418T060625_002052,CM,1,r00_c00,val
20230418T060625_002056_CM_1_r00_c00.tif,20230418T060625_002056,CM,1,r00_c00,val
20230418T060625_002057_CM_1_r00_c00.tif,20230418T060625_002057,CM,1,r00_c00,val
20230418T090931_002044_ST_1_r00_c00.tif,20230418T090931_002044,ST,1,r00_c00,train
20230418T090931_002045_ST_1_r00_c00.tif,20230418T090931_002045,ST,1,r00_c00,train
20230418T091053_002046_ST_1_r00_c00.tif,20230418T091053_002046,ST,1,r00_c00,train
20230418T091117_002048_ST_1_r00_c00.tif,20230418T091117_002048,ST,1,r00_c00,train
20230418T091128_002047_ST_1_r00_c00.tif,20230418T091128_002047,ST,1,r00_c00,train
20230418T091152_000828_ST_1_r00_c00.tif,20230418T091152_000828,ST,1,r00_c00,train
20230418T091216_000827_ST_1_r00_c00.tif,20230418T091216_000827,ST,1,r00_c00,train
20230418T200118_000829_AM_1_r00_c00.tif,20230418T200118_000829,AM,1,r00_c00,train
20230419T082352_000832_ST_1_r00_c00.tif,20230419T082352_000832,ST,1,r00_c00,train
20230419T113335_002060_ME_1_r00_c00.tif,20230419T113335_002060,ME,1,r00_c00,train
20230419T130650_000830_ME_1_r00_c00.tif,20230419T130650_000830,ME,1,r00_c00,train
20230419T130650_000831_ME_1_r00_c00.tif,20230419T130650_000831,ME,1,r00_c00,train
20230420T060148_000837_CM_1_r00_c00.tif,20230420T060148_000837,CM,1,r00_c00,val
20230420T073554_002068_ST_1_r00_c00.tif,20230420T073554_002068,ST,1,r00_c00,train
20230420T104534_000833_ME_1_r00_c00.tif,20230420T104534_000833,ME,1,r00_c00,train
20230420T104534_000833_ME_1_r01_c00.tif,20230420T104534_000833,ME,1,r01_c00,train
20230420T104534_000833_ME_1_r01_c01.tif,20230420T104534_000833,ME,1,r01_c01,train
20230421T082329_000835_ST_1_r00_c00.tif,20230421T082329_000835,ST,1,r00_c00,train
20230421T082638_000836_AS_1_r00_c00.tif,20230421T082638_000836,AS,1,r00_c00,test
20230421T100017_000834_ME_1_r00_c00.tif,20230421T100017_000834,ME,1,r00_c00,train
20230421T191423_000850_AM_1_r00_c00.tif,20230421T191423_000850,AM,1,r00_c00,train
20230422T073437_000842_ST_1_r00_c00.tif,20230422T073437_000842,ST,1,r00_c00,train
20230422T091058_000839_ME_1_r00_c00.tif,20230422T091058_000839,ME,1,r00_c00,train
20230422T091058_000839_ME_1_r01_c00.tif,20230422T091058_000839,ME,1,r01_c00,train
20230422T091058_000839_ME_1_r01_c01.tif,20230422T091058_000839,ME,1,r01_c01,train
20230422T091110_000840_ME_1_r00_c00.tif,20230422T091110_000840,ME,1,r00_c00,train
20230423T051516_000844_CM_1_r00_c00.tif,20230423T051516_000844,CM,1,r00_c00,val
20230423T051516_000846_CM_1_r00_c00.tif,20230423T051516_000846,CM,1,r00_c00,val
20230423T051516_000847_CM_1_r00_c00.tif,20230423T051516_000847,CM,1,r00_c00,val
20230423T064421_000843_ST_1_r00_c00.tif,20230423T064421_000843,ST,1,r00_c00,train
20230423T082223_000841_ME_1_r00_c00.tif,20230423T082223_000841,ME,1,r00_c00,train
20230423T100136_000838_ME_1_r00_c00.tif,20230423T100136_000838,ME,1,r00_c00,train
20230423T100136_000838_ME_1_r00_c01.tif,20230423T100136_000838,ME,1,r00_c01,train
20230423T100136_000838_ME_1_r01_c00.tif,20230423T100136_000838,ME,1,r01_c00,train
20230423T100136_000838_ME_1_r01_c01.tif,20230423T100136_000838,ME,1,r01_c01,train
20230423T112619_000853_EU_1_r00_c00.tif,20230423T112619_000853,EU,1,r00_c00,train
20230423T112908_000854_ME_1_r00_c00.tif,20230423T112908_000854,ME,1,r00_c00,train
20230423T191232_000852_AM_1_r00_c00.tif,20230423T191232_000852,AM,1,r00_c00,train
20230424T042444_000856_CM_1_r00_c00.tif,20230424T042444_000856,CM,1,r00_c00,val
20230424T042444_000856_CM_1_r00_c01.tif,20230424T042444_000856,CM,1,r00_c01,val
20230424T042444_000856_CM_1_r01_c00.tif,20230424T042444_000856,CM,1,r01_c00,val
20230424T042444_000856_CM_1_r01_c01.tif,20230424T042444_000856,CM,1,r01_c01,val
20230424T060859_000857_AS_1_r00_c00.tif,20230424T060859_000857,AS,1,r00_c00,test
20230424T090818_000855_ME_1_r00_c00.tif,20230424T090818_000855,ME,1,r00_c00,train
20230424T164949_000858_AM_1_r00_c00.tif,20230424T164949_000858,AM,1,r00_c00,train
20230424T182545_002857_AM_1_r00_c00.tif,20230424T182545_002857,AM,1,r00_c00,train
20230425T034028_000861_CM_1_r00_c00.tif,20230425T034028_000861,CM,1,r00_c00,val
20230425T034040_000862_CM_1_r00_c00.tif,20230425T034040_000862,CM,1,r00_c00,val
20230425T034040_000863_CM_1_r00_c00.tif,20230425T034040_000863,CM,1,r00_c00,val
20230425T034040_000864_CM_1_r00_c00.tif,20230425T034040_000864,CM,1,r00_c00,val
20230425T034040_000865_CM_1_r00_c00.tif,20230425T034040_000865,CM,1,r00_c00,val
20230425T034040_000866_CM_1_r00_c00.tif,20230425T034040_000866,CM,1,r00_c00,val
20230425T034040_000867_CM_1_r00_c00.tif,20230425T034040_000867,CM,1,r00_c00,val
20230425T034040_002844_CM_1_r00_c00.tif,20230425T034040_002844,CM,1,r00_c00,val
20230425T051216_000860_CM_0_r00_c00.tif,20230425T051216_000860,CM,0,r00_c00,val
20230425T051216_000860_CM_0_r00_c01.tif,20230425T051216_000860,CM,0,r00_c01,val
20230425T051216_000860_CM_0_r01_c00.tif,20230425T051216_000860,CM,0,r01_c00,val
20230425T051216_000860_CM_0_r01_c01.tif,20230425T051216_000860,CM,0,r01_c01,val
20230425T051216_000860_CM_0_r02_c00.tif,20230425T051216_000860,CM,0,r02_c00,val
20230425T051216_000860_CM_0_r03_c03.tif,20230425T051216_000860,CM,0,r03_c03,val
20230425T051216_000860_CM_0_r04_c02.tif,20230425T051216_000860,CM,0,r04_c02,val
20230425T051216_000860_CM_0_r04_c03.tif,20230425T051216_000860,CM,0,r04_c03,val
20230425T051216_000860_CM_1_r00_c02.tif,20230425T051216_000860,CM,1,r00_c02,val
20230425T051216_000860_CM_1_r00_c03.tif,20230425T051216_000860,CM,1,r00_c03,val
20230425T051216_000860_CM_1_r01_c02.tif,20230425T051216_000860,CM,1,r01_c02,val
20230425T051216_000860_CM_1_r01_c03.tif,20230425T051216_000860,CM,1,r01_c03,val
20230425T051216_000860_CM_1_r02_c01.tif,20230425T051216_000860,CM,1,r02_c01,val
20230425T051216_000860_CM_1_r02_c02.tif,20230425T051216_000860,CM,1,r02_c02,val
20230425T051216_000860_CM_1_r02_c03.tif,20230425T051216_000860,CM,1,r02_c03,val
20230425T051216_000860_CM_1_r03_c00.tif,20230425T051216_000860,CM,1,r03_c00,val
20230425T051216_000860_CM_1_r03_c01.tif,20230425T051216_000860,CM,1,r03_c01,val
20230425T051216_000860_CM_1_r03_c02.tif,20230425T051216_000860,CM,1,r03_c02,val
20230425T051216_000860_CM_1_r04_c00.tif,20230425T051216_000860,CM,1,r04_c00,val
20230425T051216_000860_CM_1_r04_c01.tif,20230425T051216_000860,CM,1,r04_c01,val
20230425T064628_002839_ST_1_r00_c00.tif,20230425T064628_002839,ST,1,r00_c00,train
20230425T064628_002840_ST_1_r00_c00.tif,20230425T064628_002840,ST,1,r00_c00,train
20230425T064628_002841_ST_1_r00_c00.tif,20230425T064628_002841,ST,1,r00_c00,train
20230425T081923_000859_ME_1_r00_c00.tif,20230425T081923_000859,ME,1,r00_c00,train
20230426T025302_000876_CM_1_r00_c00.tif,20230426T025302_000876,CM,1,r00_c00,val
20230426T055703_000874_ST_1_r00_c00.tif,20230426T055703_000874,ST,1,r00_c00,train
20230426T055703_000874_ST_1_r00_c01.tif,20230426T055703_000874,ST,1,r00_c01,train
20230426T055703_000874_ST_1_r00_c02.tif,20230426T055703_000874,ST,1,r00_c02,train
20230426T055703_000874_ST_1_r00_c03.tif,20230426T055703_000874,ST,1,r00_c03,train
20230426T055703_000874_ST_1_r00_c04.tif,20230426T055703_000874,ST,1,r00_c04,train
20230426T055703_000874_ST_1_r00_c05.tif,20230426T055703_000874,ST,1,r00_c05,train
20230426T055703_000874_ST_1_r01_c00.tif,20230426T055703_000874,ST,1,r01_c00,train
20230426T055703_000874_ST_1_r01_c01.tif,20230426T055703_000874,ST,1,r01_c01,train
20230426T055703_000874_ST_1_r01_c02.tif,20230426T055703_000874,ST,1,r01_c02,train
20230426T055703_000874_ST_1_r01_c03.tif,20230426T055703_000874,ST,1,r01_c03,train
20230426T055703_000874_ST_1_r01_c04.tif,20230426T055703_000874,ST,1,r01_c04,train
20230426T055703_000874_ST_1_r01_c05.tif,20230426T055703_000874,ST,1,r01_c05,train
20230426T055703_000875_ST_0_r00_c00.tif,20230426T055703_000875,ST,0,r00_c00,train
20230426T055703_000875_ST_0_r00_c01.tif,20230426T055703_000875,ST,0,r00_c01,train
20230426T055703_000875_ST_0_r00_c02.tif,20230426T055703_000875,ST,0,r00_c02,train
20230426T055703_000875_ST_0_r00_c03.tif,20230426T055703_000875,ST,0,r00_c03,train
20230426T055703_000875_ST_0_r01_c00.tif,20230426T055703_000875,ST,0,r01_c00,train
20230426T055703_000875_ST_0_r02_c00.tif,20230426T055703_000875,ST,0,r02_c00,train
20230426T055703_000875_ST_0_r02_c03.tif,20230426T055703_000875,ST,0,r02_c03,train
20230426T055703_000875_ST_0_r03_c00.tif,20230426T055703_000875,ST,0,r03_c00,train
20230426T055703_000875_ST_0_r03_c01.tif,20230426T055703_000875,ST,0,r03_c01,train
20230426T055703_000875_ST_0_r03_c02.tif,20230426T055703_000875,ST,0,r03_c02,train
20230426T055703_000875_ST_0_r03_c03.tif,20230426T055703_000875,ST,0,r03_c03,train
20230426T055703_000875_ST_1_r01_c01.tif,20230426T055703_000875,ST,1,r01_c01,train
20230426T055703_000875_ST_1_r01_c02.tif,20230426T055703_000875,ST,1,r01_c02,train
20230426T055703_000875_ST_1_r01_c03.tif,20230426T055703_000875,ST,1,r01_c03,train
20230426T055703_000875_ST_1_r02_c01.tif,20230426T055703_000875,ST,1,r02_c01,train
20230426T055703_000875_ST_1_r02_c02.tif,20230426T055703_000875,ST,1,r02_c02,train
20230426T073130_000870_EU_1_r00_c00.tif,20230426T073130_000870,EU,1,r00_c00,train
20230426T182239_000868_AM_1_r00_c00.tif,20230426T182239_000868,AM,1,r00_c00,train
20230426T182239_000869_AM_1_r00_c00.tif,20230426T182239_000869,AM,1,r00_c00,train
20230427T064404_000871_ME_1_r00_c00.tif,20230427T064404_000871,ME,1,r00_c00,train
20230427T064416_000872_ME_1_r00_c00.tif,20230427T064416_000872,ME,1,r00_c00,train
20230427T064416_000873_ME_1_r00_c00.tif,20230427T064416_000873,ME,1,r00_c00,train
20230427T173630_000877_AM_1_r00_c00.tif,20230427T173630_000877,AM,1,r00_c00,train
20230427T175126_002681_SA_1_r00_c00.tif,20230427T175126_002681,SA,1,r00_c00,test
20230428T024900_000897_CM_1_r00_c00.tif,20230428T024900_000897,CM,1,r00_c00,val
20230428T055524_000885_ST_1_r00_c00.tif,20230428T055524_000885,ST,1,r00_c00,train
20230428T055524_000885_ST_1_r01_c00.tif,20230428T055524_000885,ST,1,r01_c00,train
20230428T055524_000885_ST_1_r01_c01.tif,20230428T055524_000885,ST,1,r01_c01,train
20230428T055536_000880_ST_1_r00_c00.tif,20230428T055536_000880,ST,1,r00_c00,train
20230428T055536_000881_ST_1_r00_c00.tif,20230428T055536_000881,ST,1,r00_c00,train
20230428T055536_000881_ST_1_r00_c01.tif,20230428T055536_000881,ST,1,r00_c01,train
20230428T055536_000881_ST_1_r01_c00.tif,20230428T055536_000881,ST,1,r01_c00,train
20230428T055536_000881_ST_1_r01_c01.tif,20230428T055536_000881,ST,1,r01_c01,train
20230428T055536_000882_ST_0_r00_c00.tif,20230428T055536_000882,ST,0,r00_c00,train
20230428T055536_000882_ST_0_r00_c01.tif,20230428T055536_000882,ST,0,r00_c01,train
20230428T055536_000882_ST_0_r00_c03.tif,20230428T055536_000882,ST,0,r00_c03,train
20230428T055536_000882_ST_0_r01_c00.tif,20230428T055536_000882,ST,0,r01_c00,train
20230428T055536_000882_ST_0_r01_c01.tif,20230428T055536_000882,ST,0,r01_c01,train
20230428T055536_000882_ST_0_r01_c03.tif,20230428T055536_000882,ST,0,r01_c03,train
20230428T055536_000882_ST_0_r02_c00.tif,20230428T055536_000882,ST,0,r02_c00,train
20230428T055536_000882_ST_0_r02_c03.tif,20230428T055536_000882,ST,0,r02_c03,train
20230428T055536_000882_ST_0_r03_c00.tif,20230428T055536_000882,ST,0,r03_c00,train
20230428T055536_000882_ST_0_r03_c01.tif,20230428T055536_000882,ST,0,r03_c01,train
20230428T055536_000882_ST_0_r03_c02.tif,20230428T055536_000882,ST,0,r03_c02,train
20230428T055536_000882_ST_0_r03_c03.tif,20230428T055536_000882,ST,0,r03_c03,train
20230428T055536_000882_ST_1_r00_c02.tif,20230428T055536_000882,ST,1,r00_c02,train
20230428T055536_000882_ST_1_r01_c02.tif,20230428T055536_000882,ST,1,r01_c02,train
20230428T055536_000882_ST_1_r02_c01.tif,20230428T055536_000882,ST,1,r02_c01,train
20230428T055536_000882_ST_1_r02_c02.tif,20230428T055536_000882,ST,1,r02_c02,train
20230428T055536_000883_ST_0_r00_c00.tif,20230428T055536_000883,ST,0,r00_c00,train
20230428T055536_000883_ST_1_r00_c01.tif,20230428T055536_000883,ST,1,r00_c01,train
20230428T055536_000883_ST_1_r01_c00.tif,20230428T055536_000883,ST,1,r01_c00,train
20230428T055536_000883_ST_1_r01_c01.tif,20230428T055536_000883,ST,1,r01_c01,train
20230428T055536_000884_ST_1_r00_c00.tif,20230428T055536_000884,ST,1,r00_c00,train
20230428T055536_000884_ST_1_r00_c01.tif,20230428T055536_000884,ST,1,r00_c01,train
20230428T055536_000884_ST_1_r01_c00.tif,20230428T055536_000884,ST,1,r01_c00,train
20230428T055536_000884_ST_1_r01_c01.tif,20230428T055536_000884,ST,1,r01_c01,train
20230428T090309_000878_ME_1_r00_c00.tif,20230428T090309_000878,ME,1,r00_c00,train
20230428T090309_000879_ME_1_r00_c00.tif,20230428T090309_000879,ME,1,r00_c00,train
20230429T050811_000888_ST_1_r00_c00.tif,20230429T050811_000888,ST,1,r00_c00,train
20230429T050811_000888_ST_1_r00_c01.tif,20230429T050811_000888,ST,1,r00_c01,train
20230429T050811_000888_ST_1_r00_c02.tif,20230429T050811_000888,ST,1,r00_c02,train
20230429T050811_000888_ST_1_r00_c03.tif,20230429T050811_000888,ST,1,r00_c03,train
20230429T050811_000888_ST_1_r01_c00.tif,20230429T050811_000888,ST,1,r01_c00,train
20230429T050811_000888_ST_1_r01_c01.tif,20230429T050811_000888,ST,1,r01_c01,train
20230429T050811_000888_ST_1_r01_c02.tif,20230429T050811_000888,ST,1,r01_c02,train
20230429T050811_000888_ST_1_r01_c03.tif,20230429T050811_000888,ST,1,r01_c03,train
20230429T050811_000889_ST_1_r00_c00.tif,20230429T050811_000889,ST,1,r00_c00,train
20230429T050811_000889_ST_1_r00_c01.tif,20230429T050811_000889,ST,1,r00_c01,train
20230429T050811_000889_ST_1_r01_c00.tif,20230429T050811_000889,ST,1,r01_c00,train
20230429T050811_000889_ST_1_r01_c01.tif,20230429T050811_000889,ST,1,r01_c01,train
20230429T050811_000890_ST_0_r00_c00.tif,20230429T050811_000890,ST,0,r00_c00,train
20230429T050811_000890_ST_0_r00_c01.tif,20230429T050811_000890,ST,0,r00_c01,train
20230429T050811_000890_ST_0_r00_c02.tif,20230429T050811_000890,ST,0,r00_c02,train
20230429T050811_000890_ST_0_r00_c03.tif,20230429T050811_000890,ST,0,r00_c03,train
20230429T050811_000890_ST_0_r01_c03.tif,20230429T050811_000890,ST,0,r01_c03,train
20230429T050811_000890_ST_0_r02_c00.tif,20230429T050811_000890,ST,0,r02_c00,train
20230429T050811_000890_ST_0_r02_c03.tif,20230429T050811_000890,ST,0,r02_c03,train
20230429T050811_000890_ST_0_r03_c00.tif,20230429T050811_000890,ST,0,r03_c00,train
20230429T050811_000890_ST_0_r03_c01.tif,20230429T050811_000890,ST,0,r03_c01,train
20230429T050811_000890_ST_0_r03_c02.tif,20230429T050811_000890,ST,0,r03_c02,train
20230429T050811_000890_ST_0_r03_c03.tif,20230429T050811_000890,ST,0,r03_c03,train
20230429T050811_000890_ST_1_r01_c00.tif,20230429T050811_000890,ST,1,r01_c00,train
20230429T050811_000890_ST_1_r01_c01.tif,20230429T050811_000890,ST,1,r01_c01,train
20230429T050811_000890_ST_1_r01_c02.tif,20230429T050811_000890,ST,1,r01_c02,train
20230429T050811_000890_ST_1_r02_c01.tif,20230429T050811_000890,ST,1,r02_c01,train
20230429T050811_000890_ST_1_r02_c02.tif,20230429T050811_000890,ST,1,r02_c02,train
20230429T050811_000891_ST_1_r00_c00.tif,20230429T050811_000891,ST,1,r00_c00,train
20230429T050811_000892_ST_0_r00_c00.tif,20230429T050811_000892,ST,0,r00_c00,train
20230429T050811_000892_ST_0_r00_c01.tif,20230429T050811_000892,ST,0,r00_c01,train
20230429T050811_000892_ST_0_r00_c02.tif,20230429T050811_000892,ST,0,r00_c02,train
20230429T050811_000892_ST_0_r00_c03.tif,20230429T050811_000892,ST,0,r00_c03,train
20230429T050811_000892_ST_0_r01_c00.tif,20230429T050811_000892,ST,0,r01_c00,train
20230429T050811_000892_ST_0_r01_c01.tif,20230429T050811_000892,ST,0,r01_c01,train
20230429T050811_000892_ST_0_r01_c02.tif,20230429T050811_000892,ST,0,r01_c02,train
20230429T050811_000892_ST_0_r01_c03.tif,20230429T050811_000892,ST,0,r01_c03,train
20230429T050811_000892_ST_1_r00_c04.tif,20230429T050811_000892,ST,1,r00_c04,train
20230429T050811_000892_ST_1_r01_c04.tif,20230429T050811_000892,ST,1,r01_c04,train
20230429T050811_000892_ST_1_r02_c00.tif,20230429T050811_000892,ST,1,r02_c00,train
20230429T050811_000892_ST_1_r02_c01.tif,20230429T050811_000892,ST,1,r02_c01,train
20230429T050811_000892_ST_1_r02_c02.tif,20230429T050811_000892,ST,1,r02_c02,train
20230429T050811_000892_ST_1_r02_c03.tif,20230429T050811_000892,ST,1,r02_c03,train
20230429T050811_000892_ST_1_r02_c04.tif,20230429T050811_000892,ST,1,r02_c04,train
20230429T050811_000893_ST_1_r00_c00.tif,20230429T050811_000893,ST,1,r00_c00,train
20230429T050811_000893_ST_1_r00_c01.tif,20230429T050811_000893,ST,1,r00_c01,train
20230429T050811_000893_ST_1_r01_c00.tif,20230429T050811_000893,ST,1,r01_c00,train
20230429T050811_000893_ST_1_r01_c01.tif,20230429T050811_000893,ST,1,r01_c01,train
20230429T050811_000895_ST_1_r00_c00.tif,20230429T050811_000895,ST,1,r00_c00,train
20230429T050811_000895_ST_1_r00_c01.tif,20230429T050811_000895,ST,1,r00_c01,train
20230429T050811_000895_ST_1_r01_c00.tif,20230429T050811_000895,ST,1,r01_c00,train
20230429T050811_000895_ST_1_r01_c01.tif,20230429T050811_000895,ST,1,r01_c01,train
20230429T050811_000896_ST_1_r00_c00.tif,20230429T050811_000896,ST,1,r00_c00,train
20230429T050823_000886_ST_1_r00_c00.tif,20230429T050823_000886,ST,1,r00_c00,train
20230429T050823_000887_ST_1_r00_c00.tif,20230429T050823_000887,ST,1,r00_c00,train
20230429T050823_000894_ST_0_r00_c00.tif,20230429T050823_000894,ST,0,r00_c00,train
20230429T050823_000894_ST_0_r00_c01.tif,20230429T050823_000894,ST,0,r00_c01,train
20230429T050823_000894_ST_0_r00_c02.tif,20230429T050823_000894,ST,0,r00_c02,train
20230429T050823_000894_ST_0_r01_c00.tif,20230429T050823_000894,ST,0,r01_c00,train
20230429T050823_000894_ST_0_r01_c01.tif,20230429T050823_000894,ST,0,r01_c01,train
20230429T050823_000894_ST_0_r01_c02.tif,20230429T050823_000894,ST,0,r01_c02,train
20230429T050823_000894_ST_0_r01_c03.tif,20230429T050823_000894,ST,0,r01_c03,train
20230429T050823_000894_ST_0_r02_c00.tif,20230429T050823_000894,ST,0,r02_c00,train
20230429T050823_000894_ST_0_r02_c01.tif,20230429T050823_000894,ST,0,r02_c01,train
20230429T050823_000894_ST_0_r02_c02.tif,20230429T050823_000894,ST,0,r02_c02,train
20230429T050823_000894_ST_0_r02_c03.tif,20230429T050823_000894,ST,0,r02_c03,train
20230429T050823_000894_ST_0_r03_c00.tif,20230429T050823_000894,ST,0,r03_c00,train
20230429T050823_000894_ST_0_r03_c01.tif,20230429T050823_000894,ST,0,r03_c01,train
20230429T050823_000894_ST_0_r03_c02.tif,20230429T050823_000894,ST,0,r03_c02,train
20230429T050823_000894_ST_1_r01_c04.tif,20230429T050823_000894,ST,1,r01_c04,train
20230429T050823_000894_ST_1_r02_c04.tif,20230429T050823_000894,ST,1,r02_c04,train
20230429T050823_000894_ST_1_r03_c03.tif,20230429T050823_000894,ST,1,r03_c03,train
20230429T050823_000894_ST_1_r03_c04.tif,20230429T050823_000894,ST,1,r03_c04,train
20230429T050823_000894_ST_1_r04_c00.tif,20230429T050823_000894,ST,1,r04_c00,train
20230429T050823_000894_ST_1_r04_c01.tif,20230429T050823_000894,ST,1,r04_c01,train
20230429T050823_000894_ST_1_r04_c02.tif,20230429T050823_000894,ST,1,r04_c02,train
20230429T050823_000894_ST_1_r04_c03.tif,20230429T050823_000894,ST,1,r04_c03,train
20230429T050823_000894_ST_1_r04_c04.tif,20230429T050823_000894,ST,1,r04_c04,train
20230429T050835_002626_ST_1_r00_c00.tif,20230429T050835_002626,ST,1,r00_c00,train
20230429T064405_002622_ME_1_r00_c00.tif,20230429T064405_002622,ME,1,r00_c00,train
20230430T055556_000902_ME_1_r00_c00.tif,20230430T055556_000902,ME,1,r00_c00,train
20230430T055608_000903_ME_1_r00_c00.tif,20230430T055608_000903,ME,1,r00_c00,train
20230430T055608_000903_ME_1_r00_c01.tif,20230430T055608_000903,ME,1,r00_c01,train
20230430T055608_000903_ME_1_r01_c00.tif,20230430T055608_000903,ME,1,r01_c00,train
20230430T055608_000903_ME_1_r01_c01.tif,20230430T055608_000903,ME,1,r01_c01,train
20230430T072853_000898_ME_1_r00_c00.tif,20230430T072853_000898,ME,1,r00_c00,train
20230430T072853_000899_ME_1_r00_c00.tif,20230430T072853_000899,ME,1,r00_c00,train
20230430T072853_000900_ME_1_r00_c00.tif,20230430T072853_000900,ME,1,r00_c00,train
20230430T072853_000901_ME_1_r00_c00.tif,20230430T072853_000901,ME,1,r00_c00,train
20230430T164407_000931_AM_1_r00_c00.tif,20230430T164407_000931,AM,1,r00_c00,train
20230502T042234_000906_AS_1_r00_c00.tif,20230502T042234_000906,AS,1,r00_c00,test
20230502T042234_000906_AS_1_r00_c01.tif,20230502T042234_000906,AS,1,r00_c01,test
20230502T042234_000906_AS_1_r01_c00.tif,20230502T042234_000906,AS,1,r01_c00,test
20230502T042234_000906_AS_1_r01_c01.tif,20230502T042234_000906,AS,1,r01_c01,test
20230502T042234_000907_AS_1_r00_c00.tif,20230502T042234_000907,AS,1,r00_c00,test
20230502T042234_000907_AS_1_r00_c01.tif,20230502T042234_000907,AS,1,r00_c01,test
20230502T042234_000907_AS_1_r01_c00.tif,20230502T042234_000907,AS,1,r01_c00,test
20230502T042234_000907_AS_1_r01_c01.tif,20230502T042234_000907,AS,1,r01_c01,test
20230502T042258_000905_AS_1_r00_c00.tif,20230502T042258_000905,AS,1,r00_c00,test
20230502T072754_000904_ME_1_r00_c00.tif,20230502T072754_000904,ME,1,r00_c00,train
20230504T135442_000911_SA_1_r00_c00.tif,20230504T135442_000911,SA,1,r00_c00,test
20230504T135454_000908_SA_1_r00_c00.tif,20230504T135454_000908,SA,1,r00_c00,test
20230504T135454_000908_SA_1_r00_c01.tif,20230504T135454_000908,SA,1,r00_c01,test
20230504T135454_000908_SA_1_r01_c00.tif,20230504T135454_000908,SA,1,r01_c00,test
20230504T135454_000908_SA_1_r01_c01.tif,20230504T135454_000908,SA,1,r01_c01,test
20230504T135454_000909_SA_1_r00_c00.tif,20230504T135454_000909,SA,1,r00_c00,test
20230504T135454_000909_SA_1_r00_c01.tif,20230504T135454_000909,SA,1,r00_c01,test
20230504T135454_000909_SA_1_r01_c00.tif,20230504T135454_000909,SA,1,r01_c00,test
20230504T135454_000909_SA_1_r01_c01.tif,20230504T135454_000909,SA,1,r01_c01,test
20230504T135454_000910_SA_1_r00_c00.tif,20230504T135454_000910,SA,1,r00_c00,test
20230526T142126_000912_ME_1_r00_c00.tif,20230526T142126_000912,ME,1,r00_c00,train
20230526T142126_000913_ME_1_r00_c00.tif,20230526T142126_000913,ME,1,r00_c00,train
20230526T142126_000914_ME_1_r00_c00.tif,20230526T142126_000914,ME,1,r00_c00,train
20230527T133235_000257_ME_1_r00_c00.tif,20230527T133235_000257,ME,1,r00_c00,train
20230529T085541_002038_CM_1_r00_c00.tif,20230529T085541_002038,CM,1,r00_c00,val
20230529T085640_002039_CM_1_r00_c00.tif,20230529T085640_002039,CM,1,r00_c00,val
20230529T115740_000258_ME_1_r00_c00.tif,20230529T115740_000258,ME,1,r00_c00,train
20230529T115740_000259_ME_1_r00_c00.tif,20230529T115740_000259,ME,1,r00_c00,train
20230529T115740_002036_ME_1_r00_c00.tif,20230529T115740_002036,ME,1,r00_c00,train
20230530T063504_002086_CM_1_r00_c00.tif,20230530T063504_002086,CM,1,r00_c00,val
20230530T093728_000260_ME_1_r00_c00.tif,20230530T093728_000260,ME,1,r00_c00,train
20230530T094018_002083_ST_1_r00_c00.tif,20230530T094018_002083,ST,1,r00_c00,train
20230530T094018_002084_ST_1_r00_c00.tif,20230530T094018_002084,ST,1,r00_c00,train
20230530T185754_000254_AM_1_r00_c00.tif,20230530T185754_000254,AM,1,r00_c00,train
20230531T102316_000310_ME_1_r00_c00.tif,20230531T102316_000310,ME,1,r00_c00,train
20230531T102439_000311_ME_1_r00_c00.tif,20230531T102439_000311,ME,1,r00_c00,train
20230601T093623_000314_ME_1_r00_c00.tif,20230601T093623_000314,ME,1,r00_c00,train
20230601T093903_002216_ST_0_r00_c00.tif,20230601T093903_002216,ST,0,r00_c00,train
20230601T093903_002216_ST_0_r00_c02.tif,20230601T093903_002216,ST,0,r00_c02,train
20230601T093903_002216_ST_0_r00_c03.tif,20230601T093903_002216,ST,0,r00_c03,train
20230601T093903_002216_ST_0_r01_c00.tif,20230601T093903_002216,ST,0,r01_c00,train
20230601T093903_002216_ST_0_r01_c03.tif,20230601T093903_002216,ST,0,r01_c03,train
20230601T093903_002216_ST_0_r02_c00.tif,20230601T093903_002216,ST,0,r02_c00,train
20230601T093903_002216_ST_0_r03_c00.tif,20230601T093903_002216,ST,0,r03_c00,train
20230601T093903_002216_ST_1_r00_c01.tif,20230601T093903_002216,ST,1,r00_c01,train
20230601T093903_002216_ST_1_r01_c01.tif,20230601T093903_002216,ST,1,r01_c01,train
20230601T093903_002216_ST_1_r01_c02.tif,20230601T093903_002216,ST,1,r01_c02,train
20230601T093903_002216_ST_1_r02_c01.tif,20230601T093903_002216,ST,1,r02_c01,train
20230601T093903_002216_ST_1_r02_c02.tif,20230601T093903_002216,ST,1,r02_c02,train
20230601T093903_002216_ST_1_r03_c01.tif,20230601T093903_002216,ST,1,r03_c01,train
20230602T071917_000321_CM_1_r00_c00.tif,20230602T071917_000321,CM,1,r00_c00,val
20230602T084726_002286_ME_1_r00_c00.tif,20230602T084726_002286,ME,1,r00_c00,train
20230602T084726_002287_ME_1_r00_c00.tif,20230602T084726_002287,ME,1,r00_c00,train
20230603T075914_000262_ME_1_r00_c00.tif,20230603T075914_000262,ME,1,r00_c00,train
20230603T075926_000263_ME_1_r00_c00.tif,20230603T075926_000263,ME,1,r00_c00,train
20230603T080204_002410_ST_1_r00_c00.tif,20230603T080204_002410,ST,1,r00_c00,train
20230603T080327_000264_ST_1_r00_c00.tif,20230603T080327_000264,ST,1,r00_c00,train
20230603T093209_000306_ME_1_r00_c00.tif,20230603T093209_000306,ME,1,r00_c00,train
20230603T093209_000306_ME_1_r00_c01.tif,20230603T093209_000306,ME,1,r00_c01,train
20230603T093209_000306_ME_1_r01_c00.tif,20230603T093209_000306,ME,1,r01_c00,train
20230603T093209_000306_ME_1_r01_c01.tif,20230603T093209_000306,ME,1,r01_c01,train
20230603T093209_000307_ME_1_r00_c00.tif,20230603T093209_000307,ME,1,r00_c00,train
20230603T093209_000308_ME_1_r00_c00.tif,20230603T093209_000308,ME,1,r00_c00,train
20230604T070641_000233_ME_1_r00_c00.tif,20230604T070641_000233,ME,1,r00_c00,train
20230604T070641_000233_ME_1_r00_c01.tif,20230604T070641_000233,ME,1,r00_c01,train
20230604T070641_000233_ME_1_r01_c00.tif,20230604T070641_000233,ME,1,r01_c00,train
20230604T070641_000233_ME_1_r01_c01.tif,20230604T070641_000233,ME,1,r01_c01,train
20230604T180205_000218_AM_1_r00_c00.tif,20230604T180205_000218,AM,1,r00_c00,train
20230604T180205_000219_AM_1_r00_c00.tif,20230604T180205_000219,AM,1,r00_c00,train
20230604T180217_000220_AM_1_r00_c00.tif,20230604T180217_000220,AM,1,r00_c00,train
20230604T180229_000221_AM_1_r00_c00.tif,20230604T180229_000221,AM,1,r00_c00,train
20230605T080026_000223_ST_1_r00_c00.tif,20230605T080026_000223,ST,1,r00_c00,train
20230605T080026_000223_ST_1_r00_c01.tif,20230605T080026_000223,ST,1,r00_c01,train
20230605T080026_000223_ST_1_r00_c02.tif,20230605T080026_000223,ST,1,r00_c02,train
20230605T080026_000223_ST_1_r00_c03.tif,20230605T080026_000223,ST,1,r00_c03,train
20230605T080026_000223_ST_1_r00_c04.tif,20230605T080026_000223,ST,1,r00_c04,train
20230605T080026_000223_ST_1_r01_c00.tif,20230605T080026_000223,ST,1,r01_c00,train
20230605T080026_000223_ST_1_r01_c01.tif,20230605T080026_000223,ST,1,r01_c01,train
20230605T080026_000223_ST_1_r01_c02.tif,20230605T080026_000223,ST,1,r01_c02,train
20230605T080026_000223_ST_1_r01_c03.tif,20230605T080026_000223,ST,1,r01_c03,train
20230605T080026_000223_ST_1_r01_c04.tif,20230605T080026_000223,ST,1,r01_c04,train
20230605T080026_000226_ST_1_r00_c00.tif,20230605T080026_000226,ST,1,r00_c00,train
20230605T080026_000226_ST_1_r00_c01.tif,20230605T080026_000226,ST,1,r00_c01,train
20230605T080026_000226_ST_1_r01_c00.tif,20230605T080026_000226,ST,1,r01_c00,train
20230605T080026_000226_ST_1_r01_c01.tif,20230605T080026_000226,ST,1,r01_c01,train
20230605T080026_000227_ST_1_r00_c00.tif,20230605T080026_000227,ST,1,r00_c00,train
20230605T080026_000228_ST_1_r00_c00.tif,20230605T080026_000228,ST,1,r00_c00,train
20230605T080026_000229_ST_1_r00_c00.tif,20230605T080026_000229,ST,1,r00_c00,train
20230605T080026_000230_ST_1_r00_c00.tif,20230605T080026_000230,ST,1,r00_c00,train
20230606T053448_002436_AS_1_r00_c00.tif,20230606T053448_002436,AS,1,r00_c00,test
20230606T053523_000936_AS_1_r00_c00.tif,20230606T053523_000936,AS,1,r00_c00,test
20230606T070919_002437_ME_1_r00_c00.tif,20230606T070919_002437,ME,1,r00_c00,train
20230606T085011_002433_ST_1_r00_c00.tif,20230606T085011_002433,ST,1,r00_c00,train
20230606T101459_000938_ME_1_r00_c00.tif,20230606T101459_000938,ME,1,r00_c00,train
20230607T062035_002452_ME_1_r00_c00.tif,20230607T062035_002452,ME,1,r00_c00,train
20230607T062035_002454_ME_1_r00_c00.tif,20230607T062035_002454,ME,1,r00_c00,train
20230607T062333_002455_ST_0_r00_c01.tif,20230607T062333_002455,ST,0,r00_c01,train
20230607T062333_002455_ST_0_r00_c02.tif,20230607T062333_002455,ST,0,r00_c02,train
20230607T062333_002455_ST_0_r01_c02.tif,20230607T062333_002455,ST,0,r01_c02,train
20230607T062333_002455_ST_0_r03_c00.tif,20230607T062333_002455,ST,0,r03_c00,train
20230607T062333_002455_ST_0_r04_c00.tif,20230607T062333_002455,ST,0,r04_c00,train
20230607T062333_002455_ST_1_r00_c00.tif,20230607T062333_002455,ST,1,r00_c00,train
20230607T062333_002455_ST_1_r01_c00.tif,20230607T062333_002455,ST,1,r01_c00,train
20230607T062333_002455_ST_1_r01_c01.tif,20230607T062333_002455,ST,1,r01_c01,train
20230607T062333_002455_ST_1_r02_c00.tif,20230607T062333_002455,ST,1,r02_c00,train
20230607T062333_002455_ST_1_r02_c01.tif,20230607T062333_002455,ST,1,r02_c01,train
20230607T062333_002455_ST_1_r02_c02.tif,20230607T062333_002455,ST,1,r02_c02,train
20230607T062333_002455_ST_1_r03_c01.tif,20230607T062333_002455,ST,1,r03_c01,train
20230607T062333_002455_ST_1_r03_c02.tif,20230607T062333_002455,ST,1,r03_c02,train
20230607T062333_002455_ST_1_r04_c01.tif,20230607T062333_002455,ST,1,r04_c01,train
20230607T062333_002455_ST_1_r04_c02.tif,20230607T062333_002455,ST,1,r04_c02,train
20230607T062333_002456_ST_0_r00_c02.tif,20230607T062333_002456,ST,0,r00_c02,train
20230607T062333_002456_ST_0_r00_c03.tif,20230607T062333_002456,ST,0,r00_c03,train
20230607T062333_002456_ST_0_r01_c00.tif,20230607T062333_002456,ST,0,r01_c00,train
20230607T062333_002456_ST_0_r01_c03.tif,20230607T062333_002456,ST,0,r01_c03,train
20230607T062333_002456_ST_0_r02_c00.tif,20230607T062333_002456,ST,0,r02_c00,train
20230607T062333_002456_ST_0_r03_c00.tif,20230607T062333_002456,ST,0,r03_c00,train
20230607T062333_002456_ST_0_r03_c01.tif,20230607T062333_002456,ST,0,r03_c01,train
20230607T062333_002456_ST_1_r00_c00.tif,20230607T062333_002456,ST,1,r00_c00,train
20230607T062333_002456_ST_1_r00_c01.tif,20230607T062333_002456,ST,1,r00_c01,train
20230607T062333_002456_ST_1_r01_c01.tif,20230607T062333_002456,ST,1,r01_c01,train
20230607T062333_002456_ST_1_r01_c02.tif,20230607T062333_002456,ST,1,r01_c02,train
20230607T062333_002456_ST_1_r02_c01.tif,20230607T062333_002456,ST,1,r02_c01,train
20230607T062333_002456_ST_1_r02_c02.tif,20230607T062333_002456,ST,1,r02_c02,train
20230607T062333_002456_ST_1_r02_c03.tif,20230607T062333_002456,ST,1,r02_c03,train
20230607T062333_002456_ST_1_r03_c02.tif,20230607T062333_002456,ST,1,r03_c02,train
20230607T062333_002456_ST_1_r03_c03.tif,20230607T062333_002456,ST,1,r03_c03,train
20230607T062333_002457_ST_1_r00_c00.tif,20230607T062333_002457,ST,1,r00_c00,train
20230607T062333_002458_ST_1_r00_c00.tif,20230607T062333_002458,ST,1,r00_c00,train
20230607T062333_002459_ST_1_r00_c00.tif,20230607T062333_002459,ST,1,r00_c00,train
20230607T062333_002460_ST_1_r00_c00.tif,20230607T062333_002460,ST,1,r00_c00,train
20230607T062333_002461_ST_1_r00_c00.tif,20230607T062333_002461,ST,1,r00_c00,train
20230607T062333_002461_ST_1_r00_c01.tif,20230607T062333_002461,ST,1,r00_c01,train
20230607T062333_002461_ST_1_r01_c00.tif,20230607T062333_002461,ST,1,r01_c00,train
20230607T062333_002461_ST_1_r01_c01.tif,20230607T062333_002461,ST,1,r01_c01,train
20230607T062333_002462_ST_1_r00_c00.tif,20230607T062333_002462,ST,1,r00_c00,train
20230607T062333_002462_ST_1_r00_c01.tif,20230607T062333_002462,ST,1,r00_c01,train
20230607T062333_002462_ST_1_r01_c00.tif,20230607T062333_002462,ST,1,r01_c00,train
20230607T062333_002462_ST_1_r01_c01.tif,20230607T062333_002462,ST,1,r01_c01,train
20230607T062333_002463_ST_0_r00_c02.tif,20230607T062333_002463,ST,0,r00_c02,train
20230607T062333_002463_ST_0_r00_c03.tif,20230607T062333_002463,ST,0,r00_c03,train
20230607T062333_002463_ST_0_r00_c04.tif,20230607T062333_002463,ST,0,r00_c04,train
20230607T062333_002463_ST_0_r00_c05.tif,20230607T062333_002463,ST,0,r00_c05,train
20230607T062333_002463_ST_0_r00_c06.tif,20230607T062333_002463,ST,0,r00_c06,train
20230607T062333_002463_ST_0_r00_c07.tif,20230607T062333_002463,ST,0,r00_c07,train
20230607T062333_002463_ST_0_r01_c03.tif,20230607T062333_002463,ST,0,r01_c03,train
20230607T062333_002463_ST_0_r01_c04.tif,20230607T062333_002463,ST,0,r01_c04,train
20230607T062333_002463_ST_0_r01_c05.tif,20230607T062333_002463,ST,0,r01_c05,train
20230607T062333_002463_ST_0_r01_c06.tif,20230607T062333_002463,ST,0,r01_c06,train
20230607T062333_002463_ST_0_r01_c07.tif,20230607T062333_002463,ST,0,r01_c07,train
20230607T062333_002463_ST_0_r02_c00.tif,20230607T062333_002463,ST,0,r02_c00,train
20230607T062333_002463_ST_0_r02_c04.tif,20230607T062333_002463,ST,0,r02_c04,train
20230607T062333_002463_ST_0_r02_c05.tif,20230607T062333_002463,ST,0,r02_c05,train
20230607T062333_002463_ST_0_r02_c06.tif,20230607T062333_002463,ST,0,r02_c06,train
20230607T062333_002463_ST_0_r02_c07.tif,20230607T062333_002463,ST,0,r02_c07,train
20230607T062333_002463_ST_0_r03_c00.tif,20230607T062333_002463,ST,0,r03_c00,train
20230607T062333_002463_ST_0_r04_c00.tif,20230607T062333_002463,ST,0,r04_c00,train
20230607T062333_002463_ST_0_r04_c01.tif,20230607T062333_002463,ST,0,r04_c01,train
20230607T062333_002463_ST_0_r04_c02.tif,20230607T062333_002463,ST,0,r04_c02,train
20230607T062333_002463_ST_1_r00_c00.tif,20230607T062333_002463,ST,1,r00_c00,train
20230607T062333_002463_ST_1_r00_c01.tif,20230607T062333_002463,ST,1,r00_c01,train
20230607T062333_002463_ST_1_r01_c00.tif,20230607T062333_002463,ST,1,r01_c00,train
20230607T062333_002463_ST_1_r01_c01.tif,20230607T062333_002463,ST,1,r01_c01,train
20230607T062333_002463_ST_1_r01_c02.tif,20230607T062333_002463,ST,1,r01_c02,train
20230607T062333_002463_ST_1_r02_c01.tif,20230607T062333_002463,ST,1,r02_c01,train
20230607T062333_002463_ST_1_r02_c02.tif,20230607T062333_002463,ST,1,r02_c02,train
20230607T062333_002463_ST_1_r02_c03.tif,20230607T062333_002463,ST,1,r02_c03,train
20230607T062333_002463_ST_1_r03_c01.tif,20230607T062333_002463,ST,1,r03_c01,train
20230607T062333_002463_ST_1_r03_c02.tif,20230607T062333_002463,ST,1,r03_c02,train
20230607T062333_002463_ST_1_r03_c03.tif,20230607T062333_002463,ST,1,r03_c03,train
20230607T062333_002463_ST_1_r03_c04.tif,20230607T062333_002463,ST,1,r03_c04,train
20230607T062333_002463_ST_1_r03_c05.tif,20230607T062333_002463,ST,1,r03_c05,train
20230607T062333_002463_ST_1_r03_c06.tif,20230607T062333_002463,ST,1,r03_c06,train
20230607T062333_002463_ST_1_r03_c07.tif,20230607T062333_002463,ST,1,r03_c07,train
20230607T062333_002463_ST_1_r04_c03.tif,20230607T062333_002463,ST,1,r04_c03,train
20230607T062333_002463_ST_1_r04_c04.tif,20230607T062333_002463,ST,1,r04_c04,train
20230607T062333_002463_ST_1_r04_c05.tif,20230607T062333_002463,ST,1,r04_c05,train
20230607T062333_002463_ST_1_r04_c06.tif,20230607T062333_002463,ST,1,r04_c06,train
20230607T062333_002463_ST_1_r04_c07.tif,20230607T062333_002463,ST,1,r04_c07,train
20230607T062333_002464_ST_1_r00_c00.tif,20230607T062333_002464,ST,1,r00_c00,train
20230607T062333_002464_ST_1_r00_c01.tif,20230607T062333_002464,ST,1,r00_c01,train
20230607T062333_002464_ST_1_r01_c00.tif,20230607T062333_002464,ST,1,r01_c00,train
20230607T062333_002464_ST_1_r01_c01.tif,20230607T062333_002464,ST,1,r01_c01,train
20230607T062333_002465_ST_1_r00_c00.tif,20230607T062333_002465,ST,1,r00_c00,train
20230607T062333_002465_ST_1_r00_c01.tif,20230607T062333_002465,ST,1,r00_c01,train
20230607T062333_002465_ST_1_r01_c00.tif,20230607T062333_002465,ST,1,r01_c00,train
20230607T062333_002465_ST_1_r01_c01.tif,20230607T062333_002465,ST,1,r01_c01,train
20230607T062333_002466_ST_0_r00_c02.tif,20230607T062333_002466,ST,0,r00_c02,train
20230607T062333_002466_ST_0_r00_c03.tif,20230607T062333_002466,ST,0,r00_c03,train
20230607T062333_002466_ST_0_r01_c00.tif,20230607T062333_002466,ST,0,r01_c00,train
20230607T062333_002466_ST_0_r01_c03.tif,20230607T062333_002466,ST,0,r01_c03,train
20230607T062333_002466_ST_0_r02_c00.tif,20230607T062333_002466,ST,0,r02_c00,train
20230607T062333_002466_ST_0_r02_c03.tif,20230607T062333_002466,ST,0,r02_c03,train
20230607T062333_002466_ST_0_r03_c00.tif,20230607T062333_002466,ST,0,r03_c00,train
20230607T062333_002466_ST_0_r03_c01.tif,20230607T062333_002466,ST,0,r03_c01,train
20230607T062333_002466_ST_0_r03_c03.tif,20230607T062333_002466,ST,0,r03_c03,train
20230607T062333_002466_ST_1_r00_c00.tif,20230607T062333_002466,ST,1,r00_c00,train
20230607T062333_002466_ST_1_r00_c01.tif,20230607T062333_002466,ST,1,r00_c01,train
20230607T062333_002466_ST_1_r01_c01.tif,20230607T062333_002466,ST,1,r01_c01,train
20230607T062333_002466_ST_1_r01_c02.tif,20230607T062333_002466,ST,1,r01_c02,train
20230607T062333_002466_ST_1_r02_c01.tif,20230607T062333_002466,ST,1,r02_c01,train
20230607T062333_002466_ST_1_r02_c02.tif,20230607T062333_002466,ST,1,r02_c02,train
20230607T062333_002466_ST_1_r03_c02.tif,20230607T062333_002466,ST,1,r03_c02,train
20230607T062333_002467_ST_1_r00_c00.tif,20230607T062333_002467,ST,1,r00_c00,train
20230607T062333_002467_ST_1_r00_c01.tif,20230607T062333_002467,ST,1,r00_c01,train
20230607T062333_002467_ST_1_r01_c00.tif,20230607T062333_002467,ST,1,r01_c00,train
20230607T062333_002467_ST_1_r01_c01.tif,20230607T062333_002467,ST,1,r01_c01,train
20230607T062432_002470_ST_1_r00_c00.tif,20230607T062432_002470,ST,1,r00_c00,train
20230607T080031_002471_ST_1_r00_c00.tif,20230607T080031_002471,ST,1,r00_c00,train
20230607T092629_000935_ME_1_r00_c00.tif,20230607T092629_000935,ME,1,r00_c00,train
20230607T092641_000939_ME_1_r00_c00.tif,20230607T092641_000939,ME,1,r00_c00,train
20230607T092641_000940_ME_1_r00_c00.tif,20230607T092641_000940,ME,1,r00_c00,train
20230608T053135_000357_ME_1_r00_c00.tif,20230608T053135_000357,ME,1,r00_c00,train
20230608T053135_000358_ME_1_r00_c00.tif,20230608T053135_000358,ME,1,r00_c00,train
20230608T162322_000331_AM_1_r00_c00.tif,20230608T162322_000331,AM,1,r00_c00,train
20230608T162322_000332_AM_1_r00_c00.tif,20230608T162322_000332,AM,1,r00_c00,train
20230608T162322_000333_AM_1_r00_c00.tif,20230608T162322_000333,AM,1,r00_c00,train
20230608T162322_000334_AM_1_r00_c00.tif,20230608T162322_000334,AM,1,r00_c00,train
20230608T162322_000335_AM_1_r00_c00.tif,20230608T162322_000335,AM,1,r00_c00,train
20230608T162322_000337_AM_1_r00_c00.tif,20230608T162322_000337,AM,1,r00_c00,train
20230608T162322_000338_AM_1_r00_c00.tif,20230608T162322_000338,AM,1,r00_c00,train
20230608T162334_000339_AM_1_r00_c00.tif,20230608T162334_000339,AM,1,r00_c00,train
20230608T162334_000339_AM_1_r00_c01.tif,20230608T162334_000339,AM,1,r00_c01,train
20230608T162334_000339_AM_1_r01_c00.tif,20230608T162334_000339,AM,1,r01_c00,train
20230608T162334_000339_AM_1_r01_c01.tif,20230608T162334_000339,AM,1,r01_c01,train
20230608T162334_000341_AM_1_r00_c00.tif,20230608T162334_000341,AM,1,r00_c00,train
20230608T162334_000342_AM_1_r00_c00.tif,20230608T162334_000342,AM,1,r00_c00,train
20230608T162334_000343_AM_1_r00_c00.tif,20230608T162334_000343,AM,1,r00_c00,train
20230608T162334_000344_AM_1_r00_c00.tif,20230608T162334_000344,AM,1,r00_c00,train
20230608T162334_000345_AM_1_r00_c00.tif,20230608T162334_000345,AM,1,r00_c00,train
20230608T162346_000346_AM_1_r00_c00.tif,20230608T162346_000346,AM,1,r00_c00,train
20230608T162346_000350_AM_1_r00_c00.tif,20230608T162346_000350,AM,1,r00_c00,train
20230608T162346_000350_AM_1_r00_c01.tif,20230608T162346_000350,AM,1,r00_c01,train
20230608T162346_000350_AM_1_r01_c00.tif,20230608T162346_000350,AM,1,r01_c00,train
20230608T162346_000350_AM_1_r01_c01.tif,20230608T162346_000350,AM,1,r01_c01,train
20230608T162346_000351_AM_1_r00_c00.tif,20230608T162346_000351,AM,1,r00_c00,train
20230608T162346_000353_AM_1_r00_c00.tif,20230608T162346_000353,AM,1,r00_c00,train
20230608T162346_000355_AM_1_r00_c00.tif,20230608T162346_000355,AM,1,r00_c00,train
20230609T045106_000937_CM_1_r00_c00.tif,20230609T045106_000937,CM,1,r00_c00,val
20230609T075016_000934_ME_1_r00_c00.tif,20230609T075016_000934,ME,1,r00_c00,train
20230609T171010_000953_AM_1_r00_c00.tif,20230609T171010_000953,AM,1,r00_c00,train
20230609T171133_000933_AM_1_r00_c00.tif,20230609T171133_000933,AM,1,r00_c00,train
20230610T035759_000952_CM_1_r00_c00.tif,20230610T035759_000952,CM,1,r00_c00,val
20230610T053019_000941_ME_0_r00_c00.tif,20230610T053019_000941,ME,0,r00_c00,train
20230610T053019_000941_ME_0_r00_c01.tif,20230610T053019_000941,ME,0,r00_c01,train
20230610T053019_000941_ME_0_r00_c02.tif,20230610T053019_000941,ME,0,r00_c02,train
20230610T053019_000941_ME_0_r00_c03.tif,20230610T053019_000941,ME,0,r00_c03,train
20230610T053019_000941_ME_0_r01_c00.tif,20230610T053019_000941,ME,0,r01_c00,train
20230610T053019_000941_ME_0_r01_c03.tif,20230610T053019_000941,ME,0,r01_c03,train
20230610T053019_000941_ME_0_r02_c00.tif,20230610T053019_000941,ME,0,r02_c00,train
20230610T053019_000941_ME_0_r03_c00.tif,20230610T053019_000941,ME,0,r03_c00,train
20230610T053019_000941_ME_0_r03_c01.tif,20230610T053019_000941,ME,0,r03_c01,train
20230610T053019_000941_ME_1_r01_c01.tif,20230610T053019_000941,ME,1,r01_c01,train
20230610T053019_000941_ME_1_r01_c02.tif,20230610T053019_000941,ME,1,r01_c02,train
20230610T053019_000941_ME_1_r02_c01.tif,20230610T053019_000941,ME,1,r02_c01,train
20230610T053019_000941_ME_1_r02_c02.tif,20230610T053019_000941,ME,1,r02_c02,train
20230610T053019_000942_ME_1_r00_c00.tif,20230610T053019_000942,ME,1,r00_c00,train
20230610T053019_000943_ME_1_r00_c00.tif,20230610T053019_000943,ME,1,r00_c00,train
20230610T053019_000944_ME_1_r00_c00.tif,20230610T053019_000944,ME,1,r00_c00,train
20230610T053019_000944_ME_1_r00_c01.tif,20230610T053019_000944,ME,1,r00_c01,train
20230610T053019_000944_ME_1_r01_c00.tif,20230610T053019_000944,ME,1,r01_c00,train
20230610T053019_000944_ME_1_r01_c01.tif,20230610T053019_000944,ME,1,r01_c01,train
20230610T053019_000945_ME_1_r00_c00.tif,20230610T053019_000945,ME,1,r00_c00,train
20230610T053019_000946_ME_1_r00_c00.tif,20230610T053019_000946,ME,1,r00_c00,train
20230610T053019_000946_ME_1_r00_c01.tif,20230610T053019_000946,ME,1,r00_c01,train
20230610T053019_000946_ME_1_r01_c00.tif,20230610T053019_000946,ME,1,r01_c00,train
20230610T053019_000946_ME_1_r01_c01.tif,20230610T053019_000946,ME,1,r01_c01,train
20230610T053019_000947_ME_1_r00_c00.tif,20230610T053019_000947,ME,1,r00_c00,train
20230610T053019_000948_ME_1_r00_c00.tif,20230610T053019_000948,ME,1,r00_c00,train
20230610T053019_000949_ME_1_r00_c00.tif,20230610T053019_000949,ME,1,r00_c00,train
20230610T162155_000932_AM_1_r00_c00.tif,20230610T162155_000932,AM,1,r00_c00,train
20230611T044427_000950_ST_1_r00_c00.tif,20230611T044427_000950,ST,1,r00_c00,train
20230611T044526_000951_ST_1_r00_c00.tif,20230611T044526_000951,ST,1,r00_c00,train
20230611T061638_000954_ME_1_r00_c00.tif,20230611T061638_000954,ME,1,r00_c00,train
20230612T022418_000328_CM_1_r00_c00.tif,20230612T022418_000328,CM,1,r00_c00,val
20230612T022418_000328_CM_1_r00_c01.tif,20230612T022418_000328,CM,1,r00_c01,val
20230612T022418_000328_CM_1_r01_c00.tif,20230612T022418_000328,CM,1,r01_c00,val
20230612T022418_000328_CM_1_r01_c01.tif,20230612T022418_000328,CM,1,r01_c01,val
20230612T053253_000327_ST_1_r00_c00.tif,20230612T053253_000327,ST,1,r00_c00,train
20230612T162103_000319_AM_0_r00_c00.tif,20230612T162103_000319,AM,0,r00_c00,train
20230612T162103_000319_AM_0_r00_c01.tif,20230612T162103_000319,AM,0,r00_c01,train
20230612T162103_000319_AM_0_r00_c03.tif,20230612T162103_000319,AM,0,r00_c03,train
20230612T162103_000319_AM_0_r01_c00.tif,20230612T162103_000319,AM,0,r01_c00,train
20230612T162103_000319_AM_0_r01_c03.tif,20230612T162103_000319,AM,0,r01_c03,train
20230612T162103_000319_AM_0_r02_c00.tif,20230612T162103_000319,AM,0,r02_c00,train
20230612T162103_000319_AM_0_r02_c03.tif,20230612T162103_000319,AM,0,r02_c03,train
20230612T162103_000319_AM_0_r03_c00.tif,20230612T162103_000319,AM,0,r03_c00,train
20230612T162103_000319_AM_0_r03_c01.tif,20230612T162103_000319,AM,0,r03_c01,train
20230612T162103_000319_AM_0_r03_c02.tif,20230612T162103_000319,AM,0,r03_c02,train
20230612T162103_000319_AM_0_r03_c03.tif,20230612T162103_000319,AM,0,r03_c03,train
20230612T162103_000319_AM_1_r00_c02.tif,20230612T162103_000319,AM,1,r00_c02,train
20230612T162103_000319_AM_1_r01_c01.tif,20230612T162103_000319,AM,1,r01_c01,train
20230612T162103_000319_AM_1_r01_c02.tif,20230612T162103_000319,AM,1,r01_c02,train
20230612T162103_000319_AM_1_r02_c01.tif,20230612T162103_000319,AM,1,r02_c01,train
20230612T162103_000319_AM_1_r02_c02.tif,20230612T162103_000319,AM,1,r02_c02,train
20230612T162103_000320_AM_1_r00_c00.tif,20230612T162103_000320,AM,1,r00_c00,train
20230613T044314_000035_ST_1_r00_c00.tif,20230613T044314_000035,ST,1,r00_c00,train
20230613T111348_000024_ST_1_r00_c00.tif,20230613T111348_000024,ST,1,r00_c00,train
20230613T111348_000025_ST_1_r00_c00.tif,20230613T111348_000025,ST,1,r00_c00,train
20230613T111348_000026_ST_1_r00_c00.tif,20230613T111348_000026,ST,1,r00_c00,train
20230613T111348_000027_ST_1_r00_c00.tif,20230613T111348_000027,ST,1,r00_c00,train
20230613T111348_000028_ST_1_r00_c00.tif,20230613T111348_000028,ST,1,r00_c00,train
20230613T111348_000029_ST_1_r00_c00.tif,20230613T111348_000029,ST,1,r00_c00,train
20230613T111348_000030_ST_1_r00_c00.tif,20230613T111348_000030,ST,1,r00_c00,train
20230613T111348_000032_ST_1_r00_c00.tif,20230613T111348_000032,ST,1,r00_c00,train
20230613T111348_000033_ST_1_r00_c00.tif,20230613T111348_000033,ST,1,r00_c00,train
20230614T102403_000043_ST_1_r00_c00.tif,20230614T102403_000043,ST,1,r00_c00,train
20230614T102403_000045_ST_1_r00_c00.tif,20230614T102403_000045,ST,1,r00_c00,train
20230614T102415_000044_ST_1_r00_c00.tif,20230614T102415_000044,ST,1,r00_c00,train
20230614T102415_000046_ST_1_r00_c00.tif,20230614T102415_000046,ST,1,r00_c00,train
20230614T102415_000047_ST_1_r00_c00.tif,20230614T102415_000047,ST,1,r00_c00,train
20230614T102415_000048_ST_1_r00_c00.tif,20230614T102415_000048,ST,1,r00_c00,train
20230614T102439_000049_ST_1_r00_c00.tif,20230614T102439_000049,ST,1,r00_c00,train
20230614T102451_000050_ST_1_r00_c00.tif,20230614T102451_000050,ST,1,r00_c00,train
20230614T102451_000051_ST_1_r00_c00.tif,20230614T102451_000051,ST,1,r00_c00,train
20230614T102451_000052_ST_1_r00_c00.tif,20230614T102451_000052,ST,1,r00_c00,train
20230614T193706_000038_AM_1_r00_c00.tif,20230614T193706_000038,AM,1,r00_c00,train
20230616T115949_001030_ME_1_r00_c00.tif,20230616T115949_001030,ME,1,r00_c00,train
20230616T211343_001019_AM_1_r00_c00.tif,20230616T211343_001019,AM,1,r00_c00,train
20230616T211419_001022_AM_1_r00_c00.tif,20230616T211419_001022,AM,1,r00_c00,train
20230616T211419_001023_AM_1_r00_c00.tif,20230616T211419_001023,AM,1,r00_c00,train
20230616T211419_001024_AM_1_r00_c00.tif,20230616T211419_001024,AM,1,r00_c00,train
20230616T211419_001026_AM_1_r00_c00.tif,20230616T211419_001026,AM,1,r00_c00,train
20230616T211419_001062_AM_1_r00_c00.tif,20230616T211419_001062,AM,1,r00_c00,train
20230616T211419_001063_AM_1_r00_c00.tif,20230616T211419_001063,AM,1,r00_c00,train
20230616T211431_001027_AM_1_r00_c00.tif,20230616T211431_001027,AM,1,r00_c00,train
20230616T211431_001028_AM_1_r00_c00.tif,20230616T211431_001028,AM,1,r00_c00,train
20230616T211431_001029_AM_1_r00_c00.tif,20230616T211431_001029,AM,1,r00_c00,train
20230617T110003_001103_EU_1_r00_c00.tif,20230617T110003_001103,EU,1,r00_c00,train
20230619T080347_001158_AS_1_r00_c00.tif,20230619T080347_001158,AS,1,r00_c00,test
20230619T110748_001110_ME_1_r00_c00.tif,20230619T110748_001110,ME,1,r00_c00,train
20230620T084414_000003_ST_1_r00_c00.tif,20230620T084414_000003,ST,1,r00_c00,train
20230620T084414_000004_ST_1_r00_c00.tif,20230620T084414_000004,ST,1,r00_c00,train
20230620T084414_000005_ST_1_r00_c00.tif,20230620T084414_000005,ST,1,r00_c00,train
20230620T084414_000006_ST_1_r00_c00.tif,20230620T084414_000006,ST,1,r00_c00,train
20230620T084414_000007_ST_1_r00_c00.tif,20230620T084414_000007,ST,1,r00_c00,train
20230620T084414_000008_ST_1_r00_c00.tif,20230620T084414_000008,ST,1,r00_c00,train
20230620T084414_000010_ST_1_r00_c00.tif,20230620T084414_000010,ST,1,r00_c00,train
20230620T084414_000011_ST_1_r00_c00.tif,20230620T084414_000011,ST,1,r00_c00,train
20230620T084414_000012_ST_1_r00_c00.tif,20230620T084414_000012,ST,1,r00_c00,train
20230620T084414_000013_ST_1_r00_c00.tif,20230620T084414_000013,ST,1,r00_c00,train
20230620T084414_000014_ST_1_r00_c00.tif,20230620T084414_000014,ST,1,r00_c00,train
20230620T084414_000015_ST_1_r00_c00.tif,20230620T084414_000015,ST,1,r00_c00,train
20230620T084414_000016_ST_1_r00_c00.tif,20230620T084414_000016,ST,1,r00_c00,train
20230620T084414_000018_ST_1_r00_c00.tif,20230620T084414_000018,ST,1,r00_c00,train
20230620T084414_000019_ST_1_r00_c00.tif,20230620T084414_000019,ST,1,r00_c00,train
20230620T084414_000020_ST_1_r00_c00.tif,20230620T084414_000020,ST,1,r00_c00,train
20230620T084414_000022_ST_1_r00_c00.tif,20230620T084414_000022,ST,1,r00_c00,train
20230620T084426_000000_ST_0_r00_c00.tif,20230620T084426_000000,ST,0,r00_c00,train
20230620T084426_000000_ST_0_r00_c03.tif,20230620T084426_000000,ST,0,r00_c03,train
20230620T084426_000000_ST_0_r01_c00.tif,20230620T084426_000000,ST,0,r01_c00,train
20230620T084426_000000_ST_0_r01_c03.tif,20230620T084426_000000,ST,0,r01_c03,train
20230620T084426_000000_ST_0_r02_c00.tif,20230620T084426_000000,ST,0,r02_c00,train
20230620T084426_000000_ST_0_r02_c03.tif,20230620T084426_000000,ST,0,r02_c03,train
20230620T084426_000000_ST_0_r03_c00.tif,20230620T084426_000000,ST,0,r03_c00,train
20230620T084426_000000_ST_0_r03_c03.tif,20230620T084426_000000,ST,0,r03_c03,train
20230620T084426_000000_ST_1_r00_c01.tif,20230620T084426_000000,ST,1,r00_c01,train
20230620T084426_000000_ST_1_r00_c02.tif,20230620T084426_000000,ST,1,r00_c02,train
20230620T084426_000000_ST_1_r01_c01.tif,20230620T084426_000000,ST,1,r01_c01,train
20230620T084426_000000_ST_1_r01_c02.tif,20230620T084426_000000,ST,1,r01_c02,train
20230620T084426_000000_ST_1_r02_c01.tif,20230620T084426_000000,ST,1,r02_c01,train
20230620T084426_000000_ST_1_r02_c02.tif,20230620T084426_000000,ST,1,r02_c02,train
20230620T084426_000000_ST_1_r03_c01.tif,20230620T084426_000000,ST,1,r03_c01,train
20230620T084426_000000_ST_1_r03_c02.tif,20230620T084426_000000,ST,1,r03_c02,train
20230620T084426_000001_ST_0_r00_c00.tif,20230620T084426_000001,ST,0,r00_c00,train
20230620T084426_000001_ST_0_r00_c01.tif,20230620T084426_000001,ST,0,r00_c01,train
20230620T084426_000001_ST_0_r00_c03.tif,20230620T084426_000001,ST,0,r00_c03,train
20230620T084426_000001_ST_0_r01_c00.tif,20230620T084426_000001,ST,0,r01_c00,train
20230620T084426_000001_ST_0_r01_c03.tif,20230620T084426_000001,ST,0,r01_c03,train
20230620T084426_000001_ST_0_r02_c00.tif,20230620T084426_000001,ST,0,r02_c00,train
20230620T084426_000001_ST_0_r02_c03.tif,20230620T084426_000001,ST,0,r02_c03,train
20230620T084426_000001_ST_0_r03_c00.tif,20230620T084426_000001,ST,0,r03_c00,train
20230620T084426_000001_ST_0_r03_c01.tif,20230620T084426_000001,ST,0,r03_c01,train
20230620T084426_000001_ST_0_r03_c02.tif,20230620T084426_000001,ST,0,r03_c02,train
20230620T084426_000001_ST_1_r00_c02.tif,20230620T084426_000001,ST,1,r00_c02,train
20230620T084426_000001_ST_1_r01_c01.tif,20230620T084426_000001,ST,1,r01_c01,train
20230620T084426_000001_ST_1_r01_c02.tif,20230620T084426_000001,ST,1,r01_c02,train
20230620T084426_000001_ST_1_r02_c01.tif,20230620T084426_000001,ST,1,r02_c01,train
20230620T084426_000001_ST_1_r02_c02.tif,20230620T084426_000001,ST,1,r02_c02,train
20230620T084426_000002_ST_1_r00_c00.tif,20230620T084426_000002,ST,1,r00_c00,train
20230620T084426_000017_ST_1_r00_c00.tif,20230620T084426_000017,ST,1,r00_c00,train
20230622T115037_000171_ME_1_r00_c00.tif,20230622T115037_000171,ME,1,r00_c00,train
20230622T193201_000323_AM_1_r00_c00.tif,20230622T193201_000323,AM,1,r00_c00,train
20230622T193213_000325_AM_1_r00_c00.tif,20230622T193213_000325,AM,1,r00_c00,train
20230624T052900_000179_ST_1_r00_c00.tif,20230624T052900_000179,ST,1,r00_c00,train
20230624T053036_000180_ST_1_r00_c00.tif,20230624T053036_000180,ST,1,r00_c00,train
20230625T031355_000215_CM_1_r00_c00.tif,20230625T031355_000215,CM,1,r00_c00,val
20230625T031355_000216_CM_1_r00_c00.tif,20230625T031355_000216,CM,1,r00_c00,val
20230625T061649_000174_ST_1_r00_c00.tif,20230625T061649_000174,ST,1,r00_c00,train
20230625T061649_000175_ST_1_r00_c00.tif,20230625T061649_000175,ST,1,r00_c00,train
20230625T061649_000176_ST_1_r00_c00.tif,20230625T061649_000176,ST,1,r00_c00,train
20230625T061846_000177_ST_1_r00_c00.tif,20230625T061846_000177,ST,1,r00_c00,train
20230625T061846_000178_ST_1_r00_c00.tif,20230625T061846_000178,ST,1,r00_c00,train
20230625T075248_000172_EU_1_r00_c00.tif,20230625T075248_000172,EU,1,r00_c00,train
20230625T075248_000173_EU_1_r00_c00.tif,20230625T075248_000173,EU,1,r00_c00,train
20230626T084004_000169_ME_1_r00_c00.tif,20230626T084004_000169,ME,1,r00_c00,train
20230626T101232_000144_ME_1_r00_c00.tif,20230626T101232_000144,ME,1,r00_c00,train
20230626T101232_000145_ME_1_r00_c00.tif,20230626T101232_000145,ME,1,r00_c00,train
20230626T101232_000146_ME_1_r00_c00.tif,20230626T101232_000146,ME,1,r00_c00,train
20230626T101232_000147_ME_1_r00_c00.tif,20230626T101232_000147,ME,1,r00_c00,train
20230626T101343_000150_ME_1_r00_c00.tif,20230626T101343_000150,ME,1,r00_c00,train
20230627T030822_000060_CM_1_r00_c00.tif,20230627T030822_000060,CM,1,r00_c00,val
20230627T030822_000060_CM_1_r00_c01.tif,20230627T030822_000060,CM,1,r00_c01,val
20230627T030822_000060_CM_1_r01_c00.tif,20230627T030822_000060,CM,1,r01_c00,val
20230627T030822_000060_CM_1_r01_c01.tif,20230627T030822_000060,CM,1,r01_c01,val
20230627T044231_000056_ST_1_r00_c00.tif,20230627T044231_000056,ST,1,r00_c00,train
20230627T075201_000053_ME_1_r00_c00.tif,20230627T075201_000053,ME,1,r00_c00,train
20230627T075201_000054_ME_1_r00_c00.tif,20230627T075201_000054,ME,1,r00_c00,train
20230627T075201_000055_ME_1_r00_c00.tif,20230627T075201_000055,ME,1,r00_c00,train
20230628T052939_000077_ST_1_r00_c00.tif,20230628T052939_000077,ST,1,r00_c00,train
20230628T053236_000078_AS_1_r00_c00.tif,20230628T053236_000078,AS,1,r00_c00,test
20230628T053236_000080_AS_0_r00_c00.tif,20230628T053236_000080,AS,0,r00_c00,test
20230628T053236_000080_AS_0_r00_c02.tif,20230628T053236_000080,AS,0,r00_c02,test
20230628T053236_000080_AS_0_r00_c03.tif,20230628T053236_000080,AS,0,r00_c03,test
20230628T053236_000080_AS_0_r01_c00.tif,20230628T053236_000080,AS,0,r01_c00,test
20230628T053236_000080_AS_0_r01_c03.tif,20230628T053236_000080,AS,0,r01_c03,test
20230628T053236_000080_AS_0_r02_c00.tif,20230628T053236_000080,AS,0,r02_c00,test
20230628T053236_000080_AS_0_r02_c03.tif,20230628T053236_000080,AS,0,r02_c03,test
20230628T053236_000080_AS_0_r03_c00.tif,20230628T053236_000080,AS,0,r03_c00,test
20230628T053236_000080_AS_0_r03_c01.tif,20230628T053236_000080,AS,0,r03_c01,test
20230628T053236_000080_AS_0_r03_c03.tif,20230628T053236_000080,AS,0,r03_c03,test
20230628T053236_000080_AS_1_r00_c01.tif,20230628T053236_000080,AS,1,r00_c01,test
20230628T053236_000080_AS_1_r01_c01.tif,20230628T053236_000080,AS,1,r01_c01,test
20230628T053236_000080_AS_1_r01_c02.tif,20230628T053236_000080,AS,1,r01_c02,test
20230628T053236_000080_AS_1_r02_c01.tif,20230628T053236_000080,AS,1,r02_c01,test
20230628T053236_000080_AS_1_r02_c02.tif,20230628T053236_000080,AS,1,r02_c02,test
20230628T053236_000080_AS_1_r03_c02.tif,20230628T053236_000080,AS,1,r03_c02,test
20230628T053324_000081_AS_1_r00_c00.tif,20230628T053324_000081,AS,1,r00_c00,test
20230628T161924_000066_AM_1_r00_c00.tif,20230628T161924_000066,AM,1,r00_c00,train
20230629T013453_000138_CM_1_r00_c00.tif,20230629T013453_000138,CM,1,r00_c00,val
20230629T013453_000139_CM_1_r00_c00.tif,20230629T013453_000139,CM,1,r00_c00,val
20230629T013453_000140_CM_1_r00_c00.tif,20230629T013453_000140,CM,1,r00_c00,val
20230629T013453_000141_CM_1_r00_c00.tif,20230629T013453_000141,CM,1,r00_c00,val
20230629T013453_000141_CM_1_r00_c01.tif,20230629T013453_000141,CM,1,r00_c01,val
20230629T013453_000141_CM_1_r01_c00.tif,20230629T013453_000141,CM,1,r01_c00,val
20230629T013453_000141_CM_1_r01_c01.tif,20230629T013453_000141,CM,1,r01_c01,val
20230629T013516_000142_CM_1_r00_c00.tif,20230629T013516_000142,CM,1,r00_c00,val
20230629T013516_000143_CM_1_r00_c00.tif,20230629T013516_000143,CM,1,r00_c00,val
20230629T044014_000112_ST_1_r00_c00.tif,20230629T044014_000112,ST,1,r00_c00,train
20230629T044014_000112_ST_1_r00_c01.tif,20230629T044014_000112,ST,1,r00_c01,train
20230629T044014_000112_ST_1_r00_c02.tif,20230629T044014_000112,ST,1,r00_c02,train
20230629T044014_000112_ST_1_r00_c03.tif,20230629T044014_000112,ST,1,r00_c03,train
20230629T044014_000112_ST_1_r01_c00.tif,20230629T044014_000112,ST,1,r01_c00,train
20230629T044014_000112_ST_1_r01_c01.tif,20230629T044014_000112,ST,1,r01_c01,train
20230629T044014_000112_ST_1_r01_c02.tif,20230629T044014_000112,ST,1,r01_c02,train
20230629T044014_000112_ST_1_r01_c03.tif,20230629T044014_000112,ST,1,r01_c03,train
20230629T044050_000113_ST_1_r00_c00.tif,20230629T044050_000113,ST,1,r00_c00,train
20230629T044050_000114_ST_1_r00_c00.tif,20230629T044050_000114,ST,1,r00_c00,train
20230629T044050_000134_ST_1_r00_c00.tif,20230629T044050_000134,ST,1,r00_c00,train
20230629T044101_000133_ST_1_r00_c00.tif,20230629T044101_000133,ST,1,r00_c00,train
20230629T061416_000096_EU_1_r00_c00.tif,20230629T061416_000096,EU,1,r00_c00,train
20230629T061503_000097_ME_1_r00_c00.tif,20230629T061503_000097,ME,1,r00_c00,train
20230629T061626_000098_ME_1_r00_c00.tif,20230629T061626_000098,ME,1,r00_c00,train
20230629T061626_000098_ME_1_r00_c01.tif,20230629T061626_000098,ME,1,r00_c01,train
20230629T061626_000098_ME_1_r01_c00.tif,20230629T061626_000098,ME,1,r01_c00,train
20230629T061626_000098_ME_1_r01_c01.tif,20230629T061626_000098,ME,1,r01_c01,train
20230629T061626_000099_ME_1_r00_c00.tif,20230629T061626_000099,ME,1,r00_c00,train
20230629T061626_001034_ME_0_r00_c00.tif,20230629T061626_001034,ME,0,r00_c00,train
20230629T061626_001034_ME_0_r00_c03.tif,20230629T061626_001034,ME,0,r00_c03,train
20230629T061626_001034_ME_0_r01_c00.tif,20230629T061626_001034,ME,0,r01_c00,train
20230629T061626_001034_ME_0_r01_c03.tif,20230629T061626_001034,ME,0,r01_c03,train
20230629T061626_001034_ME_0_r02_c00.tif,20230629T061626_001034,ME,0,r02_c00,train
20230629T061626_001034_ME_0_r02_c03.tif,20230629T061626_001034,ME,0,r02_c03,train
20230629T061626_001034_ME_0_r03_c00.tif,20230629T061626_001034,ME,0,r03_c00,train
20230629T061626_001034_ME_0_r03_c01.tif,20230629T061626_001034,ME,0,r03_c01,train
20230629T061626_001034_ME_0_r03_c03.tif,20230629T061626_001034,ME,0,r03_c03,train
20230629T061626_001034_ME_1_r00_c01.tif,20230629T061626_001034,ME,1,r00_c01,train
20230629T061626_001034_ME_1_r00_c02.tif,20230629T061626_001034,ME,1,r00_c02,train
20230629T061626_001034_ME_1_r01_c01.tif,20230629T061626_001034,ME,1,r01_c01,train
20230629T061626_001034_ME_1_r01_c02.tif,20230629T061626_001034,ME,1,r01_c02,train
20230629T061626_001034_ME_1_r02_c01.tif,20230629T061626_001034,ME,1,r02_c01,train
20230629T061626_001034_ME_1_r02_c02.tif,20230629T061626_001034,ME,1,r02_c02,train
20230629T061626_001034_ME_1_r03_c02.tif,20230629T061626_001034,ME,1,r03_c02,train
20230629T061638_000100_ME_1_r00_c00.tif,20230629T061638_000100,ME,1,r00_c00,train
20230629T061638_001031_ME_1_r00_c00.tif,20230629T061638_001031,ME,1,r00_c00,train
20230629T061638_001032_ME_1_r00_c00.tif,20230629T061638_001032,ME,1,r00_c00,train
20230629T061650_000101_ME_0_r00_c00.tif,20230629T061650_000101,ME,0,r00_c00,train
20230629T061650_000101_ME_0_r00_c02.tif,20230629T061650_000101,ME,0,r00_c02,train
20230629T061650_000101_ME_0_r00_c03.tif,20230629T061650_000101,ME,0,r00_c03,train
20230629T061650_000101_ME_0_r01_c00.tif,20230629T061650_000101,ME,0,r01_c00,train
20230629T061650_000101_ME_0_r01_c03.tif,20230629T061650_000101,ME,0,r01_c03,train
20230629T061650_000101_ME_0_r02_c00.tif,20230629T061650_000101,ME,0,r02_c00,train
20230629T061650_000101_ME_0_r02_c03.tif,20230629T061650_000101,ME,0,r02_c03,train
20230629T061650_000101_ME_0_r03_c00.tif,20230629T061650_000101,ME,0,r03_c00,train
20230629T061650_000101_ME_0_r03_c01.tif,20230629T061650_000101,ME,0,r03_c01,train
20230629T061650_000101_ME_0_r03_c03.tif,20230629T061650_000101,ME,0,r03_c03,train
20230629T061650_000101_ME_1_r00_c01.tif,20230629T061650_000101,ME,1,r00_c01,train
20230629T061650_000101_ME_1_r01_c01.tif,20230629T061650_000101,ME,1,r01_c01,train
20230629T061650_000101_ME_1_r01_c02.tif,20230629T061650_000101,ME,1,r01_c02,train
20230629T061650_000101_ME_1_r02_c01.tif,20230629T061650_000101,ME,1,r02_c01,train
20230629T061650_000101_ME_1_r02_c02.tif,20230629T061650_000101,ME,1,r02_c02,train
20230629T061650_000101_ME_1_r03_c02.tif,20230629T061650_000101,ME,1,r03_c02,train
20230629T061650_000102_ME_1_r00_c00.tif,20230629T061650_000102,ME,1,r00_c00,train
20230629T061650_000105_ME_1_r00_c00.tif,20230629T061650_000105,ME,1,r00_c00,train
20230629T061650_000105_ME_1_r00_c01.tif,20230629T061650_000105,ME,1,r00_c01,train
20230629T061650_000105_ME_1_r01_c00.tif,20230629T061650_000105,ME,1,r01_c00,train
20230629T061650_000105_ME_1_r01_c01.tif,20230629T061650_000105,ME,1,r01_c01,train
20230629T061650_000106_ME_1_r00_c00.tif,20230629T061650_000106,ME,1,r00_c00,train
20230629T061650_001033_ME_1_r00_c00.tif,20230629T061650_001033,ME,1,r00_c00,train
20230629T061650_001035_ME_1_r00_c00.tif,20230629T061650_001035,ME,1,r00_c00,train
20230629T061727_000107_ME_1_r00_c00.tif,20230629T061727_000107,ME,1,r00_c00,train
20230629T061850_000110_ME_1_r00_c00.tif,20230629T061850_000110,ME,1,r00_c00,train
20230629T061850_000110_ME_1_r00_c01.tif,20230629T061850_000110,ME,1,r00_c01,train
20230629T061850_000110_ME_1_r01_c00.tif,20230629T061850_000110,ME,1,r01_c00,train
20230629T061850_000110_ME_1_r01_c01.tif,20230629T061850_000110,ME,1,r01_c01,train
20230629T154042_000089_SA_1_r00_c00.tif,20230629T154042_000089,SA,1,r00_c00,test
20230630T070649_000065_ME_1_r00_c00.tif,20230630T070649_000065,ME,1,r00_c00,train
20230630T102358_000161_SA_1_r00_c00.tif,20230630T102358_000161,SA,1,r00_c00,test
20230630T161728_000153_AM_1_r00_c00.tif,20230630T161728_000153,AM,1,r00_c00,train
20230723T173639_001509_SA_1_r00_c00.tif,20230723T173639_001509,SA,1,r00_c00,test
20230725T100532_001582_AS_1_r00_c00.tif,20230725T100532_001582,AS,1,r00_c00,test
20230725T113904_001576_ME_1_r00_c00.tif,20230725T113904_001576,ME,1,r00_c00,train
20230725T113927_001577_ME_1_r00_c00.tif,20230725T113927_001577,ME,1,r00_c00,train
20230725T113927_001578_ME_1_r00_c00.tif,20230725T113927_001578,ME,1,r00_c00,train
20230726T105355_001612_ST_1_r00_c00.tif,20230726T105355_001612,ST,1,r00_c00,train
20230726T105355_001613_ST_1_r00_c00.tif,20230726T105355_001613,ST,1,r00_c00,train
20230726T105355_001614_ST_1_r00_c00.tif,20230726T105355_001614,ST,1,r00_c00,train
20230726T105454_001616_ST_1_r00_c00.tif,20230726T105454_001616,ST,1,r00_c00,train
20230726T135714_001604_ME_1_r00_c00.tif,20230726T135714_001604,ME,1,r00_c00,train
20230728T105313_001636_ST_1_r00_c00.tif,20230728T105313_001636,ST,1,r00_c00,train
20230728T105313_001637_ST_1_r00_c00.tif,20230728T105313_001637,ST,1,r00_c00,train
20230728T105313_001639_ST_1_r00_c00.tif,20230728T105313_001639,ST,1,r00_c00,train
20230728T105313_001639_ST_1_r00_c01.tif,20230728T105313_001639,ST,1,r00_c01,train
20230728T105313_001639_ST_1_r01_c00.tif,20230728T105313_001639,ST,1,r01_c00,train
20230728T105313_001639_ST_1_r01_c01.tif,20230728T105313_001639,ST,1,r01_c01,train
20230728T105313_001640_ST_1_r00_c00.tif,20230728T105313_001640,ST,1,r00_c00,train
20230728T105313_001641_ST_1_r00_c00.tif,20230728T105313_001641,ST,1,r00_c00,train
20230728T105313_001641_ST_1_r00_c01.tif,20230728T105313_001641,ST,1,r00_c01,train
20230728T105313_001641_ST_1_r01_c00.tif,20230728T105313_001641,ST,1,r01_c00,train
20230728T105313_001641_ST_1_r01_c01.tif,20230728T105313_001641,ST,1,r01_c01,train
20230729T100252_000289_ME_1_r00_c00.tif,20230729T100252_000289,ME,1,r00_c00,train
20230729T100252_000290_ME_1_r00_c00.tif,20230729T100252_000290,ME,1,r00_c00,train
20230729T100252_000292_ME_1_r00_c00.tif,20230729T100252_000292,ME,1,r00_c00,train
20230729T100252_000293_ME_1_r00_c00.tif,20230729T100252_000293,ME,1,r00_c00,train
20230729T100630_000234_ST_1_r00_c00.tif,20230729T100630_000234,ST,1,r00_c00,train
20230729T100630_000294_ST_1_r00_c00.tif,20230729T100630_000294,ST,1,r00_c00,train
20230729T100630_000298_ST_1_r00_c00.tif,20230729T100630_000298,ST,1,r00_c00,train
20230729T130854_000280_ME_1_r00_c00.tif,20230729T130854_000280,ME,1,r00_c00,train
20230729T131041_000278_EU_1_r00_c00.tif,20230729T131041_000278,EU,1,r00_c00,train
20230729T205342_000275_AM_1_r00_c00.tif,20230729T205342_000275,AM,1,r00_c00,train
20230730T091451_000374_ME_1_r00_c00.tif,20230730T091451_000374,ME,1,r00_c00,train
20230730T104800_000373_ME_1_r00_c00.tif,20230730T104800_000373,ME,1,r00_c00,train
20230730T122047_000364_ME_1_r00_c00.tif,20230730T122047_000364,ME,1,r00_c00,train
20230730T122047_000368_ME_1_r00_c00.tif,20230730T122047_000368,ME,1,r00_c00,train
20230731T065804_000415_CM_1_r00_c00.tif,20230731T065804_000415,CM,1,r00_c00,val
20230731T130706_000407_ME_1_r00_c00.tif,20230731T130706_000407,ME,1,r00_c00,train
20230731T130804_001735_ME_1_r00_c00.tif,20230731T130804_001735,ME,1,r00_c00,train
20230731T191810_000405_AM_1_r00_c00.tif,20230731T191810_000405,AM,1,r00_c00,train
20230731T191810_000406_AM_1_r00_c00.tif,20230731T191810_000406,AM,1,r00_c00,train
20230731T191822_000404_AM_1_r00_c00.tif,20230731T191822_000404,AM,1,r00_c00,train
20230731T191834_000399_AM_1_r00_c00.tif,20230731T191834_000399,AM,1,r00_c00,train
20230731T191834_000400_AM_1_r00_c00.tif,20230731T191834_000400,AM,1,r00_c00,train
20230731T191834_000401_AM_1_r00_c00.tif,20230731T191834_000401,AM,1,r00_c00,train
20230731T191834_000403_AM_1_r00_c00.tif,20230731T191834_000403,AM,1,r00_c00,train
20230731T191846_000394_AM_1_r00_c00.tif,20230731T191846_000394,AM,1,r00_c00,train
20230731T191846_000395_AM_1_r00_c00.tif,20230731T191846_000395,AM,1,r00_c00,train
20230731T191846_000396_AM_1_r00_c00.tif,20230731T191846_000396,AM,1,r00_c00,train
20230731T191846_000398_AM_1_r00_c00.tif,20230731T191846_000398,AM,1,r00_c00,train
20230801T091636_000433_ST_1_r00_c00.tif,20230801T091636_000433,ST,1,r00_c00,train
20230801T091636_000433_ST_1_r00_c01.tif,20230801T091636_000433,ST,1,r00_c01,train
20230801T091636_000433_ST_1_r01_c00.tif,20230801T091636_000433,ST,1,r01_c00,train
20230801T091636_000433_ST_1_r01_c01.tif,20230801T091636_000433,ST,1,r01_c01,train
20230801T091636_000434_ST_1_r00_c00.tif,20230801T091636_000434,ST,1,r00_c00,train
20230801T091636_000436_ST_1_r00_c00.tif,20230801T091636_000436,ST,1,r00_c00,train
20230801T091636_000438_ST_0_r00_c00.tif,20230801T091636_000438,ST,0,r00_c00,train
20230801T091636_000438_ST_0_r00_c01.tif,20230801T091636_000438,ST,0,r00_c01,train
20230801T091636_000438_ST_0_r00_c02.tif,20230801T091636_000438,ST,0,r00_c02,train
20230801T091636_000438_ST_0_r00_c03.tif,20230801T091636_000438,ST,0,r00_c03,train
20230801T091636_000438_ST_0_r01_c03.tif,20230801T091636_000438,ST,0,r01_c03,train
20230801T091636_000438_ST_0_r02_c00.tif,20230801T091636_000438,ST,0,r02_c00,train
20230801T091636_000438_ST_0_r03_c00.tif,20230801T091636_000438,ST,0,r03_c00,train
20230801T091636_000438_ST_0_r03_c01.tif,20230801T091636_000438,ST,0,r03_c01,train
20230801T091636_000438_ST_0_r03_c02.tif,20230801T091636_000438,ST,0,r03_c02,train
20230801T091636_000438_ST_0_r03_c03.tif,20230801T091636_000438,ST,0,r03_c03,train
20230801T091636_000438_ST_1_r01_c00.tif,20230801T091636_000438,ST,1,r01_c00,train
20230801T091636_000438_ST_1_r01_c01.tif,20230801T091636_000438,ST,1,r01_c01,train
20230801T091636_000438_ST_1_r01_c02.tif,20230801T091636_000438,ST,1,r01_c02,train
20230801T091636_000438_ST_1_r02_c01.tif,20230801T091636_000438,ST,1,r02_c01,train
20230801T091636_000438_ST_1_r02_c02.tif,20230801T091636_000438,ST,1,r02_c02,train
20230801T091636_000438_ST_1_r02_c03.tif,20230801T091636_000438,ST,1,r02_c03,train
20230801T091648_000439_ST_0_r00_c03.tif,20230801T091648_000439,ST,0,r00_c03,train
20230801T091648_000439_ST_0_r02_c00.tif,20230801T091648_000439,ST,0,r02_c00,train
20230801T091648_000439_ST_1_r00_c00.tif,20230801T091648_000439,ST,1,r00_c00,train
20230801T091648_000439_ST_1_r00_c01.tif,20230801T091648_000439,ST,1,r00_c01,train
20230801T091648_000439_ST_1_r00_c02.tif,20230801T091648_000439,ST,1,r00_c02,train
20230801T091648_000439_ST_1_r01_c00.tif,20230801T091648_000439,ST,1,r01_c00,train
20230801T091648_000439_ST_1_r01_c01.tif,20230801T091648_000439,ST,1,r01_c01,train
20230801T091648_000439_ST_1_r01_c02.tif,20230801T091648_000439,ST,1,r01_c02,train
20230801T091648_000439_ST_1_r01_c03.tif,20230801T091648_000439,ST,1,r01_c03,train
20230801T091648_000439_ST_1_r02_c01.tif,20230801T091648_000439,ST,1,r02_c01,train
20230801T091648_000439_ST_1_r02_c02.tif,20230801T091648_000439,ST,1,r02_c02,train
20230801T091648_000439_ST_1_r02_c03.tif,20230801T091648_000439,ST,1,r02_c03,train
20230801T091648_000440_ST_0_r00_c00.tif,20230801T091648_000440,ST,0,r00_c00,train
20230801T091648_000440_ST_0_r00_c01.tif,20230801T091648_000440,ST,0,r00_c01,train
20230801T091648_000440_ST_0_r00_c02.tif,20230801T091648_000440,ST,0,r00_c02,train
20230801T091648_000440_ST_0_r00_c03.tif,20230801T091648_000440,ST,0,r00_c03,train
20230801T091648_000440_ST_0_r01_c03.tif,20230801T091648_000440,ST,0,r01_c03,train
20230801T091648_000440_ST_0_r02_c00.tif,20230801T091648_000440,ST,0,r02_c00,train
20230801T091648_000440_ST_0_r02_c03.tif,20230801T091648_000440,ST,0,r02_c03,train
20230801T091648_000440_ST_0_r03_c00.tif,20230801T091648_000440,ST,0,r03_c00,train
20230801T091648_000440_ST_0_r03_c01.tif,20230801T091648_000440,ST,0,r03_c01,train
20230801T091648_000440_ST_0_r03_c02.tif,20230801T091648_000440,ST,0,r03_c02,train
20230801T091648_000440_ST_0_r03_c03.tif,20230801T091648_000440,ST,0,r03_c03,train
20230801T091648_000440_ST_1_r01_c00.tif,20230801T091648_000440,ST,1,r01_c00,train
20230801T091648_000440_ST_1_r01_c01.tif,20230801T091648_000440,ST,1,r01_c01,train
20230801T091648_000440_ST_1_r01_c02.tif,20230801T091648_000440,ST,1,r01_c02,train
20230801T091648_000440_ST_1_r02_c01.tif,20230801T091648_000440,ST,1,r02_c01,train
20230801T091648_000440_ST_1_r02_c02.tif,20230801T091648_000440,ST,1,r02_c02,train
20230801T091648_000441_ST_1_r00_c00.tif,20230801T091648_000441,ST,1,r00_c00,train
20230801T091648_000441_ST_1_r00_c01.tif,20230801T091648_000441,ST,1,r00_c01,train
20230801T091648_000441_ST_1_r01_c00.tif,20230801T091648_000441,ST,1,r01_c00,train
20230801T091648_000441_ST_1_r01_c01.tif,20230801T091648_000441,ST,1,r01_c01,train
20230801T091648_000442_ST_0_r00_c01.tif,20230801T091648_000442,ST,0,r00_c01,train
20230801T091648_000442_ST_0_r00_c02.tif,20230801T091648_000442,ST,0,r00_c02,train
20230801T091648_000442_ST_0_r00_c03.tif,20230801T091648_000442,ST,0,r00_c03,train
20230801T091648_000442_ST_0_r01_c03.tif,20230801T091648_000442,ST,0,r01_c03,train
20230801T091648_000442_ST_0_r02_c00.tif,20230801T091648_000442,ST,0,r02_c00,train
20230801T091648_000442_ST_0_r02_c03.tif,20230801T091648_000442,ST,0,r02_c03,train
20230801T091648_000442_ST_0_r03_c00.tif,20230801T091648_000442,ST,0,r03_c00,train
20230801T091648_000442_ST_0_r03_c01.tif,20230801T091648_000442,ST,0,r03_c01,train
20230801T091648_000442_ST_0_r03_c02.tif,20230801T091648_000442,ST,0,r03_c02,train
20230801T091648_000442_ST_0_r03_c03.tif,20230801T091648_000442,ST,0,r03_c03,train
20230801T091648_000442_ST_1_r01_c00.tif,20230801T091648_000442,ST,1,r01_c00,train
20230801T091648_000442_ST_1_r01_c01.tif,20230801T091648_000442,ST,1,r01_c01,train
20230801T091648_000442_ST_1_r01_c02.tif,20230801T091648_000442,ST,1,r01_c02,train
20230801T091648_000442_ST_1_r02_c01.tif,20230801T091648_000442,ST,1,r02_c01,train
20230801T091648_000442_ST_1_r02_c02.tif,20230801T091648_000442,ST,1,r02_c02,train
20230802T082547_000454_ME_1_r00_c00.tif,20230802T082547_000454,ME,1,r00_c00,train
20230802T082547_000454_ME_1_r00_c01.tif,20230802T082547_000454,ME,1,r00_c01,train
20230802T082547_000454_ME_1_r01_c00.tif,20230802T082547_000454,ME,1,r01_c00,train
20230802T082547_000454_ME_1_r01_c01.tif,20230802T082547_000454,ME,1,r01_c01,train
20230802T082547_000455_ME_1_r00_c00.tif,20230802T082547_000455,ME,1,r00_c00,train
20230802T082547_000455_ME_1_r00_c01.tif,20230802T082547_000455,ME,1,r00_c01,train
20230802T082547_000455_ME_1_r01_c00.tif,20230802T082547_000455,ME,1,r01_c00,train
20230802T082547_000455_ME_1_r01_c01.tif,20230802T082547_000455,ME,1,r01_c01,train
20230802T082610_000456_ME_1_r00_c00.tif,20230802T082610_000456,ME,1,r00_c00,train
20230802T082610_000456_ME_1_r00_c01.tif,20230802T082610_000456,ME,1,r00_c01,train
20230802T082610_000456_ME_1_r01_c00.tif,20230802T082610_000456,ME,1,r01_c00,train
20230802T082610_000456_ME_1_r01_c01.tif,20230802T082610_000456,ME,1,r01_c01,train
20230802T082610_000457_ME_1_r00_c00.tif,20230802T082610_000457,ME,1,r00_c00,train
20230802T082610_001738_ME_1_r00_c00.tif,20230802T082610_001738,ME,1,r00_c00,train
20230802T082610_001738_ME_1_r00_c01.tif,20230802T082610_001738,ME,1,r00_c01,train
20230802T082610_001738_ME_1_r01_c00.tif,20230802T082610_001738,ME,1,r01_c00,train
20230802T082610_001738_ME_1_r01_c01.tif,20230802T082610_001738,ME,1,r01_c01,train
20230802T082953_000458_ST_1_r00_c00.tif,20230802T082953_000458,ST,1,r00_c00,train
20230802T113411_000451_EU_1_r00_c00.tif,20230802T113411_000451,EU,1,r00_c00,train
20230803T092103_000480_ST_1_r00_c00.tif,20230803T092103_000480,ST,1,r00_c00,train
20230803T104831_000466_EU_1_r00_c00.tif,20230803T104831_000466,EU,1,r00_c00,train
20230804T052223_000977_CM_1_r00_c00.tif,20230804T052223_000977,CM,1,r00_c00,val
20230804T082559_000972_ME_1_r00_c00.tif,20230804T082559_000972,ME,1,r00_c00,train
20230804T082948_000973_ST_1_r00_c00.tif,20230804T082948_000973,ST,1,r00_c00,train
20230804T113111_000969_ME_1_r00_c00.tif,20230804T113111_000969,ME,1,r00_c00,train
20230804T174129_000965_AM_1_r00_c00.tif,20230804T174129_000965,AM,1,r00_c00,train
20230804T174141_000963_AM_1_r00_c00.tif,20230804T174141_000963,AM,1,r00_c00,train
20230804T174141_000964_AM_1_r00_c00.tif,20230804T174141_000964,AM,1,r00_c00,train
20230804T174141_000966_AM_1_r00_c00.tif,20230804T174141_000966,AM,1,r00_c00,train
20230805T060827_000999_CM_1_r00_c00.tif,20230805T060827_000999,CM,1,r00_c00,val
20230805T073838_000995_ME_1_r00_c00.tif,20230805T073838_000995,ME,1,r00_c00,train
20230805T073838_000996_ME_1_r00_c00.tif,20230805T073838_000996,ME,1,r00_c00,train
20230805T074037_000997_ST_1_r00_c00.tif,20230805T074037_000997,ST,1,r00_c00,train
20230805T090852_000985_ME_1_r00_c00.tif,20230805T090852_000985,ME,1,r00_c00,train
20230805T090904_000986_ME_1_r00_c00.tif,20230805T090904_000986,ME,1,r00_c00,train
20230805T090915_000988_ME_1_r00_c00.tif,20230805T090915_000988,ME,1,r00_c00,train
20230806T034659_001088_CM_1_r00_c00.tif,20230806T034659_001088,CM,1,r00_c00,val
20230806T034659_001089_CM_1_r00_c00.tif,20230806T034659_001089,CM,1,r00_c00,val
20230806T034803_001092_CM_1_r00_c00.tif,20230806T034803_001092,CM,1,r00_c00,val
20230806T065231_001081_ST_1_r00_c00.tif,20230806T065231_001081,ST,1,r00_c00,train
20230807T073511_001100_ME_1_r00_c00.tif,20230807T073511_001100,ME,1,r00_c00,train
20230807T073511_001178_ME_1_r00_c00.tif,20230807T073511_001178,ME,1,r00_c00,train
20230807T073622_001205_ME_1_r00_c00.tif,20230807T073622_001205,ME,1,r00_c00,train
20230807T090655_001097_ME_1_r00_c00.tif,20230807T090655_001097,ME,1,r00_c00,train
20230807T090655_001098_ME_1_r00_c00.tif,20230807T090655_001098,ME,1,r00_c00,train
20230809T043025_001378_CM_0_r03_c02.tif,20230809T043025_001378,CM,0,r03_c02,val
20230809T043025_001378_CM_0_r04_c01.tif,20230809T043025_001378,CM,0,r04_c01,val
20230809T043025_001378_CM_0_r04_c02.tif,20230809T043025_001378,CM,0,r04_c02,val
20230809T043025_001378_CM_1_r00_c00.tif,20230809T043025_001378,CM,1,r00_c00,val
20230809T043025_001378_CM_1_r00_c01.tif,20230809T043025_001378,CM,1,r00_c01,val
20230809T043025_001378_CM_1_r00_c02.tif,20230809T043025_001378,CM,1,r00_c02,val
20230809T043025_001378_CM_1_r01_c00.tif,20230809T043025_001378,CM,1,r01_c00,val
20230809T043025_001378_CM_1_r01_c01.tif,20230809T043025_001378,CM,1,r01_c01,val
20230809T043025_001378_CM_1_r01_c02.tif,20230809T043025_001378,CM,1,r01_c02,val
20230809T043025_001378_CM_1_r02_c00.tif,20230809T043025_001378,CM,1,r02_c00,val
20230809T043025_001378_CM_1_r02_c01.tif,20230809T043025_001378,CM,1,r02_c01,val
20230809T043025_001378_CM_1_r02_c02.tif,20230809T043025_001378,CM,1,r02_c02,val
20230809T043025_001378_CM_1_r03_c00.tif,20230809T043025_001378,CM,1,r03_c00,val
20230809T043025_001378_CM_1_r03_c01.tif,20230809T043025_001378,CM,1,r03_c01,val
20230809T043025_001378_CM_1_r04_c00.tif,20230809T043025_001378,CM,1,r04_c00,val
20230809T060151_001371_ME_0_r00_c03.tif,20230809T060151_001371,ME,0,r00_c03,train
20230809T060151_001371_ME_0_r00_c04.tif,20230809T060151_001371,ME,0,r00_c04,train
20230809T060151_001371_ME_0_r00_c05.tif,20230809T060151_001371,ME,0,r00_c05,train
20230809T060151_001371_ME_0_r00_c06.tif,20230809T060151_001371,ME,0,r00_c06,train
20230809T060151_001371_ME_0_r01_c04.tif,20230809T060151_001371,ME,0,r01_c04,train
20230809T060151_001371_ME_0_r01_c05.tif,20230809T060151_001371,ME,0,r01_c05,train
20230809T060151_001371_ME_0_r01_c06.tif,20230809T060151_001371,ME,0,r01_c06,train
20230809T060151_001371_ME_0_r02_c00.tif,20230809T060151_001371,ME,0,r02_c00,train
20230809T060151_001371_ME_0_r02_c05.tif,20230809T060151_001371,ME,0,r02_c05,train
20230809T060151_001371_ME_0_r02_c06.tif,20230809T060151_001371,ME,0,r02_c06,train
20230809T060151_001371_ME_0_r03_c00.tif,20230809T060151_001371,ME,0,r03_c00,train
20230809T060151_001371_ME_0_r03_c01.tif,20230809T060151_001371,ME,0,r03_c01,train
20230809T060151_001371_ME_0_r03_c02.tif,20230809T060151_001371,ME,0,r03_c02,train
20230809T060151_001371_ME_0_r03_c05.tif,20230809T060151_001371,ME,0,r03_c05,train
20230809T060151_001371_ME_0_r03_c06.tif,20230809T060151_001371,ME,0,r03_c06,train
20230809T060151_001371_ME_0_r04_c00.tif,20230809T060151_001371,ME,0,r04_c00,train
20230809T060151_001371_ME_0_r04_c01.tif,20230809T060151_001371,ME,0,r04_c01,train
20230809T060151_001371_ME_0_r04_c02.tif,20230809T060151_001371,ME,0,r04_c02,train
20230809T060151_001371_ME_0_r05_c00.tif,20230809T060151_001371,ME,0,r05_c00,train
20230809T060151_001371_ME_0_r05_c01.tif,20230809T060151_001371,ME,0,r05_c01,train
20230809T060151_001371_ME_0_r05_c02.tif,20230809T060151_001371,ME,0,r05_c02,train
20230809T060151_001371_ME_0_r05_c03.tif,20230809T060151_001371,ME,0,r05_c03,train
20230809T060151_001371_ME_1_r00_c00.tif,20230809T060151_001371,ME,1,r00_c00,train
20230809T060151_001371_ME_1_r00_c01.tif,20230809T060151_001371,ME,1,r00_c01,train
20230809T060151_001371_ME_1_r00_c02.tif,20230809T060151_001371,ME,1,r00_c02,train
20230809T060151_001371_ME_1_r01_c00.tif,20230809T060151_001371,ME,1,r01_c00,train
20230809T060151_001371_ME_1_r01_c01.tif,20230809T060151_001371,ME,1,r01_c01,train
20230809T060151_001371_ME_1_r01_c02.tif,20230809T060151_001371,ME,1,r01_c02,train
20230809T060151_001371_ME_1_r01_c03.tif,20230809T060151_001371,ME,1,r01_c03,train
20230809T060151_001371_ME_1_r02_c01.tif,20230809T060151_001371,ME,1,r02_c01,train
20230809T060151_001371_ME_1_r02_c02.tif,20230809T060151_001371,ME,1,r02_c02,train
20230809T060151_001371_ME_1_r02_c03.tif,20230809T060151_001371,ME,1,r02_c03,train
20230809T060151_001371_ME_1_r02_c04.tif,20230809T060151_001371,ME,1,r02_c04,train
20230809T060151_001371_ME_1_r03_c03.tif,20230809T060151_001371,ME,1,r03_c03,train
20230809T060151_001371_ME_1_r03_c04.tif,20230809T060151_001371,ME,1,r03_c04,train
20230809T060151_001371_ME_1_r04_c03.tif,20230809T060151_001371,ME,1,r04_c03,train
20230809T060151_001371_ME_1_r04_c04.tif,20230809T060151_001371,ME,1,r04_c04,train
20230809T060151_001371_ME_1_r04_c05.tif,20230809T060151_001371,ME,1,r04_c05,train
20230809T060151_001371_ME_1_r04_c06.tif,20230809T060151_001371,ME,1,r04_c06,train
20230809T060151_001371_ME_1_r05_c04.tif,20230809T060151_001371,ME,1,r05_c04,train
20230809T060151_001371_ME_1_r05_c05.tif,20230809T060151_001371,ME,1,r05_c05,train
20230809T060151_001371_ME_1_r05_c06.tif,20230809T060151_001371,ME,1,r05_c06,train
20230809T060349_001372_ST_1_r00_c00.tif,20230809T060349_001372,ST,1,r00_c00,train
20230809T073200_001342_ME_1_r00_c00.tif,20230809T073200_001342,ME,1,r00_c00,train
20230809T073200_001344_ME_1_r00_c00.tif,20230809T073200_001344,ME,1,r00_c00,train
20230809T073212_001345_ME_1_r00_c00.tif,20230809T073212_001345,ME,1,r00_c00,train
20230809T165040_001305_AM_1_r00_c00.tif,20230809T165040_001305,AM,1,r00_c00,train
20230810T051516_001384_ST_1_r00_c00.tif,20230810T051516_001384,ST,1,r00_c00,train
20230810T051528_001407_ST_1_r00_c00.tif,20230810T051528_001407,ST,1,r00_c00,train
20230810T051552_001410_ST_1_r00_c00.tif,20230810T051552_001410,ST,1,r00_c00,train
20230810T051552_001411_ST_1_r00_c00.tif,20230810T051552_001411,ST,1,r00_c00,train
20230810T065140_001399_ST_1_r00_c00.tif,20230810T065140_001399,ST,1,r00_c00,train
20230814T065712_001504_ST_1_r00_c00.tif,20230814T065712_001504,ST,1,r00_c00,train
20230814T100720_001443_EU_1_r00_c00.tif,20230814T100720_001443,EU,1,r00_c00,train
20230814T100819_001437_ST_1_r00_c00.tif,20230814T100819_001437,ST,1,r00_c00,train
20230814T101018_001458_ST_1_r00_c00.tif,20230814T101018_001458,ST,1,r00_c00,train
20230814T101106_001476_ST_1_r00_c00.tif,20230814T101106_001476,ST,1,r00_c00,train
20230814T101117_001483_ST_1_r00_c00.tif,20230814T101117_001483,ST,1,r00_c00,train
20230814T101117_001484_ST_1_r00_c00.tif,20230814T101117_001484,ST,1,r00_c00,train
20230814T101117_001485_ST_1_r00_c00.tif,20230814T101117_001485,ST,1,r00_c00,train
20230814T101129_001486_ST_1_r00_c00.tif,20230814T101129_001486,ST,1,r00_c00,train
20230814T101129_001488_ST_1_r00_c00.tif,20230814T101129_001488,ST,1,r00_c00,train
20230814T145126_001439_ME_1_r00_c00.tif,20230814T145126_001439,ME,1,r00_c00,train
20230814T145225_001440_ME_1_r00_c00.tif,20230814T145225_001440,ME,1,r00_c00,train
20230815T092026_001177_ST_1_r00_c00.tif,20230815T092026_001177,ST,1,r00_c00,train
20230816T101038_001545_ST_1_r00_c00.tif,20230816T101038_001545,ST,1,r00_c00,train
20230816T101038_001545_ST_1_r00_c01.tif,20230816T101038_001545,ST,1,r00_c01,train
20230816T101038_001545_ST_1_r01_c00.tif,20230816T101038_001545,ST,1,r01_c00,train
20230816T101038_001545_ST_1_r01_c01.tif,20230816T101038_001545,ST,1,r01_c01,train
20230816T101050_001546_ST_1_r00_c00.tif,20230816T101050_001546,ST,1,r00_c00,train
20230816T101050_001547_ST_1_r00_c00.tif,20230816T101050_001547,ST,1,r00_c00,train
20230816T101050_001547_ST_1_r00_c01.tif,20230816T101050_001547,ST,1,r00_c01,train
20230816T101050_001547_ST_1_r01_c00.tif,20230816T101050_001547,ST,1,r01_c00,train
20230816T101050_001547_ST_1_r01_c01.tif,20230816T101050_001547,ST,1,r01_c01,train
20230816T101050_001548_ST_1_r00_c00.tif,20230816T101050_001548,ST,1,r00_c00,train
20230816T101050_001548_ST_1_r00_c01.tif,20230816T101050_001548,ST,1,r00_c01,train
20230816T101050_001548_ST_1_r01_c00.tif,20230816T101050_001548,ST,1,r01_c00,train
20230816T101050_001548_ST_1_r01_c01.tif,20230816T101050_001548,ST,1,r01_c01,train
20230816T101050_001549_ST_1_r00_c00.tif,20230816T101050_001549,ST,1,r00_c00,train
20230816T101050_001551_ST_0_r00_c03.tif,20230816T101050_001551,ST,0,r00_c03,train
20230816T101050_001551_ST_0_r02_c00.tif,20230816T101050_001551,ST,0,r02_c00,train
20230816T101050_001551_ST_0_r02_c03.tif,20230816T101050_001551,ST,0,r02_c03,train
20230816T101050_001551_ST_0_r03_c00.tif,20230816T101050_001551,ST,0,r03_c00,train
20230816T101050_001551_ST_0_r03_c03.tif,20230816T101050_001551,ST,0,r03_c03,train
20230816T101050_001551_ST_1_r00_c02.tif,20230816T101050_001551,ST,1,r00_c02,train
20230816T101050_001551_ST_1_r01_c01.tif,20230816T101050_001551,ST,1,r01_c01,train
20230816T101050_001551_ST_1_r01_c02.tif,20230816T101050_001551,ST,1,r01_c02,train
20230816T101050_001551_ST_1_r01_c03.tif,20230816T101050_001551,ST,1,r01_c03,train
20230816T101050_001551_ST_1_r02_c01.tif,20230816T101050_001551,ST,1,r02_c01,train
20230816T101050_001551_ST_1_r02_c02.tif,20230816T101050_001551,ST,1,r02_c02,train
20230816T101050_001551_ST_1_r03_c01.tif,20230816T101050_001551,ST,1,r03_c01,train
20230816T101050_001551_ST_1_r03_c02.tif,20230816T101050_001551,ST,1,r03_c02,train
20230816T114856_001543_ME_1_r00_c00.tif,20230816T114856_001543,ME,1,r00_c00,train
20230816T114856_001543_ME_1_r00_c01.tif,20230816T114856_001543,ME,1,r00_c01,train
20230816T114856_001543_ME_1_r01_c00.tif,20230816T114856_001543,ME,1,r01_c00,train
20230816T114856_001543_ME_1_r01_c01.tif,20230816T114856_001543,ME,1,r01_c01,train
20230816T131716_001541_EU_1_r00_c00.tif,20230816T131716_001541,EU,1,r00_c00,train
20230817T092416_001189_ST_1_r00_c00.tif,20230817T092416_001189,ST,1,r00_c00,train
20230817T092416_001190_ST_1_r00_c00.tif,20230817T092416_001190,ST,1,r00_c00,train
20230817T105803_001183_ME_1_r00_c00.tif,20230817T105803_001183,ME,1,r00_c00,train
20230817T105803_001184_ME_1_r00_c00.tif,20230817T105803_001184,ME,1,r00_c00,train
20230817T105803_001185_ME_1_r00_c00.tif,20230817T105803_001185,ME,1,r00_c00,train
20230817T105803_001186_ME_1_r00_c00.tif,20230817T105803_001186,ME,1,r00_c00,train
20230817T105803_001187_ME_1_r00_c00.tif,20230817T105803_001187,ME,1,r00_c00,train
20230817T201510_001181_AM_1_r00_c00.tif,20230817T201510_001181,AM,1,r00_c00,train
20230818T210019_001125_AM_1_r00_c00.tif,20230818T210019_001125,AM,1,r00_c00,train
20230819T122933_001928_EU_1_r00_c00.tif,20230819T122933_001928,EU,1,r00_c00,train
20230820T052822_002901_CM_1_r00_c00.tif,20230820T052822_002901,CM,1,r00_c00,val
20230820T101414_002597_ME_1_r00_c00.tif,20230820T101414_002597,ME,1,r00_c00,train
20230820T101414_002597_ME_1_r00_c01.tif,20230820T101414_002597,ME,1,r00_c01,train
20230820T101414_002597_ME_1_r01_c00.tif,20230820T101414_002597,ME,1,r01_c00,train
20230820T101414_002597_ME_1_r01_c01.tif,20230820T101414_002597,ME,1,r01_c01,train
20230820T114234_002232_EU_1_r00_c00.tif,20230820T114234_002232,EU,1,r00_c00,train
20230820T114234_002233_EU_1_r00_c00.tif,20230820T114234_002233,EU,1,r00_c00,train
20230820T192843_001073_AM_1_r00_c00.tif,20230820T192843_001073,AM,1,r00_c00,train
20230820T192855_002230_AM_1_r00_c00.tif,20230820T192855_002230,AM,1,r00_c00,train
20230820T192855_002231_AM_1_r00_c00.tif,20230820T192855_002231,AM,1,r00_c00,train
20230821T092516_002904_ME_1_r00_c00.tif,20230821T092516_002904,ME,1,r00_c00,train
20230821T184129_002902_AM_1_r00_c00.tif,20230821T184129_002902,AM,1,r00_c00,train
20230821T184129_002903_AM_1_r00_c00.tif,20230821T184129_002903,AM,1,r00_c00,train
20230822T070014_002911_ST_1_r00_c00.tif,20230822T070014_002911,ST,1,r00_c00,train
20230822T101103_002910_ME_1_r00_c00.tif,20230822T101103_002910,ME,1,r00_c00,train
20230822T175229_002905_AM_1_r00_c00.tif,20230822T175229_002905,AM,1,r00_c00,train
20230822T175229_002905_AM_1_r00_c01.tif,20230822T175229_002905,AM,1,r00_c01,train
20230822T175229_002905_AM_1_r01_c00.tif,20230822T175229_002905,AM,1,r01_c00,train
20230822T175229_002905_AM_1_r01_c01.tif,20230822T175229_002905,AM,1,r01_c01,train
20230822T192519_002906_AM_1_r00_c00.tif,20230822T192519_002906,AM,1,r00_c00,train
20230822T192531_002907_AM_1_r00_c00.tif,20230822T192531_002907,AM,1,r00_c00,train
20230823T091747_001009_EU_1_r00_c00.tif,20230823T091747_001009,EU,1,r00_c00,train
20230823T091747_001009_EU_1_r00_c01.tif,20230823T091747_001009,EU,1,r00_c01,train
20230823T091747_001009_EU_1_r01_c00.tif,20230823T091747_001009,EU,1,r01_c00,train
20230823T091747_001009_EU_1_r01_c01.tif,20230823T091747_001009,EU,1,r01_c01,train
20230823T091747_001010_EU_1_r00_c00.tif,20230823T091747_001010,EU,1,r00_c00,train
20230823T091747_001010_EU_1_r00_c01.tif,20230823T091747_001010,EU,1,r00_c01,train
20230823T091747_001010_EU_1_r01_c00.tif,20230823T091747_001010,EU,1,r01_c00,train
20230823T091747_001010_EU_1_r01_c01.tif,20230823T091747_001010,EU,1,r01_c01,train
20230823T092349_001011_ME_1_r00_c00.tif,20230823T092349_001011,ME,1,r00_c00,train
20230823T105629_001006_ME_1_r00_c00.tif,20230823T105629_001006,ME,1,r00_c00,train
20230823T170609_001002_AM_1_r00_c00.tif,20230823T170609_001002,AM,1,r00_c00,train
20230824T070037_001061_ST_1_r00_c00.tif,20230824T070037_001061,ST,1,r00_c00,train
20230824T070037_001061_ST_1_r00_c01.tif,20230824T070037_001061,ST,1,r00_c01,train
20230824T070037_001061_ST_1_r00_c02.tif,20230824T070037_001061,ST,1,r00_c02,train
20230824T070037_001061_ST_1_r00_c03.tif,20230824T070037_001061,ST,1,r00_c03,train
20230824T070037_001061_ST_1_r01_c00.tif,20230824T070037_001061,ST,1,r01_c00,train
20230824T070037_001061_ST_1_r01_c01.tif,20230824T070037_001061,ST,1,r01_c01,train
20230824T070037_001061_ST_1_r01_c02.tif,20230824T070037_001061,ST,1,r01_c02,train
20230824T070037_001061_ST_1_r01_c03.tif,20230824T070037_001061,ST,1,r01_c03,train
20230824T070049_001057_ST_0_r00_c00.tif,20230824T070049_001057,ST,0,r00_c00,train
20230824T070049_001057_ST_0_r00_c01.tif,20230824T070049_001057,ST,0,r00_c01,train
20230824T070049_001057_ST_0_r00_c02.tif,20230824T070049_001057,ST,0,r00_c02,train
20230824T070049_001057_ST_0_r00_c03.tif,20230824T070049_001057,ST,0,r00_c03,train
20230824T070049_001057_ST_0_r01_c00.tif,20230824T070049_001057,ST,0,r01_c00,train
20230824T070049_001057_ST_0_r02_c00.tif,20230824T070049_001057,ST,0,r02_c00,train
20230824T070049_001057_ST_0_r03_c00.tif,20230824T070049_001057,ST,0,r03_c00,train
20230824T070049_001057_ST_0_r03_c01.tif,20230824T070049_001057,ST,0,r03_c01,train
20230824T070049_001057_ST_0_r03_c02.tif,20230824T070049_001057,ST,0,r03_c02,train
20230824T070049_001057_ST_0_r03_c03.tif,20230824T070049_001057,ST,0,r03_c03,train
20230824T070049_001057_ST_1_r01_c01.tif,20230824T070049_001057,ST,1,r01_c01,train
20230824T070049_001057_ST_1_r01_c02.tif,20230824T070049_001057,ST,1,r01_c02,train
20230824T070049_001057_ST_1_r01_c03.tif,20230824T070049_001057,ST,1,r01_c03,train
20230824T070049_001057_ST_1_r02_c01.tif,20230824T070049_001057,ST,1,r02_c01,train
20230824T070049_001057_ST_1_r02_c02.tif,20230824T070049_001057,ST,1,r02_c02,train
20230824T070049_001057_ST_1_r02_c03.tif,20230824T070049_001057,ST,1,r02_c03,train
20230824T070049_001058_ST_0_r00_c00.tif,20230824T070049_001058,ST,0,r00_c00,train
20230824T070049_001058_ST_0_r00_c01.tif,20230824T070049_001058,ST,0,r00_c01,train
20230824T070049_001058_ST_0_r00_c02.tif,20230824T070049_001058,ST,0,r00_c02,train
20230824T070049_001058_ST_0_r00_c03.tif,20230824T070049_001058,ST,0,r00_c03,train
20230824T070049_001058_ST_0_r03_c00.tif,20230824T070049_001058,ST,0,r03_c00,train
20230824T070049_001058_ST_0_r03_c01.tif,20230824T070049_001058,ST,0,r03_c01,train
20230824T070049_001058_ST_0_r03_c02.tif,20230824T070049_001058,ST,0,r03_c02,train
20230824T070049_001058_ST_0_r03_c03.tif,20230824T070049_001058,ST,0,r03_c03,train
20230824T070049_001058_ST_1_r01_c00.tif,20230824T070049_001058,ST,1,r01_c00,train
20230824T070049_001058_ST_1_r01_c01.tif,20230824T070049_001058,ST,1,r01_c01,train
20230824T070049_001058_ST_1_r01_c02.tif,20230824T070049_001058,ST,1,r01_c02,train
20230824T070049_001058_ST_1_r01_c03.tif,20230824T070049_001058,ST,1,r01_c03,train
20230824T070049_001058_ST_1_r02_c00.tif,20230824T070049_001058,ST,1,r02_c00,train
20230824T070049_001058_ST_1_r02_c01.tif,20230824T070049_001058,ST,1,r02_c01,train
20230824T070049_001058_ST_1_r02_c02.tif,20230824T070049_001058,ST,1,r02_c02,train
20230824T070049_001058_ST_1_r02_c03.tif,20230824T070049_001058,ST,1,r02_c03,train
20230824T070049_001059_ST_1_r00_c00.tif,20230824T070049_001059,ST,1,r00_c00,train
20230824T070049_001193_ST_0_r00_c00.tif,20230824T070049_001193,ST,0,r00_c00,train
20230824T070049_001193_ST_0_r00_c01.tif,20230824T070049_001193,ST,0,r00_c01,train
20230824T070049_001193_ST_0_r00_c02.tif,20230824T070049_001193,ST,0,r00_c02,train
20230824T070049_001193_ST_0_r00_c03.tif,20230824T070049_001193,ST,0,r00_c03,train
20230824T070049_001193_ST_0_r01_c00.tif,20230824T070049_001193,ST,0,r01_c00,train
20230824T070049_001193_ST_0_r01_c03.tif,20230824T070049_001193,ST,0,r01_c03,train
20230824T070049_001193_ST_0_r02_c00.tif,20230824T070049_001193,ST,0,r02_c00,train
20230824T070049_001193_ST_0_r02_c03.tif,20230824T070049_001193,ST,0,r02_c03,train
20230824T070049_001193_ST_0_r03_c00.tif,20230824T070049_001193,ST,0,r03_c00,train
20230824T070049_001193_ST_0_r03_c01.tif,20230824T070049_001193,ST,0,r03_c01,train
20230824T070049_001193_ST_0_r03_c03.tif,20230824T070049_001193,ST,0,r03_c03,train
20230824T070049_001193_ST_1_r01_c01.tif,20230824T070049_001193,ST,1,r01_c01,train
20230824T070049_001193_ST_1_r01_c02.tif,20230824T070049_001193,ST,1,r01_c02,train
20230824T070049_001193_ST_1_r02_c01.tif,20230824T070049_001193,ST,1,r02_c01,train
20230824T070049_001193_ST_1_r02_c02.tif,20230824T070049_001193,ST,1,r02_c02,train
20230824T070049_001193_ST_1_r03_c02.tif,20230824T070049_001193,ST,1,r03_c02,train
20230824T070101_001048_ST_1_r00_c00.tif,20230824T070101_001048,ST,1,r00_c00,train
20230824T070101_001049_ST_1_r00_c00.tif,20230824T070101_001049,ST,1,r00_c00,train
20230824T070101_001050_ST_1_r00_c00.tif,20230824T070101_001050,ST,1,r00_c00,train
20230824T070101_001050_ST_1_r00_c01.tif,20230824T070101_001050,ST,1,r00_c01,train
20230824T070101_001050_ST_1_r01_c00.tif,20230824T070101_001050,ST,1,r01_c00,train
20230824T070101_001050_ST_1_r01_c01.tif,20230824T070101_001050,ST,1,r01_c01,train
20230824T070101_001051_ST_1_r00_c00.tif,20230824T070101_001051,ST,1,r00_c00,train
20230824T070101_001052_ST_0_r00_c00.tif,20230824T070101_001052,ST,0,r00_c00,train
20230824T070101_001052_ST_0_r00_c03.tif,20230824T070101_001052,ST,0,r00_c03,train
20230824T070101_001052_ST_0_r01_c00.tif,20230824T070101_001052,ST,0,r01_c00,train
20230824T070101_001052_ST_0_r01_c03.tif,20230824T070101_001052,ST,0,r01_c03,train
20230824T070101_001052_ST_0_r02_c00.tif,20230824T070101_001052,ST,0,r02_c00,train
20230824T070101_001052_ST_0_r02_c03.tif,20230824T070101_001052,ST,0,r02_c03,train
20230824T070101_001052_ST_0_r03_c00.tif,20230824T070101_001052,ST,0,r03_c00,train
20230824T070101_001052_ST_0_r03_c03.tif,20230824T070101_001052,ST,0,r03_c03,train
20230824T070101_001052_ST_1_r00_c01.tif,20230824T070101_001052,ST,1,r00_c01,train
20230824T070101_001052_ST_1_r00_c02.tif,20230824T070101_001052,ST,1,r00_c02,train
20230824T070101_001052_ST_1_r01_c01.tif,20230824T070101_001052,ST,1,r01_c01,train
20230824T070101_001052_ST_1_r01_c02.tif,20230824T070101_001052,ST,1,r01_c02,train
20230824T070101_001052_ST_1_r02_c01.tif,20230824T070101_001052,ST,1,r02_c01,train
20230824T070101_001052_ST_1_r02_c02.tif,20230824T070101_001052,ST,1,r02_c02,train
20230824T070101_001052_ST_1_r03_c01.tif,20230824T070101_001052,ST,1,r03_c01,train
20230824T070101_001052_ST_1_r03_c02.tif,20230824T070101_001052,ST,1,r03_c02,train
20230824T070101_001053_ST_1_r00_c00.tif,20230824T070101_001053,ST,1,r00_c00,train
20230824T070101_001053_ST_1_r00_c01.tif,20230824T070101_001053,ST,1,r00_c01,train
20230824T070101_001053_ST_1_r01_c00.tif,20230824T070101_001053,ST,1,r01_c00,train
20230824T070101_001053_ST_1_r01_c01.tif,20230824T070101_001053,ST,1,r01_c01,train
20230824T083907_001045_ME_1_r00_c00.tif,20230824T083907_001045,ME,1,r00_c00,train
20230824T083931_001044_ME_1_r00_c00.tif,20230824T083931_001044,ME,1,r00_c00,train
20230824T083931_001044_ME_1_r00_c01.tif,20230824T083931_001044,ME,1,r00_c01,train
20230824T083931_001044_ME_1_r01_c00.tif,20230824T083931_001044,ME,1,r01_c00,train
20230824T083931_001044_ME_1_r01_c01.tif,20230824T083931_001044,ME,1,r01_c01,train
20230824T175337_001036_AM_1_r00_c00.tif,20230824T175337_001036,AM,1,r00_c00,train
20230824T175337_001036_AM_1_r00_c01.tif,20230824T175337_001036,AM,1,r00_c01,train
20230824T175337_001036_AM_1_r01_c00.tif,20230824T175337_001036,AM,1,r01_c00,train
20230824T175337_001036_AM_1_r01_c01.tif,20230824T175337_001036,AM,1,r01_c01,train
20230824T175337_001037_AM_1_r00_c00.tif,20230824T175337_001037,AM,1,r00_c00,train
20230824T175337_001038_AM_1_r00_c00.tif,20230824T175337_001038,AM,1,r00_c00,train
20230824T175401_001039_AM_1_r00_c00.tif,20230824T175401_001039,AM,1,r00_c00,train
20230825T061313_001116_ST_1_r00_c00.tif,20230825T061313_001116,ST,1,r00_c00,train
20230825T061313_001116_ST_1_r00_c01.tif,20230825T061313_001116,ST,1,r00_c01,train
20230825T061313_001116_ST_1_r01_c00.tif,20230825T061313_001116,ST,1,r01_c00,train
20230825T061313_001116_ST_1_r01_c01.tif,20230825T061313_001116,ST,1,r01_c01,train
20230825T074743_001112_EU_1_r00_c00.tif,20230825T074743_001112,EU,1,r00_c00,train
20230825T075005_001114_ME_1_r00_c00.tif,20230825T075005_001114,ME,1,r00_c00,train
20230825T075005_001115_ME_1_r00_c00.tif,20230825T075005_001115,ME,1,r00_c00,train
20230825T170557_001108_AM_1_r00_c00.tif,20230825T170557_001108,AM,1,r00_c00,train
20230825T170609_001109_AM_1_r00_c00.tif,20230825T170609_001109,AM,1,r00_c00,train
20230825T170609_001109_AM_1_r00_c01.tif,20230825T170609_001109,AM,1,r00_c01,train
20230825T170609_001109_AM_1_r01_c00.tif,20230825T170609_001109,AM,1,r01_c00,train
20230825T170609_001109_AM_1_r01_c01.tif,20230825T170609_001109,AM,1,r01_c01,train
20230825T170609_001111_AM_0_r00_c00.tif,20230825T170609_001111,AM,0,r00_c00,train
20230825T170609_001111_AM_0_r00_c01.tif,20230825T170609_001111,AM,0,r00_c01,train
20230825T170609_001111_AM_0_r00_c02.tif,20230825T170609_001111,AM,0,r00_c02,train
20230825T170609_001111_AM_0_r00_c03.tif,20230825T170609_001111,AM,0,r00_c03,train
20230825T170609_001111_AM_0_r01_c00.tif,20230825T170609_001111,AM,0,r01_c00,train
20230825T170609_001111_AM_0_r03_c02.tif,20230825T170609_001111,AM,0,r03_c02,train
20230825T170609_001111_AM_0_r03_c03.tif,20230825T170609_001111,AM,0,r03_c03,train
20230825T170609_001111_AM_1_r01_c01.tif,20230825T170609_001111,AM,1,r01_c01,train
20230825T170609_001111_AM_1_r01_c02.tif,20230825T170609_001111,AM,1,r01_c02,train
20230825T170609_001111_AM_1_r01_c03.tif,20230825T170609_001111,AM,1,r01_c03,train
20230825T170609_001111_AM_1_r02_c01.tif,20230825T170609_001111,AM,1,r02_c01,train
20230825T170609_001111_AM_1_r02_c02.tif,20230825T170609_001111,AM,1,r02_c02,train
20230825T170609_001111_AM_1_r02_c03.tif,20230825T170609_001111,AM,1,r02_c03,train
20230826T052620_001176_ST_1_r00_c00.tif,20230826T052620_001176,ST,1,r00_c00,train
20230826T052620_002598_ST_1_r00_c00.tif,20230826T052620_002598,ST,1,r00_c00,train
20230826T083522_001171_ME_1_r00_c00.tif,20230826T083522_001171,ME,1,r00_c00,train
20230826T083522_001171_ME_1_r00_c01.tif,20230826T083522_001171,ME,1,r00_c01,train
20230826T083522_001171_ME_1_r01_c00.tif,20230826T083522_001171,ME,1,r01_c00,train
20230826T083522_001171_ME_1_r01_c01.tif,20230826T083522_001171,ME,1,r01_c01,train
20230826T083546_001173_ME_1_r00_c00.tif,20230826T083546_001173,ME,1,r00_c00,train
20230826T083546_001173_ME_1_r00_c01.tif,20230826T083546_001173,ME,1,r00_c01,train
20230826T083546_001173_ME_1_r01_c00.tif,20230826T083546_001173,ME,1,r01_c00,train
20230826T083546_001173_ME_1_r01_c01.tif,20230826T083546_001173,ME,1,r01_c01,train
20230826T083546_001174_ME_1_r00_c00.tif,20230826T083546_001174,ME,1,r00_c00,train
20230826T100604_001166_ME_1_r00_c00.tif,20230826T100604_001166,ME,1,r00_c00,train
20230826T100604_001167_ME_1_r00_c00.tif,20230826T100604_001167,ME,1,r00_c00,train
20230826T100735_001168_ME_1_r00_c00.tif,20230826T100735_001168,ME,1,r00_c00,train
20230826T100735_001168_ME_1_r00_c01.tif,20230826T100735_001168,ME,1,r00_c01,train
20230826T100735_001168_ME_1_r01_c00.tif,20230826T100735_001168,ME,1,r01_c00,train
20230826T100735_001168_ME_1_r01_c01.tif,20230826T100735_001168,ME,1,r01_c01,train
20230826T100834_001169_ME_1_r00_c00.tif,20230826T100834_001169,ME,1,r00_c00,train
20230826T100834_001170_ME_1_r00_c00.tif,20230826T100834_001170,ME,1,r00_c00,train
20230828T070235_001203_ME_1_r00_c00.tif,20230828T070235_001203,ME,1,r00_c00,train
20230828T070310_001204_ME_0_r00_c00.tif,20230828T070310_001204,ME,0,r00_c00,train
20230828T070310_001204_ME_0_r00_c01.tif,20230828T070310_001204,ME,0,r00_c01,train
20230828T070310_001204_ME_0_r01_c00.tif,20230828T070310_001204,ME,0,r01_c00,train
20230828T070310_001204_ME_0_r02_c00.tif,20230828T070310_001204,ME,0,r02_c00,train
20230828T070310_001204_ME_0_r03_c00.tif,20230828T070310_001204,ME,0,r03_c00,train
20230828T070310_001204_ME_1_r01_c01.tif,20230828T070310_001204,ME,1,r01_c01,train
20230828T070310_001204_ME_1_r01_c02.tif,20230828T070310_001204,ME,1,r01_c02,train
20230828T070310_001204_ME_1_r02_c01.tif,20230828T070310_001204,ME,1,r02_c01,train
20230828T083409_001201_ME_0_r00_c00.tif,20230828T083409_001201,ME,0,r00_c00,train
20230828T083409_001201_ME_0_r00_c01.tif,20230828T083409_001201,ME,0,r00_c01,train
20230828T083409_001201_ME_0_r01_c00.tif,20230828T083409_001201,ME,0,r01_c00,train
20230828T083409_001201_ME_0_r02_c00.tif,20230828T083409_001201,ME,0,r02_c00,train
20230828T083409_001201_ME_0_r03_c00.tif,20230828T083409_001201,ME,0,r03_c00,train
20230828T083409_001201_ME_0_r03_c01.tif,20230828T083409_001201,ME,0,r03_c01,train
20230828T083409_001201_ME_0_r03_c02.tif,20230828T083409_001201,ME,0,r03_c02,train
20230828T083409_001201_ME_0_r03_c03.tif,20230828T083409_001201,ME,0,r03_c03,train
20230828T083409_001201_ME_1_r01_c01.tif,20230828T083409_001201,ME,1,r01_c01,train
20230828T083409_001201_ME_1_r01_c02.tif,20230828T083409_001201,ME,1,r01_c02,train
20230828T083409_001201_ME_1_r02_c01.tif,20230828T083409_001201,ME,1,r02_c01,train
20230828T083409_001201_ME_1_r02_c02.tif,20230828T083409_001201,ME,1,r02_c02,train
20230828T083409_001201_ME_1_r02_c03.tif,20230828T083409_001201,ME,1,r02_c03,train
20230828T083421_001202_ME_1_r00_c00.tif,20230828T083421_001202,ME,1,r00_c00,train
20230828T083421_001202_ME_1_r00_c01.tif,20230828T083421_001202,ME,1,r00_c01,train
20230828T083421_001202_ME_1_r01_c00.tif,20230828T083421_001202,ME,1,r01_c00,train
20230828T083421_001202_ME_1_r01_c01.tif,20230828T083421_001202,ME,1,r01_c01,train
20230901T035204_002022_AS_1_r00_c00.tif,20230901T035204_002022,AS,1,r00_c00,test
20230903T010049_001659_AU_1_r00_c00.tif,20230903T010049_001659,AU,1,r00_c00,val
20230908T141043_000225_SA_1_r00_c00.tif,20230908T141043_000225,SA,1,r00_c00,test
20230915T042628_001340_AU_1_r00_c00.tif,20230915T042628_001340,AU,1,r00_c00,val
20230922T144828_001561_ME_1_r00_c00.tif,20230922T144828_001561,ME,1,r00_c00,train
20230924T114253_001435_ME_1_r00_c00.tif,20230924T114253_001435,ME,1,r00_c00,train
20230924T114413_001436_ME_1_r00_c00.tif,20230924T114413_001436,ME,1,r00_c00,train
20230924T205757_001429_AM_1_r00_c00.tif,20230924T205757_001429,AM,1,r00_c00,train
20230925T140134_001553_ME_1_r00_c00.tif,20230925T140134_001553,ME,1,r00_c00,train
20230925T140134_001554_ME_1_r00_c00.tif,20230925T140134_001554,ME,1,r00_c00,train
20230925T140134_001555_ME_1_r00_c00.tif,20230925T140134_001555,ME,1,r00_c00,train
20230925T140134_001556_ME_1_r00_c00.tif,20230925T140134_001556,ME,1,r00_c00,train
20230925T140134_001557_ME_1_r00_c00.tif,20230925T140134_001557,ME,1,r00_c00,train
20230925T140134_001558_ME_1_r00_c00.tif,20230925T140134_001558,ME,1,r00_c00,train
20230926T114119_001752_ME_1_r00_c00.tif,20230926T114119_001752,ME,1,r00_c00,train
20230926T114119_001753_ME_1_r00_c00.tif,20230926T114119_001753,ME,1,r00_c00,train
20230926T114131_001754_ME_1_r00_c00.tif,20230926T114131_001754,ME,1,r00_c00,train
20230926T114143_001755_ME_1_r00_c00.tif,20230926T114143_001755,ME,1,r00_c00,train
20230926T114317_001764_EU_1_r00_c00.tif,20230926T114317_001764,EU,1,r00_c00,train
20230926T114317_001764_EU_1_r00_c01.tif,20230926T114317_001764,EU,1,r00_c01,train
20230926T114317_001764_EU_1_r01_c00.tif,20230926T114317_001764,EU,1,r01_c00,train
20230926T114317_001764_EU_1_r01_c01.tif,20230926T114317_001764,EU,1,r01_c01,train
20230926T114317_001765_EU_1_r00_c00.tif,20230926T114317_001765,EU,1,r00_c00,train
20230927T201114_001782_AM_1_r00_c00.tif,20230927T201114_001782,AM,1,r00_c00,train
20230928T083655_001709_CM_1_r00_c00.tif,20230928T083655_001709,CM,1,r00_c00,val
20230928T100133_001702_ME_1_r00_c00.tif,20230928T100133_001702,ME,1,r00_c00,train
20230928T101011_001705_ST_1_r00_c00.tif,20230928T101011_001705,ST,1,r00_c00,train
20230928T114538_001694_EU_1_r00_c00.tif,20230928T114538_001694,EU,1,r00_c00,train
20230929T074459_001712_AS_1_r00_c00.tif,20230929T074459_001712,AS,1,r00_c00,test
20230929T122534_001683_ME_1_r00_c00.tif,20230929T122534_001683,ME,1,r00_c00,train
20230929T122534_001686_ME_1_r00_c00.tif,20230929T122534_001686,ME,1,r00_c00,train
20230929T122534_001687_ME_1_r00_c00.tif,20230929T122534_001687,ME,1,r00_c00,train
20230930T100531_001696_ME_1_r00_c00.tif,20230930T100531_001696,ME,1,r00_c00,train
20230930T100543_001698_ME_1_r00_c00.tif,20230930T100543_001698,ME,1,r00_c00,train
20230930T100543_001698_ME_1_r00_c01.tif,20230930T100543_001698,ME,1,r00_c01,train
20230930T100543_001698_ME_1_r01_c00.tif,20230930T100543_001698,ME,1,r01_c00,train
20230930T100543_001698_ME_1_r01_c01.tif,20230930T100543_001698,ME,1,r01_c01,train
20230930T113706_001688_ME_1_r00_c00.tif,20230930T113706_001688,ME,1,r00_c00,train
20230930T113730_001690_ME_1_r00_c00.tif,20230930T113730_001690,ME,1,r00_c00,train
20231001T074225_001810_ME_1_r00_c00.tif,20231001T074225_001810,ME,1,r00_c00,train
20231002T082455_001819_SA_1_r00_c00.tif,20231002T082455_001819,SA,1,r00_c00,test
20231002T083111_001823_ME_1_r00_c00.tif,20231002T083111_001823,ME,1,r00_c00,train
20231002T083111_001823_ME_1_r00_c01.tif,20231002T083111_001823,ME,1,r00_c01,train
20231002T083111_001823_ME_1_r01_c00.tif,20231002T083111_001823,ME,1,r01_c00,train
20231002T083111_001823_ME_1_r01_c01.tif,20231002T083111_001823,ME,1,r01_c01,train
20231002T113907_001813_EU_1_r00_c00.tif,20231002T113907_001813,EU,1,r00_c00,train
20231003T060928_001601_AS_0_r00_c00.tif,20231003T060928_001601,AS,0,r00_c00,test
20231003T060928_001601_AS_0_r00_c01.tif,20231003T060928_001601,AS,0,r00_c01,test
20231003T060928_001601_AS_0_r00_c02.tif,20231003T060928_001601,AS,0,r00_c02,test
20231003T060928_001601_AS_0_r00_c03.tif,20231003T060928_001601,AS,0,r00_c03,test
20231003T060928_001601_AS_0_r01_c03.tif,20231003T060928_001601,AS,0,r01_c03,test
20231003T060928_001601_AS_0_r02_c03.tif,20231003T060928_001601,AS,0,r02_c03,test
20231003T060928_001601_AS_0_r03_c00.tif,20231003T060928_001601,AS,0,r03_c00,test
20231003T060928_001601_AS_0_r03_c01.tif,20231003T060928_001601,AS,0,r03_c01,test
20231003T060928_001601_AS_0_r03_c02.tif,20231003T060928_001601,AS,0,r03_c02,test
20231003T060928_001601_AS_0_r03_c03.tif,20231003T060928_001601,AS,0,r03_c03,test
20231003T060928_001601_AS_1_r01_c00.tif,20231003T060928_001601,AS,1,r01_c00,test
20231003T060928_001601_AS_1_r01_c01.tif,20231003T060928_001601,AS,1,r01_c01,test
20231003T060928_001601_AS_1_r01_c02.tif,20231003T060928_001601,AS,1,r01_c02,test
20231003T060928_001601_AS_1_r02_c00.tif,20231003T060928_001601,AS,1,r02_c00,test
20231003T060928_001601_AS_1_r02_c01.tif,20231003T060928_001601,AS,1,r02_c01,test
20231003T060928_001601_AS_1_r02_c02.tif,20231003T060928_001601,AS,1,r02_c02,test
20231003T074203_001593_ME_0_r00_c00.tif,20231003T074203_001593,ME,0,r00_c00,train
20231003T074203_001593_ME_0_r00_c01.tif,20231003T074203_001593,ME,0,r00_c01,train
20231003T074203_001593_ME_0_r00_c02.tif,20231003T074203_001593,ME,0,r00_c02,train
20231003T074203_001593_ME_0_r00_c03.tif,20231003T074203_001593,ME,0,r00_c03,train
20231003T074203_001593_ME_0_r01_c00.tif,20231003T074203_001593,ME,0,r01_c00,train
20231003T074203_001593_ME_0_r03_c02.tif,20231003T074203_001593,ME,0,r03_c02,train
20231003T074203_001593_ME_0_r03_c03.tif,20231003T074203_001593,ME,0,r03_c03,train
20231003T074203_001593_ME_1_r01_c01.tif,20231003T074203_001593,ME,1,r01_c01,train
20231003T074203_001593_ME_1_r01_c02.tif,20231003T074203_001593,ME,1,r01_c02,train
20231003T074203_001593_ME_1_r01_c03.tif,20231003T074203_001593,ME,1,r01_c03,train
20231003T074203_001593_ME_1_r02_c00.tif,20231003T074203_001593,ME,1,r02_c00,train
20231003T074203_001593_ME_1_r02_c01.tif,20231003T074203_001593,ME,1,r02_c01,train
20231003T074203_001593_ME_1_r02_c02.tif,20231003T074203_001593,ME,1,r02_c02,train
20231003T074203_001593_ME_1_r02_c03.tif,20231003T074203_001593,ME,1,r02_c03,train
20231003T074203_001593_ME_1_r03_c00.tif,20231003T074203_001593,ME,1,r03_c00,train
20231003T074203_001593_ME_1_r03_c01.tif,20231003T074203_001593,ME,1,r03_c01,train
20231003T074617_001594_ST_1_r00_c00.tif,20231003T074617_001594,ST,1,r00_c00,train
20231003T074641_001595_ST_1_r00_c00.tif,20231003T074641_001595,ST,1,r00_c00,train
20231003T074704_001596_ST_1_r00_c01.tif,20231003T074704_001596,ST,1,r00_c01,train
20231003T074704_001596_ST_1_r00_c02.tif,20231003T074704_001596,ST,1,r00_c02,train
20231003T074704_001596_ST_1_r00_c03.tif,20231003T074704_001596,ST,1,r00_c03,train
20231003T074704_001596_ST_1_r00_c04.tif,20231003T074704_001596,ST,1,r00_c04,train
20231003T074704_001596_ST_1_r01_c01.tif,20231003T074704_001596,ST,1,r01_c01,train
20231003T074704_001596_ST_1_r01_c02.tif,20231003T074704_001596,ST,1,r01_c02,train
20231003T074704_001596_ST_1_r01_c03.tif,20231003T074704_001596,ST,1,r01_c03,train
20231003T074704_001596_ST_1_r01_c04.tif,20231003T074704_001596,ST,1,r01_c04,train
20231003T074704_001597_ST_1_r00_c00.tif,20231003T074704_001597,ST,1,r00_c00,train
20231003T074704_001598_ST_1_r00_c00.tif,20231003T074704_001598,ST,1,r00_c00,train
20231003T074716_001599_ST_1_r00_c00.tif,20231003T074716_001599,ST,1,r00_c00,train
20231003T074752_001600_ST_1_r00_c00.tif,20231003T074752_001600,ST,1,r00_c00,train
20231003T091635_001591_ME_1_r00_c00.tif,20231003T091635_001591,ME,1,r00_c00,train
20231004T083136_001623_ME_1_r00_c00.tif,20231004T083136_001623,ME,1,r00_c00,train
20231004T083136_001623_ME_1_r00_c01.tif,20231004T083136_001623,ME,1,r00_c01,train
20231004T083136_001623_ME_1_r01_c00.tif,20231004T083136_001623,ME,1,r01_c00,train
20231004T083136_001623_ME_1_r01_c01.tif,20231004T083136_001623,ME,1,r01_c01,train
20231004T083136_001624_ME_1_r00_c00.tif,20231004T083136_001624,ME,1,r00_c00,train
20231004T083136_001625_ME_1_r00_c00.tif,20231004T083136_001625,ME,1,r00_c00,train
20231004T174732_001454_AM_1_r00_c00.tif,20231004T174732_001454,AM,1,r00_c00,train
20231004T174744_001447_AM_1_r00_c00.tif,20231004T174744_001447,AM,1,r00_c00,train
20231004T174744_001448_AM_1_r00_c00.tif,20231004T174744_001448,AM,1,r00_c00,train
20231004T174744_001449_AM_1_r00_c00.tif,20231004T174744_001449,AM,1,r00_c00,train
20231004T174744_001450_AM_1_r00_c00.tif,20231004T174744_001450,AM,1,r00_c00,train
20231004T174744_001451_AM_1_r00_c00.tif,20231004T174744_001451,AM,1,r00_c00,train
20231004T174744_001452_AM_1_r00_c00.tif,20231004T174744_001452,AM,1,r00_c00,train
20231004T174744_001453_AM_1_r00_c00.tif,20231004T174744_001453,AM,1,r00_c00,train
20231005T060719_001574_ME_1_r00_c00.tif,20231005T060719_001574,ME,1,r00_c00,train
20231005T092154_001572_EU_1_r00_c00.tif,20231005T092154_001572,EU,1,r00_c00,train
20231006T052152_002599_AS_1_r00_c00.tif,20231006T052152_002599,AS,1,r00_c00,test
20231006T065521_001587_ME_0_r00_c02.tif,20231006T065521_001587,ME,0,r00_c02,train
20231006T065521_001587_ME_0_r00_c03.tif,20231006T065521_001587,ME,0,r00_c03,train
20231006T065521_001587_ME_0_r01_c03.tif,20231006T065521_001587,ME,0,r01_c03,train
20231006T065521_001587_ME_0_r02_c00.tif,20231006T065521_001587,ME,0,r02_c00,train
20231006T065521_001587_ME_0_r02_c03.tif,20231006T065521_001587,ME,0,r02_c03,train
20231006T065521_001587_ME_0_r03_c00.tif,20231006T065521_001587,ME,0,r03_c00,train
20231006T065521_001587_ME_0_r03_c01.tif,20231006T065521_001587,ME,0,r03_c01,train
20231006T065521_001587_ME_0_r03_c02.tif,20231006T065521_001587,ME,0,r03_c02,train
20231006T065521_001587_ME_0_r03_c03.tif,20231006T065521_001587,ME,0,r03_c03,train
20231006T065521_001587_ME_1_r00_c00.tif,20231006T065521_001587,ME,1,r00_c00,train
20231006T065521_001587_ME_1_r00_c01.tif,20231006T065521_001587,ME,1,r00_c01,train
20231006T065521_001587_ME_1_r01_c00.tif,20231006T065521_001587,ME,1,r01_c00,train
20231006T065521_001587_ME_1_r01_c01.tif,20231006T065521_001587,ME,1,r01_c01,train
20231006T065521_001587_ME_1_r01_c02.tif,20231006T065521_001587,ME,1,r01_c02,train
20231006T065521_001587_ME_1_r02_c01.tif,20231006T065521_001587,ME,1,r02_c01,train
20231006T065521_001587_ME_1_r02_c02.tif,20231006T065521_001587,ME,1,r02_c02,train
20231006T065545_001588_ME_1_r00_c00.tif,20231006T065545_001588,ME,1,r00_c00,train
20231006T065557_001589_ME_1_r00_c00.tif,20231006T065557_001589,ME,1,r00_c00,train
20231006T065557_001590_ME_1_r00_c00.tif,20231006T065557_001590,ME,1,r00_c00,train
20231006T082735_001586_ME_0_r00_c00.tif,20231006T082735_001586,ME,0,r00_c00,train
20231006T082735_001586_ME_0_r00_c01.tif,20231006T082735_001586,ME,0,r00_c01,train
20231006T082735_001586_ME_0_r00_c02.tif,20231006T082735_001586,ME,0,r00_c02,train
20231006T082735_001586_ME_0_r01_c00.tif,20231006T082735_001586,ME,0,r01_c00,train
20231006T082735_001586_ME_0_r02_c00.tif,20231006T082735_001586,ME,0,r02_c00,train
20231006T082735_001586_ME_0_r02_c03.tif,20231006T082735_001586,ME,0,r02_c03,train
20231006T082735_001586_ME_0_r03_c00.tif,20231006T082735_001586,ME,0,r03_c00,train
20231006T082735_001586_ME_0_r03_c01.tif,20231006T082735_001586,ME,0,r03_c01,train
20231006T082735_001586_ME_0_r03_c02.tif,20231006T082735_001586,ME,0,r03_c02,train
20231006T082735_001586_ME_0_r03_c03.tif,20231006T082735_001586,ME,0,r03_c03,train
20231006T082735_001586_ME_1_r01_c01.tif,20231006T082735_001586,ME,1,r01_c01,train
20231006T082735_001586_ME_1_r01_c02.tif,20231006T082735_001586,ME,1,r01_c02,train
20231006T082735_001586_ME_1_r01_c03.tif,20231006T082735_001586,ME,1,r01_c03,train
20231006T082735_001586_ME_1_r02_c01.tif,20231006T082735_001586,ME,1,r02_c01,train
20231006T082735_001586_ME_1_r02_c02.tif,20231006T082735_001586,ME,1,r02_c02,train
20231006T100206_001579_ME_1_r00_c00.tif,20231006T100206_001579,ME,1,r00_c00,train
20231006T100206_001580_ME_1_r00_c00.tif,20231006T100206_001580,ME,1,r00_c00,train
20231006T100206_001581_ME_1_r00_c00.tif,20231006T100206_001581,ME,1,r00_c00,train
20231006T100206_001583_ME_1_r00_c00.tif,20231006T100206_001583,ME,1,r00_c00,train
20231006T100206_001584_ME_1_r00_c00.tif,20231006T100206_001584,ME,1,r00_c00,train
20231007T091407_002682_ME_1_r00_c00.tif,20231007T091407_002682,ME,1,r00_c00,train
20231008T051536_001631_ME_1_r00_c00.tif,20231008T051536_001631,ME,1,r00_c00,train
20231008T051536_001631_ME_1_r00_c01.tif,20231008T051536_001631,ME,1,r00_c01,train
20231008T051536_001631_ME_1_r01_c00.tif,20231008T051536_001631,ME,1,r01_c00,train
20231008T051536_001631_ME_1_r01_c01.tif,20231008T051536_001631,ME,1,r01_c01,train
20231008T051536_001633_ME_0_r00_c00.tif,20231008T051536_001633,ME,0,r00_c00,train
20231008T051536_001633_ME_0_r00_c01.tif,20231008T051536_001633,ME,0,r00_c01,train
20231008T051536_001633_ME_0_r00_c02.tif,20231008T051536_001633,ME,0,r00_c02,train
20231008T051536_001633_ME_0_r00_c03.tif,20231008T051536_001633,ME,0,r00_c03,train
20231008T051536_001633_ME_0_r03_c00.tif,20231008T051536_001633,ME,0,r03_c00,train
20231008T051536_001633_ME_0_r03_c01.tif,20231008T051536_001633,ME,0,r03_c01,train
20231008T051536_001633_ME_1_r01_c00.tif,20231008T051536_001633,ME,1,r01_c00,train
20231008T051536_001633_ME_1_r01_c01.tif,20231008T051536_001633,ME,1,r01_c01,train
20231008T051536_001633_ME_1_r01_c02.tif,20231008T051536_001633,ME,1,r01_c02,train
20231008T051536_001633_ME_1_r01_c03.tif,20231008T051536_001633,ME,1,r01_c03,train
20231008T051536_001633_ME_1_r02_c00.tif,20231008T051536_001633,ME,1,r02_c00,train
20231008T051536_001633_ME_1_r02_c01.tif,20231008T051536_001633,ME,1,r02_c01,train
20231008T051536_001633_ME_1_r02_c02.tif,20231008T051536_001633,ME,1,r02_c02,train
20231008T051548_001634_ME_1_r00_c00.tif,20231008T051548_001634,ME,1,r00_c00,train
20231008T052616_001635_CM_1_r00_c00.tif,20231008T052616_001635,CM,1,r00_c00,val
20231008T100218_001628_EU_1_r00_c00.tif,20231008T100218_001628,EU,1,r00_c00,train
20231008T161115_001520_AM_1_r00_c00.tif,20231008T161115_001520,AM,1,r00_c00,train
20231008T161115_001522_AM_1_r00_c00.tif,20231008T161115_001522,AM,1,r00_c00,train
20231008T161127_001524_AM_1_r00_c00.tif,20231008T161127_001524,AM,1,r00_c00,train
20231008T161127_001525_AM_1_r00_c00.tif,20231008T161127_001525,AM,1,r00_c00,train
20231008T161127_001526_AM_1_r00_c00.tif,20231008T161127_001526,AM,1,r00_c00,train
20231008T161127_001527_AM_1_r00_c00.tif,20231008T161127_001527,AM,1,r00_c00,train
20231008T161127_001528_AM_1_r00_c00.tif,20231008T161127_001528,AM,1,r00_c00,train
20231008T161127_001529_AM_1_r00_c00.tif,20231008T161127_001529,AM,1,r00_c00,train
20231008T161127_001530_AM_1_r00_c00.tif,20231008T161127_001530,AM,1,r00_c00,train
20231008T161127_001531_AM_1_r00_c00.tif,20231008T161127_001531,AM,1,r00_c00,train
20231008T161127_001532_AM_1_r00_c00.tif,20231008T161127_001532,AM,1,r00_c00,train
20231008T161127_001534_AM_1_r00_c00.tif,20231008T161127_001534,AM,1,r00_c00,train
20231008T174613_001620_AM_0_r00_c00.tif,20231008T174613_001620,AM,0,r00_c00,train
20231008T174613_001620_AM_0_r00_c02.tif,20231008T174613_001620,AM,0,r00_c02,train
20231008T174613_001620_AM_0_r00_c03.tif,20231008T174613_001620,AM,0,r00_c03,train
20231008T174613_001620_AM_0_r01_c00.tif,20231008T174613_001620,AM,0,r01_c00,train
20231008T174613_001620_AM_0_r01_c03.tif,20231008T174613_001620,AM,0,r01_c03,train
20231008T174613_001620_AM_0_r02_c00.tif,20231008T174613_001620,AM,0,r02_c00,train
20231008T174613_001620_AM_0_r02_c03.tif,20231008T174613_001620,AM,0,r02_c03,train
20231008T174613_001620_AM_0_r03_c00.tif,20231008T174613_001620,AM,0,r03_c00,train
20231008T174613_001620_AM_0_r03_c03.tif,20231008T174613_001620,AM,0,r03_c03,train
20231008T174613_001620_AM_1_r00_c01.tif,20231008T174613_001620,AM,1,r00_c01,train
20231008T174613_001620_AM_1_r01_c01.tif,20231008T174613_001620,AM,1,r01_c01,train
20231008T174613_001620_AM_1_r01_c02.tif,20231008T174613_001620,AM,1,r01_c02,train
20231008T174613_001620_AM_1_r02_c01.tif,20231008T174613_001620,AM,1,r02_c01,train
20231008T174613_001620_AM_1_r02_c02.tif,20231008T174613_001620,AM,1,r02_c02,train
20231008T174613_001620_AM_1_r03_c01.tif,20231008T174613_001620,AM,1,r03_c01,train
20231008T174613_001620_AM_1_r03_c02.tif,20231008T174613_001620,AM,1,r03_c02,train
20231009T043059_001646_ME_1_r00_c00.tif,20231009T043059_001646,ME,1,r00_c00,train
20231009T060956_002600_ST_1_r00_c00.tif,20231009T060956_002600,ST,1,r00_c00,train
20231009T060956_002601_ST_1_r00_c00.tif,20231009T060956_002601,ST,1,r00_c00,train
20231009T060956_002601_ST_1_r00_c01.tif,20231009T060956_002601,ST,1,r00_c01,train
20231009T060956_002601_ST_1_r01_c00.tif,20231009T060956_002601,ST,1,r01_c00,train
20231009T060956_002601_ST_1_r01_c01.tif,20231009T060956_002601,ST,1,r01_c01,train
20231009T060956_002602_ST_1_r00_c00.tif,20231009T060956_002602,ST,1,r00_c00,train
20231009T060956_002603_ST_1_r00_c00.tif,20231009T060956_002603,ST,1,r00_c00,train
20231009T060956_002603_ST_1_r00_c01.tif,20231009T060956_002603,ST,1,r00_c01,train
20231009T060956_002603_ST_1_r01_c00.tif,20231009T060956_002603,ST,1,r01_c00,train
20231009T060956_002603_ST_1_r01_c01.tif,20231009T060956_002603,ST,1,r01_c01,train
20231009T060956_002604_ST_1_r00_c00.tif,20231009T060956_002604,ST,1,r00_c00,train
20231009T060956_002605_ST_1_r00_c00.tif,20231009T060956_002605,ST,1,r00_c00,train
20231009T060956_002606_ST_1_r00_c00.tif,20231009T060956_002606,ST,1,r00_c00,train
20231009T060956_002607_ST_0_r00_c02.tif,20231009T060956_002607,ST,0,r00_c02,train
20231009T060956_002607_ST_0_r00_c03.tif,20231009T060956_002607,ST,0,r00_c03,train
20231009T060956_002607_ST_0_r00_c04.tif,20231009T060956_002607,ST,0,r00_c04,train
20231009T060956_002607_ST_0_r00_c05.tif,20231009T060956_002607,ST,0,r00_c05,train
20231009T060956_002607_ST_0_r01_c03.tif,20231009T060956_002607,ST,0,r01_c03,train
20231009T060956_002607_ST_0_r01_c04.tif,20231009T060956_002607,ST,0,r01_c04,train
20231009T060956_002607_ST_0_r01_c05.tif,20231009T060956_002607,ST,0,r01_c05,train
20231009T060956_002607_ST_0_r02_c04.tif,20231009T060956_002607,ST,0,r02_c04,train
20231009T060956_002607_ST_0_r02_c05.tif,20231009T060956_002607,ST,0,r02_c05,train
20231009T060956_002607_ST_0_r03_c00.tif,20231009T060956_002607,ST,0,r03_c00,train
20231009T060956_002607_ST_0_r03_c05.tif,20231009T060956_002607,ST,0,r03_c05,train
20231009T060956_002607_ST_0_r04_c00.tif,20231009T060956_002607,ST,0,r04_c00,train
20231009T060956_002607_ST_0_r04_c05.tif,20231009T060956_002607,ST,0,r04_c05,train
20231009T060956_002607_ST_0_r05_c00.tif,20231009T060956_002607,ST,0,r05_c00,train
20231009T060956_002607_ST_0_r05_c01.tif,20231009T060956_002607,ST,0,r05_c01,train
20231009T060956_002607_ST_0_r05_c02.tif,20231009T060956_002607,ST,0,r05_c02,train
20231009T060956_002607_ST_0_r06_c00.tif,20231009T060956_002607,ST,0,r06_c00,train
20231009T060956_002607_ST_0_r06_c01.tif,20231009T060956_002607,ST,0,r06_c01,train
20231009T060956_002607_ST_0_r06_c02.tif,20231009T060956_002607,ST,0,r06_c02,train
20231009T060956_002607_ST_0_r07_c00.tif,20231009T060956_002607,ST,0,r07_c00,train
20231009T060956_002607_ST_0_r07_c01.tif,20231009T060956_002607,ST,0,r07_c01,train
20231009T060956_002607_ST_0_r07_c02.tif,20231009T060956_002607,ST,0,r07_c02,train
20231009T060956_002607_ST_1_r00_c01.tif,20231009T060956_002607,ST,1,r00_c01,train
20231009T060956_002607_ST_1_r01_c00.tif,20231009T060956_002607,ST,1,r01_c00,train
20231009T060956_002607_ST_1_r01_c01.tif,20231009T060956_002607,ST,1,r01_c01,train
20231009T060956_002607_ST_1_r01_c02.tif,20231009T060956_002607,ST,1,r01_c02,train
20231009T060956_002607_ST_1_r02_c00.tif,20231009T060956_002607,ST,1,r02_c00,train
20231009T060956_002607_ST_1_r02_c01.tif,20231009T060956_002607,ST,1,r02_c01,train
20231009T060956_002607_ST_1_r02_c02.tif,20231009T060956_002607,ST,1,r02_c02,train
20231009T060956_002607_ST_1_r02_c03.tif,20231009T060956_002607,ST,1,r02_c03,train
20231009T060956_002607_ST_1_r03_c01.tif,20231009T060956_002607,ST,1,r03_c01,train
20231009T060956_002607_ST_1_r03_c02.tif,20231009T060956_002607,ST,1,r03_c02,train
20231009T060956_002607_ST_1_r03_c03.tif,20231009T060956_002607,ST,1,r03_c03,train
20231009T060956_002607_ST_1_r03_c04.tif,20231009T060956_002607,ST,1,r03_c04,train
20231009T060956_002607_ST_1_r04_c01.tif,20231009T060956_002607,ST,1,r04_c01,train
20231009T060956_002607_ST_1_r04_c02.tif,20231009T060956_002607,ST,1,r04_c02,train
20231009T060956_002607_ST_1_r04_c03.tif,20231009T060956_002607,ST,1,r04_c03,train
20231009T060956_002607_ST_1_r04_c04.tif,20231009T060956_002607,ST,1,r04_c04,train
20231009T060956_002607_ST_1_r05_c03.tif,20231009T060956_002607,ST,1,r05_c03,train
20231009T060956_002607_ST_1_r05_c04.tif,20231009T060956_002607,ST,1,r05_c04,train
20231009T060956_002607_ST_1_r05_c05.tif,20231009T060956_002607,ST,1,r05_c05,train
20231009T060956_002607_ST_1_r06_c03.tif,20231009T060956_002607,ST,1,r06_c03,train
20231009T060956_002607_ST_1_r06_c04.tif,20231009T060956_002607,ST,1,r06_c04,train
20231009T060956_002607_ST_1_r06_c05.tif,20231009T060956_002607,ST,1,r06_c05,train
20231009T060956_002607_ST_1_r07_c03.tif,20231009T060956_002607,ST,1,r07_c03,train
20231009T060956_002607_ST_1_r07_c04.tif,20231009T060956_002607,ST,1,r07_c04,train
20231009T060956_002607_ST_1_r07_c05.tif,20231009T060956_002607,ST,1,r07_c05,train
20231009T060956_002608_ST_1_r00_c00.tif,20231009T060956_002608,ST,1,r00_c00,train
20231009T091423_001643_EU_1_r00_c00.tif,20231009T091423_001643,EU,1,r00_c00,train
20231009T170025_001638_AM_1_r00_c00.tif,20231009T170025_001638,AM,1,r00_c00,train
20231009T170025_001638_AM_1_r00_c01.tif,20231009T170025_001638,AM,1,r00_c01,train
20231009T170025_001638_AM_1_r01_c00.tif,20231009T170025_001638,AM,1,r01_c00,train
20231009T170025_001638_AM_1_r01_c01.tif,20231009T170025_001638,AM,1,r01_c01,train
20231010T021646_001652_CM_1_r00_c00.tif,20231010T021646_001652,CM,1,r00_c00,val
20231010T051848_001647_ME_1_r00_c00.tif,20231010T051848_001647,ME,1,r00_c00,train
20231010T051900_001648_ME_1_r00_c00.tif,20231010T051900_001648,ME,1,r00_c00,train
20231010T051900_001648_ME_1_r00_c01.tif,20231010T051900_001648,ME,1,r00_c01,train
20231010T051900_001648_ME_1_r01_c00.tif,20231010T051900_001648,ME,1,r01_c00,train
20231010T051900_001648_ME_1_r01_c01.tif,20231010T051900_001648,ME,1,r01_c01,train
20231010T051923_001649_ME_1_r00_c00.tif,20231010T051923_001649,ME,1,r00_c00,train
20231010T051923_001650_ME_1_r00_c00.tif,20231010T051923_001650,ME,1,r00_c00,train
20231010T051923_001650_ME_1_r00_c01.tif,20231010T051923_001650,ME,1,r00_c01,train
20231010T051923_001650_ME_1_r01_c00.tif,20231010T051923_001650,ME,1,r01_c00,train
20231010T051923_001650_ME_1_r01_c01.tif,20231010T051923_001650,ME,1,r01_c01,train
20231010T051923_001651_ME_1_r00_c00.tif,20231010T051923_001651,ME,1,r00_c00,train
20231011T013158_001763_CM_1_r00_c00.tif,20231011T013158_001763,CM,1,r00_c00,val
20231011T043557_001756_ST_1_r00_c00.tif,20231011T043557_001756,ST,1,r00_c00,train
20231013T110035_001654_EU_1_r00_c00.tif,20231013T110035_001654,EU,1,r00_c00,train
20231013T110035_001654_EU_1_r00_c01.tif,20231013T110035_001654,EU,1,r00_c01,train
20231013T110035_001654_EU_1_r01_c00.tif,20231013T110035_001654,EU,1,r01_c00,train
20231013T110035_001654_EU_1_r01_c01.tif,20231013T110035_001654,EU,1,r01_c01,train
20231013T110035_001655_EU_1_r00_c00.tif,20231013T110035_001655,EU,1,r00_c00,train
20231014T101554_001715_ST_1_r00_c00.tif,20231014T101554_001715,ST,1,r00_c00,train
20231014T101606_001720_ST_1_r00_c00.tif,20231014T101606_001720,ST,1,r00_c00,train
20231014T101606_001721_ST_1_r00_c00.tif,20231014T101606_001721,ST,1,r00_c00,train
20231015T075558_001730_CM_1_r00_c00.tif,20231015T075558_001730,CM,1,r00_c00,val
20231015T075558_001731_CM_1_r00_c00.tif,20231015T075558_001731,CM,1,r00_c00,val
20231015T092458_001729_ST_1_r00_c00.tif,20231015T092458_001729,ST,1,r00_c00,train
20231016T101018_001733_EU_1_r00_c00.tif,20231016T101018_001733,EU,1,r00_c00,train
20231016T114853_001732_ME_1_r00_c00.tif,20231016T114853_001732,ME,1,r00_c00,train
20231016T114853_001732_ME_1_r00_c01.tif,20231016T114853_001732,ME,1,r00_c01,train
20231016T114853_001732_ME_1_r01_c00.tif,20231016T114853_001732,ME,1,r01_c00,train
20231016T114853_001732_ME_1_r01_c01.tif,20231016T114853_001732,ME,1,r01_c01,train
20231018T101446_002612_ME_1_r00_c00.tif,20231018T101446_002612,ME,1,r00_c00,train
20231018T101446_002612_ME_1_r00_c01.tif,20231018T101446_002612,ME,1,r00_c01,train
20231018T101446_002612_ME_1_r01_c00.tif,20231018T101446_002612,ME,1,r01_c00,train
20231018T101446_002612_ME_1_r01_c01.tif,20231018T101446_002612,ME,1,r01_c01,train
20231019T110439_001668_ME_1_r00_c00.tif,20231019T110439_001668,ME,1,r00_c00,train
20231019T110439_001668_ME_1_r00_c01.tif,20231019T110439_001668,ME,1,r00_c01,train
20231019T110439_001668_ME_1_r01_c01.tif,20231019T110439_001668,ME,1,r01_c01,train
20231020T052729_001671_CM_1_r00_c00.tif,20231020T052729_001671,CM,1,r00_c00,val
20231020T052729_001671_CM_1_r00_c01.tif,20231020T052729_001671,CM,1,r00_c01,val
20231020T052729_001671_CM_1_r01_c00.tif,20231020T052729_001671,CM,1,r01_c00,val
20231020T052729_001671_CM_1_r01_c01.tif,20231020T052729_001671,CM,1,r01_c01,val
20231020T052752_001672_CM_1_r00_c00.tif,20231020T052752_001672,CM,1,r00_c00,val
20231023T030900_001847_CM_1_r00_c00.tif,20231023T030900_001847,CM,1,r00_c00,val
20231023T075004_001844_ME_0_r00_c00.tif,20231023T075004_001844,ME,0,r00_c00,train
20231023T075004_001844_ME_0_r00_c01.tif,20231023T075004_001844,ME,0,r00_c01,train
20231023T075004_001844_ME_0_r01_c00.tif,20231023T075004_001844,ME,0,r01_c00,train
20231023T075004_001844_ME_0_r01_c03.tif,20231023T075004_001844,ME,0,r01_c03,train
20231023T075004_001844_ME_0_r02_c00.tif,20231023T075004_001844,ME,0,r02_c00,train
20231023T075004_001844_ME_0_r03_c00.tif,20231023T075004_001844,ME,0,r03_c00,train
20231023T075004_001844_ME_0_r03_c01.tif,20231023T075004_001844,ME,0,r03_c01,train
20231023T075004_001844_ME_0_r03_c02.tif,20231023T075004_001844,ME,0,r03_c02,train
20231023T075004_001844_ME_0_r03_c03.tif,20231023T075004_001844,ME,0,r03_c03,train
20231023T075004_001844_ME_1_r01_c01.tif,20231023T075004_001844,ME,1,r01_c01,train
20231023T075004_001844_ME_1_r01_c02.tif,20231023T075004_001844,ME,1,r01_c02,train
20231023T075004_001844_ME_1_r02_c01.tif,20231023T075004_001844,ME,1,r02_c01,train
20231023T075004_001844_ME_1_r02_c02.tif,20231023T075004_001844,ME,1,r02_c02,train
20231023T075004_001844_ME_1_r02_c03.tif,20231023T075004_001844,ME,1,r02_c03,train
20231023T092142_001842_EU_1_r00_c00.tif,20231023T092142_001842,EU,1,r00_c00,train
20231024T070157_001860_ST_0_r00_c00.tif,20231024T070157_001860,ST,0,r00_c00,train
20231024T070157_001860_ST_0_r00_c01.tif,20231024T070157_001860,ST,0,r00_c01,train
20231024T070157_001860_ST_0_r00_c03.tif,20231024T070157_001860,ST,0,r00_c03,train
20231024T070157_001860_ST_0_r01_c00.tif,20231024T070157_001860,ST,0,r01_c00,train
20231024T070157_001860_ST_0_r01_c03.tif,20231024T070157_001860,ST,0,r01_c03,train
20231024T070157_001860_ST_0_r02_c00.tif,20231024T070157_001860,ST,0,r02_c00,train
20231024T070157_001860_ST_0_r02_c03.tif,20231024T070157_001860,ST,0,r02_c03,train
20231024T070157_001860_ST_0_r03_c00.tif,20231024T070157_001860,ST,0,r03_c00,train
20231024T070157_001860_ST_0_r03_c02.tif,20231024T070157_001860,ST,0,r03_c02,train
20231024T070157_001860_ST_0_r03_c03.tif,20231024T070157_001860,ST,0,r03_c03,train
20231024T070157_001860_ST_1_r00_c02.tif,20231024T070157_001860,ST,1,r00_c02,train
20231024T070157_001860_ST_1_r01_c01.tif,20231024T070157_001860,ST,1,r01_c01,train
20231024T070157_001860_ST_1_r01_c02.tif,20231024T070157_001860,ST,1,r01_c02,train
20231024T070157_001860_ST_1_r02_c01.tif,20231024T070157_001860,ST,1,r02_c01,train
20231024T070157_001860_ST_1_r02_c02.tif,20231024T070157_001860,ST,1,r02_c02,train
20231024T070157_001860_ST_1_r03_c01.tif,20231024T070157_001860,ST,1,r03_c01,train
20231024T070209_001861_ST_0_r00_c00.tif,20231024T070209_001861,ST,0,r00_c00,train
20231024T070209_001861_ST_0_r00_c01.tif,20231024T070209_001861,ST,0,r00_c01,train
20231024T070209_001861_ST_0_r00_c03.tif,20231024T070209_001861,ST,0,r00_c03,train
20231024T070209_001861_ST_0_r01_c00.tif,20231024T070209_001861,ST,0,r01_c00,train
20231024T070209_001861_ST_0_r01_c03.tif,20231024T070209_001861,ST,0,r01_c03,train
20231024T070209_001861_ST_0_r02_c00.tif,20231024T070209_001861,ST,0,r02_c00,train
20231024T070209_001861_ST_0_r02_c03.tif,20231024T070209_001861,ST,0,r02_c03,train
20231024T070209_001861_ST_0_r03_c00.tif,20231024T070209_001861,ST,0,r03_c00,train
20231024T070209_001861_ST_0_r03_c02.tif,20231024T070209_001861,ST,0,r03_c02,train
20231024T070209_001861_ST_0_r03_c03.tif,20231024T070209_001861,ST,0,r03_c03,train
20231024T070209_001861_ST_1_r00_c02.tif,20231024T070209_001861,ST,1,r00_c02,train
20231024T070209_001861_ST_1_r01_c01.tif,20231024T070209_001861,ST,1,r01_c01,train
20231024T070209_001861_ST_1_r01_c02.tif,20231024T070209_001861,ST,1,r01_c02,train
20231024T070209_001861_ST_1_r02_c01.tif,20231024T070209_001861,ST,1,r02_c01,train
20231024T070209_001861_ST_1_r02_c02.tif,20231024T070209_001861,ST,1,r02_c02,train
20231024T070209_001861_ST_1_r03_c01.tif,20231024T070209_001861,ST,1,r03_c01,train
20231024T100947_001857_ME_1_r00_c00.tif,20231024T100947_001857,ME,1,r00_c00,train
20231025T061531_001867_ST_0_r00_c00.tif,20231025T061531_001867,ST,0,r00_c00,train
20231025T061531_001867_ST_0_r00_c01.tif,20231025T061531_001867,ST,0,r00_c01,train
20231025T061531_001867_ST_0_r00_c02.tif,20231025T061531_001867,ST,0,r00_c02,train
20231025T061531_001867_ST_0_r00_c03.tif,20231025T061531_001867,ST,0,r00_c03,train
20231025T061531_001867_ST_0_r01_c00.tif,20231025T061531_001867,ST,0,r01_c00,train
20231025T061531_001867_ST_0_r01_c03.tif,20231025T061531_001867,ST,0,r01_c03,train
20231025T061531_001867_ST_0_r02_c00.tif,20231025T061531_001867,ST,0,r02_c00,train
20231025T061531_001867_ST_0_r02_c03.tif,20231025T061531_001867,ST,0,r02_c03,train
20231025T061531_001867_ST_0_r03_c00.tif,20231025T061531_001867,ST,0,r03_c00,train
20231025T061531_001867_ST_0_r03_c02.tif,20231025T061531_001867,ST,0,r03_c02,train
20231025T061531_001867_ST_0_r03_c03.tif,20231025T061531_001867,ST,0,r03_c03,train
20231025T061531_001867_ST_1_r01_c01.tif,20231025T061531_001867,ST,1,r01_c01,train
20231025T061531_001867_ST_1_r01_c02.tif,20231025T061531_001867,ST,1,r01_c02,train
20231025T061531_001867_ST_1_r02_c01.tif,20231025T061531_001867,ST,1,r02_c01,train
20231025T061531_001867_ST_1_r02_c02.tif,20231025T061531_001867,ST,1,r02_c02,train
20231025T061531_001867_ST_1_r03_c01.tif,20231025T061531_001867,ST,1,r03_c01,train
20231025T061531_001868_ST_1_r00_c00.tif,20231025T061531_001868,ST,1,r00_c00,train
20231025T061531_001869_ST_1_r00_c00.tif,20231025T061531_001869,ST,1,r00_c00,train
20231025T061531_001870_ST_1_r00_c00.tif,20231025T061531_001870,ST,1,r00_c00,train
20231025T061531_001871_ST_1_r00_c00.tif,20231025T061531_001871,ST,1,r00_c00,train
20231025T170354_001865_AM_1_r00_c00.tif,20231025T170354_001865,AM,1,r00_c00,train
20231025T170406_001866_AM_1_r00_c00.tif,20231025T170406_001866,AM,1,r00_c00,train
20231026T022145_001879_CM_1_r00_c00.tif,20231026T022145_001879,CM,1,r00_c00,val
20231026T052647_001876_ST_1_r00_c00.tif,20231026T052647_001876,ST,1,r00_c00,train
20231026T052735_001878_ST_1_r00_c00.tif,20231026T052735_001878,ST,1,r00_c00,train
20231026T070106_001875_EU_1_r00_c00.tif,20231026T070106_001875,EU,1,r00_c00,train
20231026T083653_001873_ME_1_r00_c00.tif,20231026T083653_001873,ME,1,r00_c00,train
20231026T083653_001874_ME_1_r00_c00.tif,20231026T083653_001874,ME,1,r00_c00,train
20231027T061434_001888_ME_1_r00_c00.tif,20231027T061434_001888,ME,1,r00_c00,train
20231027T061434_001889_ME_1_r00_c00.tif,20231027T061434_001889,ME,1,r00_c00,train
20231027T061434_001889_ME_1_r00_c01.tif,20231027T061434_001889,ME,1,r00_c01,train
20231027T061434_001889_ME_1_r01_c00.tif,20231027T061434_001889,ME,1,r01_c00,train
20231027T061434_001889_ME_1_r01_c01.tif,20231027T061434_001889,ME,1,r01_c01,train
20231027T153239_001882_AM_1_r00_c00.tif,20231027T153239_001882,AM,1,r00_c00,train
20231027T170714_001885_AM_1_r00_c00.tif,20231027T170714_001885,AM,1,r00_c00,train
20231028T070104_001904_ME_1_r00_c00.tif,20231028T070104_001904,ME,1,r00_c00,train
20231028T070116_001903_ME_1_r00_c00.tif,20231028T070116_001903,ME,1,r00_c00,train
20231028T083416_001902_ME_1_r00_c00.tif,20231028T083416_001902,ME,1,r00_c00,train
20231028T083416_001902_ME_1_r00_c01.tif,20231028T083416_001902,ME,1,r00_c01,train
20231028T083416_001902_ME_1_r01_c00.tif,20231028T083416_001902,ME,1,r01_c00,train
20231028T083416_001902_ME_1_r01_c01.tif,20231028T083416_001902,ME,1,r01_c01,train
20231028T161900_001892_AM_1_r00_c00.tif,20231028T161900_001892,AM,1,r00_c00,train
20231028T161900_001893_AM_1_r00_c00.tif,20231028T161900_001893,AM,1,r00_c00,train
20231028T161900_001894_AM_1_r00_c00.tif,20231028T161900_001894,AM,1,r00_c00,train
20231028T161900_001897_AM_1_r00_c00.tif,20231028T161900_001897,AM,1,r00_c00,train
20231029T031032_001939_AS_1_r00_c00.tif,20231029T031032_001939,AS,1,r00_c00,test
20231029T061539_001938_ME_1_r00_c01.tif,20231029T061539_001938,ME,1,r00_c01,train
20231029T061539_001938_ME_1_r01_c00.tif,20231029T061539_001938,ME,1,r01_c00,train
20231029T061539_001938_ME_1_r01_c01.tif,20231029T061539_001938,ME,1,r01_c01,train
20231030T035533_001942_AS_1_r00_c00.tif,20231030T035533_001942,AS,1,r00_c00,test
20231030T035545_001941_AS_1_r00_c00.tif,20231030T035545_001941,AS,1,r00_c00,test
20231030T035545_001943_AS_1_r00_c00.tif,20231030T035545_001943,AS,1,r00_c00,test
20231101T083438_001927_ME_1_r00_c00.tif,20231101T083438_001927,ME,1,r00_c00,train
20231105T150054_001913_SA_1_r00_c00.tif,20231105T150054_001913,SA,1,r00_c00,test
20231105T150054_001913_SA_1_r00_c01.tif,20231105T150054_001913,SA,1,r00_c01,test
20231105T150054_001913_SA_1_r01_c00.tif,20231105T150054_001913,SA,1,r01_c00,test
20231105T150054_001913_SA_1_r01_c01.tif,20231105T150054_001913,SA,1,r01_c01,test
20231107T005349_001918_AU_1_r00_c00.tif,20231107T005349_001918,AU,1,r00_c00,val
20231121T122543_001952_ME_1_r00_c00.tif,20231121T122543_001952,ME,1,r00_c00,train
20231124T142642_001959_SA_0_r00_c07.tif,20231124T142642_001959,SA,0,r00_c07,test
20231124T142642_001959_SA_0_r00_c08.tif,20231124T142642_001959,SA,0,r00_c08,test
20231124T142642_001959_SA_0_r00_c09.tif,20231124T142642_001959,SA,0,r00_c09,test
20231124T142642_001959_SA_0_r02_c00.tif,20231124T142642_001959,SA,0,r02_c00,test
20231124T142642_001959_SA_1_r00_c01.tif,20231124T142642_001959,SA,1,r00_c01,test
20231124T142642_001959_SA_1_r00_c02.tif,20231124T142642_001959,SA,1,r00_c02,test
20231124T142642_001959_SA_1_r00_c03.tif,20231124T142642_001959,SA,1,r00_c03,test
20231124T142642_001959_SA_1_r00_c04.tif,20231124T142642_001959,SA,1,r00_c04,test
20231124T142642_001959_SA_1_r00_c05.tif,20231124T142642_001959,SA,1,r00_c05,test
20231124T142642_001959_SA_1_r00_c06.tif,20231124T142642_001959,SA,1,r00_c06,test
20231124T142642_001959_SA_1_r01_c01.tif,20231124T142642_001959,SA,1,r01_c01,test
20231124T142642_001959_SA_1_r01_c02.tif,20231124T142642_001959,SA,1,r01_c02,test
20231124T142642_001959_SA_1_r01_c03.tif,20231124T142642_001959,SA,1,r01_c03,test
20231124T142642_001959_SA_1_r01_c04.tif,20231124T142642_001959,SA,1,r01_c04,test
20231124T142642_001959_SA_1_r01_c05.tif,20231124T142642_001959,SA,1,r01_c05,test
20231124T142642_001959_SA_1_r01_c06.tif,20231124T142642_001959,SA,1,r01_c06,test
20231124T142642_001959_SA_1_r01_c07.tif,20231124T142642_001959,SA,1,r01_c07,test
20231124T142642_001959_SA_1_r01_c08.tif,20231124T142642_001959,SA,1,r01_c08,test
20231124T142642_001959_SA_1_r01_c09.tif,20231124T142642_001959,SA,1,r01_c09,test
20231124T142642_001959_SA_1_r02_c01.tif,20231124T142642_001959,SA,1,r02_c01,test
20231124T142642_001959_SA_1_r02_c02.tif,20231124T142642_001959,SA,1,r02_c02,test
20231124T142642_001959_SA_1_r02_c03.tif,20231124T142642_001959,SA,1,r02_c03,test
20231124T142642_001959_SA_1_r02_c04.tif,20231124T142642_001959,SA,1,r02_c04,test
20231124T142642_001959_SA_1_r02_c05.tif,20231124T142642_001959,SA,1,r02_c05,test
20231124T142642_001959_SA_1_r02_c06.tif,20231124T142642_001959,SA,1,r02_c06,test
20231124T142642_001959_SA_1_r02_c07.tif,20231124T142642_001959,SA,1,r02_c07,test
20231124T142642_001959_SA_1_r02_c08.tif,20231124T142642_001959,SA,1,r02_c08,test
20231124T142642_001959_SA_1_r02_c09.tif,20231124T142642_001959,SA,1,r02_c09,test
20231125T092220_001970_AS_1_r00_c00.tif,20231125T092220_001970,AS,1,r00_c00,test
20231125T105540_001965_ME_1_r00_c00.tif,20231125T105540_001965,ME,1,r00_c00,train
20231125T105540_001966_ME_1_r00_c00.tif,20231125T105540_001966,ME,1,r00_c00,train
20231125T105540_001966_ME_1_r00_c01.tif,20231125T105540_001966,ME,1,r00_c01,train
20231125T105540_001966_ME_1_r01_c00.tif,20231125T105540_001966,ME,1,r01_c00,train
20231125T105540_001966_ME_1_r01_c01.tif,20231125T105540_001966,ME,1,r01_c01,train
20231125T105540_001967_ME_1_r00_c00.tif,20231125T105540_001967,ME,1,r00_c00,train
20231127T091946_001976_ME_1_r00_c00.tif,20231127T091946_001976,ME,1,r00_c00,train
20231127T140054_001975_ME_1_r00_c00.tif,20231127T140054_001975,ME,1,r00_c00,train
20231128T234458_001979_AU_1_r00_c00.tif,20231128T234458_001979,AU,1,r00_c00,val
20231129T092012_001980_ME_1_r00_c00.tif,20231129T092012_001980,ME,1,r00_c00,train
20231129T092012_001980_ME_1_r00_c01.tif,20231129T092012_001980,ME,1,r00_c01,train
20231129T092012_001980_ME_1_r01_c00.tif,20231129T092012_001980,ME,1,r01_c00,train
20231129T092012_001980_ME_1_r01_c01.tif,20231129T092012_001980,ME,1,r01_c01,train
20231129T092012_001981_ME_1_r00_c00.tif,20231129T092012_001981,ME,1,r00_c00,train
20231129T092012_001981_ME_1_r00_c01.tif,20231129T092012_001981,ME,1,r00_c01,train
20231129T092012_001981_ME_1_r01_c00.tif,20231129T092012_001981,ME,1,r01_c00,train
20231129T092012_001981_ME_1_r01_c01.tif,20231129T092012_001981,ME,1,r01_c01,train
20231129T092024_001982_ME_1_r00_c00.tif,20231129T092024_001982,ME,1,r00_c00,train
20231129T092024_001982_ME_1_r00_c01.tif,20231129T092024_001982,ME,1,r00_c01,train
20231129T092024_001982_ME_1_r01_c00.tif,20231129T092024_001982,ME,1,r01_c00,train
20231129T092024_001982_ME_1_r01_c01.tif,20231129T092024_001982,ME,1,r01_c01,train
20231130T083154_001988_ME_1_r00_c00.tif,20231130T083154_001988,ME,1,r00_c00,train
20231130T100525_001984_ME_1_r00_c00.tif,20231130T100525_001984,ME,1,r00_c00,train
20231130T100736_001987_ME_1_r00_c00.tif,20231130T100736_001987,ME,1,r00_c00,train
20231130T113800_001983_ME_0_r00_c00.tif,20231130T113800_001983,ME,0,r00_c00,train
20231130T113800_001983_ME_0_r00_c03.tif,20231130T113800_001983,ME,0,r00_c03,train
20231130T113800_001983_ME_0_r01_c00.tif,20231130T113800_001983,ME,0,r01_c00,train
20231130T113800_001983_ME_0_r01_c03.tif,20231130T113800_001983,ME,0,r01_c03,train
20231130T113800_001983_ME_0_r02_c00.tif,20231130T113800_001983,ME,0,r02_c00,train
20231130T113800_001983_ME_0_r02_c03.tif,20231130T113800_001983,ME,0,r02_c03,train
20231130T113800_001983_ME_0_r03_c00.tif,20231130T113800_001983,ME,0,r03_c00,train
20231130T113800_001983_ME_0_r03_c03.tif,20231130T113800_001983,ME,0,r03_c03,train
20231130T113800_001983_ME_1_r00_c01.tif,20231130T113800_001983,ME,1,r00_c01,train
20231130T113800_001983_ME_1_r00_c02.tif,20231130T113800_001983,ME,1,r00_c02,train
20231130T113800_001983_ME_1_r01_c01.tif,20231130T113800_001983,ME,1,r01_c01,train
20231130T113800_001983_ME_1_r01_c02.tif,20231130T113800_001983,ME,1,r01_c02,train
20231130T113800_001983_ME_1_r02_c01.tif,20231130T113800_001983,ME,1,r02_c01,train
20231130T113800_001983_ME_1_r02_c02.tif,20231130T113800_001983,ME,1,r02_c02,train
20231130T113800_001983_ME_1_r03_c01.tif,20231130T113800_001983,ME,1,r03_c01,train
20231130T113800_001983_ME_1_r03_c02.tif,20231130T113800_001983,ME,1,r03_c02,train
20231130T220644_001993_AU_0_r00_c00.tif,20231130T220644_001993,AU,0,r00_c00,val
20231130T220644_001993_AU_0_r00_c01.tif,20231130T220644_001993,AU,0,r00_c01,val
20231130T220644_001993_AU_0_r00_c02.tif,20231130T220644_001993,AU,0,r00_c02,val
20231130T220644_001993_AU_0_r02_c00.tif,20231130T220644_001993,AU,0,r02_c00,val
20231130T220644_001993_AU_0_r03_c00.tif,20231130T220644_001993,AU,0,r03_c00,val
20231130T220644_001993_AU_0_r03_c01.tif,20231130T220644_001993,AU,0,r03_c01,val
20231130T220644_001993_AU_0_r03_c02.tif,20231130T220644_001993,AU,0,r03_c02,val
20231130T220644_001993_AU_0_r03_c03.tif,20231130T220644_001993,AU,0,r03_c03,val
20231130T220644_001993_AU_1_r01_c00.tif,20231130T220644_001993,AU,1,r01_c00,val
20231130T220644_001993_AU_1_r01_c01.tif,20231130T220644_001993,AU,1,r01_c01,val
20231130T220644_001993_AU_1_r01_c02.tif,20231130T220644_001993,AU,1,r01_c02,val
20231130T220644_001993_AU_1_r01_c03.tif,20231130T220644_001993,AU,1,r01_c03,val
20231130T220644_001993_AU_1_r02_c01.tif,20231130T220644_001993,AU,1,r02_c01,val
20231130T220644_001993_AU_1_r02_c02.tif,20231130T220644_001993,AU,1,r02_c02,val
20231130T220644_001993_AU_1_r02_c03.tif,20231130T220644_001993,AU,1,r02_c03,val
20231201T074307_002001_ME_1_r00_c00.tif,20231201T074307_002001,ME,1,r00_c00,train
20231201T074307_002001_ME_1_r00_c01.tif,20231201T074307_002001,ME,1,r00_c01,train
20231201T074307_002001_ME_1_r01_c00.tif,20231201T074307_002001,ME,1,r01_c00,train
20231201T074307_002001_ME_1_r01_c01.tif,20231201T074307_002001,ME,1,r01_c01,train
20231201T183525_001999_AM_1_r00_c00.tif,20231201T183525_001999,AM,1,r00_c00,train
20231201T183549_001994_AM_0_r00_c00.tif,20231201T183549_001994,AM,0,r00_c00,train
20231201T183549_001994_AM_0_r00_c01.tif,20231201T183549_001994,AM,0,r00_c01,train
20231201T183549_001994_AM_0_r00_c02.tif,20231201T183549_001994,AM,0,r00_c02,train
20231201T183549_001994_AM_0_r00_c03.tif,20231201T183549_001994,AM,0,r00_c03,train
20231201T183549_001994_AM_0_r01_c00.tif,20231201T183549_001994,AM,0,r01_c00,train
20231201T183549_001994_AM_0_r02_c03.tif,20231201T183549_001994,AM,0,r02_c03,train
20231201T183549_001994_AM_0_r03_c01.tif,20231201T183549_001994,AM,0,r03_c01,train
20231201T183549_001994_AM_0_r03_c02.tif,20231201T183549_001994,AM,0,r03_c02,train
20231201T183549_001994_AM_0_r03_c03.tif,20231201T183549_001994,AM,0,r03_c03,train
20231201T183549_001994_AM_1_r01_c01.tif,20231201T183549_001994,AM,1,r01_c01,train
20231201T183549_001994_AM_1_r01_c02.tif,20231201T183549_001994,AM,1,r01_c02,train
20231201T183549_001994_AM_1_r01_c03.tif,20231201T183549_001994,AM,1,r01_c03,train
20231201T183549_001994_AM_1_r02_c00.tif,20231201T183549_001994,AM,1,r02_c00,train
20231201T183549_001994_AM_1_r02_c01.tif,20231201T183549_001994,AM,1,r02_c01,train
20231201T183549_001994_AM_1_r02_c02.tif,20231201T183549_001994,AM,1,r02_c02,train
20231201T183549_001994_AM_1_r03_c00.tif,20231201T183549_001994,AM,1,r03_c00,train
20231201T183549_001995_AM_1_r00_c00.tif,20231201T183549_001995,AM,1,r00_c00,train
20231201T183549_001996_AM_1_r00_c00.tif,20231201T183549_001996,AM,1,r00_c00,train
20231201T183549_001997_AM_1_r00_c00.tif,20231201T183549_001997,AM,1,r00_c00,train
20231201T183601_001998_AM_1_r00_c00.tif,20231201T183601_001998,AM,1,r00_c00,train
20231202T083256_002088_ME_0_r00_c00.tif,20231202T083256_002088,ME,0,r00_c00,train
20231202T083256_002088_ME_0_r00_c01.tif,20231202T083256_002088,ME,0,r00_c01,train
20231202T083256_002088_ME_0_r00_c02.tif,20231202T083256_002088,ME,0,r00_c02,train
20231202T083256_002088_ME_0_r00_c03.tif,20231202T083256_002088,ME,0,r00_c03,train
20231202T083256_002088_ME_0_r01_c03.tif,20231202T083256_002088,ME,0,r01_c03,train
20231202T083256_002088_ME_0_r02_c00.tif,20231202T083256_002088,ME,0,r02_c00,train
20231202T083256_002088_ME_0_r02_c03.tif,20231202T083256_002088,ME,0,r02_c03,train
20231202T083256_002088_ME_0_r03_c00.tif,20231202T083256_002088,ME,0,r03_c00,train
20231202T083256_002088_ME_0_r03_c01.tif,20231202T083256_002088,ME,0,r03_c01,train
20231202T083256_002088_ME_0_r03_c02.tif,20231202T083256_002088,ME,0,r03_c02,train
20231202T083256_002088_ME_0_r03_c03.tif,20231202T083256_002088,ME,0,r03_c03,train
20231202T083256_002088_ME_1_r01_c00.tif,20231202T083256_002088,ME,1,r01_c00,train
20231202T083256_002088_ME_1_r01_c01.tif,20231202T083256_002088,ME,1,r01_c01,train
20231202T083256_002088_ME_1_r01_c02.tif,20231202T083256_002088,ME,1,r01_c02,train
20231202T083256_002088_ME_1_r02_c01.tif,20231202T083256_002088,ME,1,r02_c01,train
20231202T083256_002088_ME_1_r02_c02.tif,20231202T083256_002088,ME,1,r02_c02,train
20231202T083339_002098_ST_1_r00_c00.tif,20231202T083339_002098,ST,1,r00_c00,train
20231202T083339_002098_ST_1_r00_c01.tif,20231202T083339_002098,ST,1,r00_c01,train
20231202T083339_002098_ST_1_r01_c00.tif,20231202T083339_002098,ST,1,r01_c00,train
20231202T083339_002098_ST_1_r01_c01.tif,20231202T083339_002098,ST,1,r01_c01,train
20231202T083339_002099_ST_1_r00_c00.tif,20231202T083339_002099,ST,1,r00_c00,train
20231202T083339_002100_ST_1_r00_c00.tif,20231202T083339_002100,ST,1,r00_c00,train
20231202T083339_002101_ST_1_r00_c00.tif,20231202T083339_002101,ST,1,r00_c00,train
20231202T083351_002012_ST_1_r00_c00.tif,20231202T083351_002012,ST,1,r00_c00,train
20231202T083351_002012_ST_1_r00_c01.tif,20231202T083351_002012,ST,1,r00_c01,train
20231202T083351_002012_ST_1_r01_c00.tif,20231202T083351_002012,ST,1,r01_c00,train
20231202T083351_002012_ST_1_r01_c01.tif,20231202T083351_002012,ST,1,r01_c01,train
20231202T083351_002089_ST_1_r00_c00.tif,20231202T083351_002089,ST,1,r00_c00,train
20231202T083351_002090_ST_1_r00_c00.tif,20231202T083351_002090,ST,1,r00_c00,train
20231202T083351_002091_ST_1_r00_c00.tif,20231202T083351_002091,ST,1,r00_c00,train
20231202T083351_002092_ST_1_r00_c00.tif,20231202T083351_002092,ST,1,r00_c00,train
20231202T083351_002094_ST_1_r00_c00.tif,20231202T083351_002094,ST,1,r00_c00,train
20231202T083351_002095_ST_1_r00_c00.tif,20231202T083351_002095,ST,1,r00_c00,train
20231202T083351_002096_ST_1_r00_c00.tif,20231202T083351_002096,ST,1,r00_c00,train
20231202T083351_002096_ST_1_r00_c01.tif,20231202T083351_002096,ST,1,r00_c01,train
20231202T083351_002096_ST_1_r01_c00.tif,20231202T083351_002096,ST,1,r01_c00,train
20231202T083351_002096_ST_1_r01_c01.tif,20231202T083351_002096,ST,1,r01_c01,train
20231202T083351_002097_ST_1_r00_c00.tif,20231202T083351_002097,ST,1,r00_c00,train
20231202T083351_002097_ST_1_r00_c01.tif,20231202T083351_002097,ST,1,r00_c01,train
20231202T083351_002097_ST_1_r01_c00.tif,20231202T083351_002097,ST,1,r01_c00,train
20231202T083351_002097_ST_1_r01_c01.tif,20231202T083351_002097,ST,1,r01_c01,train
20231204T083032_002016_ME_1_r00_c00.tif,20231204T083032_002016,ME,1,r00_c00,train
20231204T100051_002013_ME_1_r00_c00.tif,20231204T100051_002013,ME,1,r00_c00,train
20231204T100051_002014_ME_1_r00_c00.tif,20231204T100051_002014,ME,1,r00_c00,train
20231204T100051_002015_ME_1_r00_c01.tif,20231204T100051_002015,ME,1,r00_c01,train
20231204T100051_002015_ME_1_r00_c02.tif,20231204T100051_002015,ME,1,r00_c02,train
20231204T100051_002015_ME_1_r00_c03.tif,20231204T100051_002015,ME,1,r00_c03,train
20231204T100051_002015_ME_1_r01_c01.tif,20231204T100051_002015,ME,1,r01_c01,train
20231204T100051_002015_ME_1_r01_c02.tif,20231204T100051_002015,ME,1,r01_c02,train
20231204T100051_002015_ME_1_r01_c03.tif,20231204T100051_002015,ME,1,r01_c03,train
20231204T174618_002010_AM_1_r00_c00.tif,20231204T174618_002010,AM,1,r00_c00,train
20231205T060547_002130_ME_1_r00_c00.tif,20231205T060547_002130,ME,1,r00_c00,train
20231205T060547_002131_ME_1_r00_c00.tif,20231205T060547_002131,ME,1,r00_c00,train
20231205T074338_002150_EU_1_r00_c00.tif,20231205T074338_002150,EU,1,r00_c00,train
20231205T165825_002138_AM_1_r00_c00.tif,20231205T165825_002138,AM,1,r00_c00,train
20231205T165825_002139_AM_1_r00_c00.tif,20231205T165825_002139,AM,1,r00_c00,train
20231205T165825_002140_AM_1_r00_c00.tif,20231205T165825_002140,AM,1,r00_c00,train
20231205T165825_002141_AM_1_r00_c00.tif,20231205T165825_002141,AM,1,r00_c00,train
20231205T165825_002142_AM_1_r00_c00.tif,20231205T165825_002142,AM,1,r00_c00,train
20231205T165825_002144_AM_1_r00_c00.tif,20231205T165825_002144,AM,1,r00_c00,train
20231205T165825_002146_AM_1_r00_c00.tif,20231205T165825_002146,AM,1,r00_c00,train
20231205T165837_002145_AM_1_r00_c00.tif,20231205T165837_002145,AM,1,r00_c00,train
20231206T082558_002180_ME_1_r00_c00.tif,20231206T082558_002180,ME,1,r00_c00,train
20231206T082610_002181_ME_1_r00_c00.tif,20231206T082610_002181,ME,1,r00_c00,train
20231217T092625_002159_AS_1_r00_c00.tif,20231217T092625_002159,AS,1,r00_c00,test
20231217T123027_002154_ME_1_r00_c00.tif,20231217T123027_002154,ME,1,r00_c00,train
20231217T201338_002751_AM_1_r00_c00.tif,20231217T201338_002751,AM,1,r00_c00,train
20231217T201338_002752_AM_1_r00_c00.tif,20231217T201338_002752,AM,1,r00_c00,train
20231220T083556_002753_AS_1_r00_c00.tif,20231220T083556_002753,AS,1,r00_c00,test
20231222T035001_002224_CM_1_r00_c00.tif,20231222T035001_002224,CM,1,r00_c00,val
20231222T035001_002225_CM_1_r00_c00.tif,20231222T035001_002225,CM,1,r00_c00,val
20231222T035001_002225_CM_1_r00_c01.tif,20231222T035001_002225,CM,1,r00_c01,val
20231222T035001_002225_CM_1_r01_c00.tif,20231222T035001_002225,CM,1,r01_c00,val
20231222T035001_002225_CM_1_r01_c01.tif,20231222T035001_002225,CM,1,r01_c01,val
20231223T092103_002205_ME_1_r00_c00.tif,20231223T092103_002205,ME,1,r00_c00,train
20231223T092103_002205_ME_1_r00_c01.tif,20231223T092103_002205,ME,1,r00_c01,train
20231223T092103_002205_ME_1_r01_c00.tif,20231223T092103_002205,ME,1,r01_c00,train
20231223T092103_002205_ME_1_r01_c01.tif,20231223T092103_002205,ME,1,r01_c01,train
20231223T123006_002161_SA_1_r00_c00.tif,20231223T123006_002161,SA,1,r00_c00,test
20231224T065746_002283_AS_1_r00_c00.tif,20231224T065746_002283,AS,1,r00_c00,test
20231224T065746_002284_AS_1_r00_c00.tif,20231224T065746_002284,AS,1,r00_c00,test
20231224T174533_002249_AM_1_r00_c00.tif,20231224T174533_002249,AM,1,r00_c00,train
20231224T174533_002250_AM_1_r00_c00.tif,20231224T174533_002250,AM,1,r00_c00,train
20231224T174533_002255_AM_1_r00_c00.tif,20231224T174533_002255,AM,1,r00_c00,train
20231224T174533_002259_AM_1_r00_c00.tif,20231224T174533_002259,AM,1,r00_c00,train
20231224T174533_002266_AM_1_r00_c00.tif,20231224T174533_002266,AM,1,r00_c00,train
20231224T174533_002267_AM_1_r00_c00.tif,20231224T174533_002267,AM,1,r00_c00,train
20231224T174533_002613_AM_1_r00_c00.tif,20231224T174533_002613,AM,1,r00_c00,train
20231224T174545_002261_AM_1_r00_c00.tif,20231224T174545_002261,AM,1,r00_c00,train
20231224T174545_002264_AM_1_r00_c00.tif,20231224T174545_002264,AM,1,r00_c00,train
20231225T043707_002351_AS_0_r00_c00.tif,20231225T043707_002351,AS,0,r00_c00,test
20231225T043707_002351_AS_0_r00_c02.tif,20231225T043707_002351,AS,0,r00_c02,test
20231225T043707_002351_AS_0_r00_c03.tif,20231225T043707_002351,AS,0,r00_c03,test
20231225T043707_002351_AS_0_r01_c03.tif,20231225T043707_002351,AS,0,r01_c03,test
20231225T043707_002351_AS_0_r02_c00.tif,20231225T043707_002351,AS,0,r02_c00,test
20231225T043707_002351_AS_0_r02_c03.tif,20231225T043707_002351,AS,0,r02_c03,test
20231225T043707_002351_AS_0_r03_c00.tif,20231225T043707_002351,AS,0,r03_c00,test
20231225T043707_002351_AS_0_r03_c01.tif,20231225T043707_002351,AS,0,r03_c01,test
20231225T043707_002351_AS_0_r03_c03.tif,20231225T043707_002351,AS,0,r03_c03,test
20231225T043707_002351_AS_1_r00_c01.tif,20231225T043707_002351,AS,1,r00_c01,test
20231225T043707_002351_AS_1_r01_c00.tif,20231225T043707_002351,AS,1,r01_c00,test
20231225T043707_002351_AS_1_r01_c01.tif,20231225T043707_002351,AS,1,r01_c01,test
20231225T043707_002351_AS_1_r01_c02.tif,20231225T043707_002351,AS,1,r01_c02,test
20231225T043707_002351_AS_1_r02_c01.tif,20231225T043707_002351,AS,1,r02_c01,test
20231225T043707_002351_AS_1_r02_c02.tif,20231225T043707_002351,AS,1,r02_c02,test
20231225T043707_002351_AS_1_r03_c02.tif,20231225T043707_002351,AS,1,r03_c02,test
20231226T065426_002301_ME_1_r00_c00.tif,20231226T065426_002301,ME,1,r00_c00,train
20231226T065450_002302_ME_1_r00_c00.tif,20231226T065450_002302,ME,1,r00_c00,train
20231226T065514_002303_ME_1_r00_c00.tif,20231226T065514_002303,ME,1,r00_c00,train
20231226T082757_002298_ME_0_r00_c00.tif,20231226T082757_002298,ME,0,r00_c00,train
20231226T082757_002298_ME_0_r00_c03.tif,20231226T082757_002298,ME,0,r00_c03,train
20231226T082757_002298_ME_0_r01_c00.tif,20231226T082757_002298,ME,0,r01_c00,train
20231226T082757_002298_ME_0_r01_c03.tif,20231226T082757_002298,ME,0,r01_c03,train
20231226T082757_002298_ME_0_r02_c00.tif,20231226T082757_002298,ME,0,r02_c00,train
20231226T082757_002298_ME_0_r02_c03.tif,20231226T082757_002298,ME,0,r02_c03,train
20231226T082757_002298_ME_0_r03_c00.tif,20231226T082757_002298,ME,0,r03_c00,train
20231226T082757_002298_ME_0_r03_c03.tif,20231226T082757_002298,ME,0,r03_c03,train
20231226T082757_002298_ME_1_r00_c01.tif,20231226T082757_002298,ME,1,r00_c01,train
20231226T082757_002298_ME_1_r00_c02.tif,20231226T082757_002298,ME,1,r00_c02,train
20231226T082757_002298_ME_1_r01_c01.tif,20231226T082757_002298,ME,1,r01_c01,train
20231226T082757_002298_ME_1_r01_c02.tif,20231226T082757_002298,ME,1,r01_c02,train
20231226T082757_002298_ME_1_r02_c01.tif,20231226T082757_002298,ME,1,r02_c01,train
20231226T082757_002298_ME_1_r02_c02.tif,20231226T082757_002298,ME,1,r02_c02,train
20231226T082757_002298_ME_1_r03_c01.tif,20231226T082757_002298,ME,1,r03_c01,train
20231226T082757_002298_ME_1_r03_c02.tif,20231226T082757_002298,ME,1,r03_c02,train
20231226T082757_002299_ME_1_r00_c00.tif,20231226T082757_002299,ME,1,r00_c00,train
20231226T082757_002299_ME_1_r00_c01.tif,20231226T082757_002299,ME,1,r00_c01,train
20231226T082757_002299_ME_1_r01_c00.tif,20231226T082757_002299,ME,1,r01_c00,train
20231226T082757_002299_ME_1_r01_c01.tif,20231226T082757_002299,ME,1,r01_c01,train
20231226T180707_002296_SA_0_r00_c00.tif,20231226T180707_002296,SA,0,r00_c00,test
20231226T180707_002296_SA_0_r00_c01.tif,20231226T180707_002296,SA,0,r00_c01,test
20231226T180707_002296_SA_0_r00_c02.tif,20231226T180707_002296,SA,0,r00_c02,test
20231226T180707_002296_SA_0_r01_c00.tif,20231226T180707_002296,SA,0,r01_c00,test
20231226T180707_002296_SA_0_r02_c00.tif,20231226T180707_002296,SA,0,r02_c00,test
20231226T180707_002296_SA_0_r02_c03.tif,20231226T180707_002296,SA,0,r02_c03,test
20231226T180707_002296_SA_0_r03_c00.tif,20231226T180707_002296,SA,0,r03_c00,test
20231226T180707_002296_SA_0_r03_c01.tif,20231226T180707_002296,SA,0,r03_c01,test
20231226T180707_002296_SA_0_r03_c02.tif,20231226T180707_002296,SA,0,r03_c02,test
20231226T180707_002296_SA_0_r03_c03.tif,20231226T180707_002296,SA,0,r03_c03,test
20231226T180707_002296_SA_1_r01_c01.tif,20231226T180707_002296,SA,1,r01_c01,test
20231226T180707_002296_SA_1_r01_c02.tif,20231226T180707_002296,SA,1,r01_c02,test
20231226T180707_002296_SA_1_r01_c03.tif,20231226T180707_002296,SA,1,r01_c03,test
20231226T180707_002296_SA_1_r02_c01.tif,20231226T180707_002296,SA,1,r02_c01,test
20231226T180707_002296_SA_1_r02_c02.tif,20231226T180707_002296,SA,1,r02_c02,test
20240105T145150_002313_SA_1_r00_c00.tif,20240105T145150_002313,SA,1,r00_c00,test
20240109T131423_002417_SA_1_r00_c00.tif,20240109T131423_002417,SA,1,r00_c00,test
20240109T131423_002417_SA_1_r00_c01.tif,20240109T131423_002417,SA,1,r00_c01,test
20240109T131423_002417_SA_1_r01_c00.tif,20240109T131423_002417,SA,1,r01_c00,test
20240109T131423_002417_SA_1_r01_c01.tif,20240109T131423_002417,SA,1,r01_c01,test
20240112T185917_002429_SA_0_r01_c04.tif,20240112T185917_002429,SA,0,r01_c04,test
20240112T185917_002429_SA_1_r00_c00.tif,20240112T185917_002429,SA,1,r00_c00,test
20240112T185917_002429_SA_1_r00_c01.tif,20240112T185917_002429,SA,1,r00_c01,test
20240112T185917_002429_SA_1_r00_c02.tif,20240112T185917_002429,SA,1,r00_c02,test
20240112T185917_002429_SA_1_r00_c03.tif,20240112T185917_002429,SA,1,r00_c03,test
20240112T185917_002429_SA_1_r00_c04.tif,20240112T185917_002429,SA,1,r00_c04,test
20240112T185917_002429_SA_1_r01_c00.tif,20240112T185917_002429,SA,1,r01_c00,test
20240112T185917_002429_SA_1_r01_c01.tif,20240112T185917_002429,SA,1,r01_c01,test
20240112T185917_002429_SA_1_r01_c02.tif,20240112T185917_002429,SA,1,r01_c02,test
20240112T185917_002429_SA_1_r01_c03.tif,20240112T185917_002429,SA,1,r01_c03,test
20240120T154941_002576_SA_1_r00_c00.tif,20240120T154941_002576,SA,1,r00_c00,test
20240120T154941_002576_SA_1_r00_c01.tif,20240120T154941_002576,SA,1,r00_c01,test
20240120T154941_002576_SA_1_r00_c02.tif,20240120T154941_002576,SA,1,r00_c02,test
20240120T154941_002576_SA_1_r00_c03.tif,20240120T154941_002576,SA,1,r00_c03,test
20240120T154941_002576_SA_1_r00_c04.tif,20240120T154941_002576,SA,1,r00_c04,test
20240120T154941_002576_SA_1_r01_c00.tif,20240120T154941_002576,SA,1,r01_c00,test
20240120T154941_002576_SA_1_r01_c01.tif,20240120T154941_002576,SA,1,r01_c01,test
20240120T154941_002576_SA_1_r01_c02.tif,20240120T154941_002576,SA,1,r01_c02,test
20240120T154941_002576_SA_1_r01_c03.tif,20240120T154941_002576,SA,1,r01_c03,test
20240120T154941_002576_SA_1_r01_c04.tif,20240120T154941_002576,SA,1,r01_c04,test
20240122T154754_002618_SA_1_r00_c00.tif,20240122T154754_002618,SA,1,r00_c00,test
20240125T090838_002235_AS_1_r00_c00.tif,20240125T090838_002235,AS,1,r00_c00,test
20240126T130103_002614_ME_1_r00_c00.tif,20240126T130103_002614,ME,1,r00_c00,train
20240127T195904_002474_AM_1_r00_c00.tif,20240127T195904_002474,AM,1,r00_c00,train
20240127T195904_002474_AM_1_r00_c01.tif,20240127T195904_002474,AM,1,r00_c01,train
20240127T195904_002474_AM_1_r01_c00.tif,20240127T195904_002474,AM,1,r01_c00,train
20240127T195904_002474_AM_1_r01_c01.tif,20240127T195904_002474,AM,1,r01_c01,train
20240127T195904_002474_AM_1_r02_c00.tif,20240127T195904_002474,AM,1,r02_c00,train
20240127T195904_002474_AM_1_r02_c01.tif,20240127T195904_002474,AM,1,r02_c01,train
20240127T195904_002474_AM_1_r03_c00.tif,20240127T195904_002474,AM,1,r03_c00,train
20240127T195904_002474_AM_1_r03_c01.tif,20240127T195904_002474,AM,1,r03_c01,train
20240127T195904_002474_AM_1_r04_c00.tif,20240127T195904_002474,AM,1,r04_c00,train
20240127T195904_002474_AM_1_r04_c01.tif,20240127T195904_002474,AM,1,r04_c01,train
20240127T195904_002474_AM_1_r05_c00.tif,20240127T195904_002474,AM,1,r05_c00,train
20240127T195904_002474_AM_1_r05_c01.tif,20240127T195904_002474,AM,1,r05_c01,train
20240127T195904_002474_AM_1_r06_c00.tif,20240127T195904_002474,AM,1,r06_c00,train
20240127T195904_002474_AM_1_r06_c01.tif,20240127T195904_002474,AM,1,r06_c01,train
20240127T195904_002474_AM_1_r07_c00.tif,20240127T195904_002474,AM,1,r07_c00,train
20240127T195904_002474_AM_1_r07_c01.tif,20240127T195904_002474,AM,1,r07_c01,train
20240127T195904_002474_AM_1_r08_c00.tif,20240127T195904_002474,AM,1,r08_c00,train
20240127T195904_002474_AM_1_r08_c01.tif,20240127T195904_002474,AM,1,r08_c01,train
20240127T195904_002474_AM_1_r09_c00.tif,20240127T195904_002474,AM,1,r09_c00,train
20240127T195904_002474_AM_1_r09_c01.tif,20240127T195904_002474,AM,1,r09_c01,train
20240127T195904_002475_AM_1_r00_c00.tif,20240127T195904_002475,AM,1,r00_c00,train
20240127T195904_002477_AM_1_r00_c00.tif,20240127T195904_002477,AM,1,r00_c00,train
20240127T195915_002240_AM_1_r00_c00.tif,20240127T195915_002240,AM,1,r00_c00,train
20240127T195915_002473_AM_1_r00_c00.tif,20240127T195915_002473,AM,1,r00_c00,train
20240128T191103_002485_AM_1_r00_c00.tif,20240128T191103_002485,AM,1,r00_c00,train
20240128T191103_002486_AM_1_r00_c00.tif,20240128T191103_002486,AM,1,r00_c00,train
20240128T191115_002483_AM_1_r00_c00.tif,20240128T191115_002483,AM,1,r00_c00,train
20240129T042245_002569_AS_1_r00_c00.tif,20240129T042245_002569,AS,1,r00_c00,test
20240129T090750_002564_ME_1_r00_c00.tif,20240129T090750_002564,ME,1,r00_c00,train
20240129T090750_002565_ME_1_r00_c00.tif,20240129T090750_002565,ME,1,r00_c00,train
20240129T090750_002567_ME_1_r00_c00.tif,20240129T090750_002567,ME,1,r00_c00,train
20240129T090750_002568_ME_1_r00_c00.tif,20240129T090750_002568,ME,1,r00_c00,train
20240129T150516_002559_SA_1_r00_c00.tif,20240129T150516_002559,SA,1,r00_c00,test
20240129T182622_002551_AM_1_r00_c00.tif,20240129T182622_002551,AM,1,r00_c00,train
20240129T195857_002555_AM_1_r00_c00.tif,20240129T195857_002555,AM,1,r00_c00,train
20240129T195956_002554_AM_1_r00_c00.tif,20240129T195956_002554,AM,1,r00_c00,train
20240130T051728_002499_CM_1_r00_c00.tif,20240130T051728_002499,CM,1,r00_c00,val
20240130T051728_002500_CM_1_r00_c00.tif,20240130T051728_002500,CM,1,r00_c00,val
20240130T051752_002504_CM_0_r00_c00.tif,20240130T051752_002504,CM,0,r00_c00,val
20240130T051752_002504_CM_0_r00_c01.tif,20240130T051752_002504,CM,0,r00_c01,val
20240130T051752_002504_CM_0_r00_c02.tif,20240130T051752_002504,CM,0,r00_c02,val
20240130T051752_002504_CM_0_r00_c03.tif,20240130T051752_002504,CM,0,r00_c03,val
20240130T051752_002504_CM_0_r01_c00.tif,20240130T051752_002504,CM,0,r01_c00,val
20240130T051752_002504_CM_0_r01_c03.tif,20240130T051752_002504,CM,0,r01_c03,val
20240130T051752_002504_CM_0_r02_c00.tif,20240130T051752_002504,CM,0,r02_c00,val
20240130T051752_002504_CM_0_r02_c03.tif,20240130T051752_002504,CM,0,r02_c03,val
20240130T051752_002504_CM_0_r03_c00.tif,20240130T051752_002504,CM,0,r03_c00,val
20240130T051752_002504_CM_0_r03_c02.tif,20240130T051752_002504,CM,0,r03_c02,val
20240130T051752_002504_CM_0_r03_c03.tif,20240130T051752_002504,CM,0,r03_c03,val
20240130T051752_002504_CM_1_r01_c01.tif,20240130T051752_002504,CM,1,r01_c01,val
20240130T051752_002504_CM_1_r01_c02.tif,20240130T051752_002504,CM,1,r01_c02,val
20240130T051752_002504_CM_1_r02_c01.tif,20240130T051752_002504,CM,1,r02_c01,val
20240130T051752_002504_CM_1_r02_c02.tif,20240130T051752_002504,CM,1,r02_c02,val
20240130T051752_002504_CM_1_r03_c01.tif,20240130T051752_002504,CM,1,r03_c01,val
20240130T051816_002507_CM_1_r00_c00.tif,20240130T051816_002507,CM,1,r00_c00,val
20240130T051816_002508_CM_1_r00_c00.tif,20240130T051816_002508,CM,1,r00_c00,val
20240130T051816_002511_CM_1_r00_c00.tif,20240130T051816_002511,CM,1,r00_c00,val
20240130T051816_002514_CM_1_r00_c00.tif,20240130T051816_002514,CM,1,r00_c00,val
20240130T112610_002547_ME_1_r00_c00.tif,20240130T112610_002547,ME,1,r00_c00,train
20240130T123634_002541_SA_1_r00_c00.tif,20240130T123634_002541,SA,1,r00_c00,test
20240130T173950_002540_AM_1_r00_c00.tif,20240130T173950_002540,AM,1,r00_c00,train
20240131T090823_002535_ME_1_r00_c00.tif,20240131T090823_002535,ME,1,r00_c00,train
20240131T182459_002534_AM_1_r00_c00.tif,20240131T182459_002534,AM,1,r00_c00,train
20240201T082310_002630_ST_1_r00_c00.tif,20240201T082310_002630,ST,1,r00_c00,train
20240201T082310_002631_ST_1_r00_c00.tif,20240201T082310_002631,ST,1,r00_c00,train
20240201T082310_002632_ST_1_r00_c00.tif,20240201T082310_002632,ST,1,r00_c00,train
20240201T082418_002633_ST_1_r00_c00.tif,20240201T082418_002633,ST,1,r00_c00,train
20240201T082418_002633_ST_1_r00_c01.tif,20240201T082418_002633,ST,1,r00_c01,train
20240201T082418_002633_ST_1_r01_c00.tif,20240201T082418_002633,ST,1,r01_c00,train
20240201T082418_002633_ST_1_r01_c01.tif,20240201T082418_002633,ST,1,r01_c01,train
20240201T142458_002629_SA_1_r00_c00.tif,20240201T142458_002629,SA,1,r00_c00,test
20240202T165156_002642_AM_1_r00_c00.tif,20240202T165156_002642,AM,1,r00_c00,train
20240202T165156_002643_AM_1_r00_c00.tif,20240202T165156_002643,AM,1,r00_c00,train
20240202T165156_002643_AM_1_r00_c01.tif,20240202T165156_002643,AM,1,r00_c01,train
20240202T165156_002643_AM_1_r01_c00.tif,20240202T165156_002643,AM,1,r01_c00,train
20240202T165156_002643_AM_1_r01_c01.tif,20240202T165156_002643,AM,1,r01_c01,train
20240202T165156_002644_AM_1_r00_c00.tif,20240202T165156_002644,AM,1,r00_c00,train
20240202T165156_002644_AM_1_r00_c01.tif,20240202T165156_002644,AM,1,r00_c01,train
20240202T165156_002644_AM_1_r01_c00.tif,20240202T165156_002644,AM,1,r01_c00,train
20240202T165156_002644_AM_1_r01_c01.tif,20240202T165156_002644,AM,1,r01_c01,train
20240203T095138_002572_ME_1_r00_c00.tif,20240203T095138_002572,ME,1,r00_c00,train
20240203T095138_002572_ME_1_r00_c01.tif,20240203T095138_002572,ME,1,r00_c01,train
20240203T095138_002572_ME_1_r01_c00.tif,20240203T095138_002572,ME,1,r01_c00,train
20240203T095138_002572_ME_1_r01_c01.tif,20240203T095138_002572,ME,1,r01_c01,train
20240203T095138_002573_ME_1_r00_c00.tif,20240203T095138_002573,ME,1,r00_c00,train
20240203T095138_002573_ME_1_r00_c01.tif,20240203T095138_002573,ME,1,r00_c01,train
20240203T095138_002573_ME_1_r01_c00.tif,20240203T095138_002573,ME,1,r01_c00,train
20240203T095138_002573_ME_1_r01_c01.tif,20240203T095138_002573,ME,1,r01_c01,train
20240203T095138_002574_ME_0_r00_c00.tif,20240203T095138_002574,ME,0,r00_c00,train
20240203T095138_002574_ME_0_r00_c01.tif,20240203T095138_002574,ME,0,r00_c01,train
20240203T095138_002574_ME_0_r00_c02.tif,20240203T095138_002574,ME,0,r00_c02,train
20240203T095138_002574_ME_0_r00_c03.tif,20240203T095138_002574,ME,0,r00_c03,train
20240203T095138_002574_ME_0_r02_c03.tif,20240203T095138_002574,ME,0,r02_c03,train
20240203T095138_002574_ME_0_r03_c00.tif,20240203T095138_002574,ME,0,r03_c00,train
20240203T095138_002574_ME_0_r03_c01.tif,20240203T095138_002574,ME,0,r03_c01,train
20240203T095138_002574_ME_0_r03_c02.tif,20240203T095138_002574,ME,0,r03_c02,train
20240203T095138_002574_ME_0_r03_c03.tif,20240203T095138_002574,ME,0,r03_c03,train
20240203T095138_002574_ME_1_r01_c00.tif,20240203T095138_002574,ME,1,r01_c00,train
20240203T095138_002574_ME_1_r01_c01.tif,20240203T095138_002574,ME,1,r01_c01,train
20240203T095138_002574_ME_1_r01_c02.tif,20240203T095138_002574,ME,1,r01_c02,train
20240203T095138_002574_ME_1_r01_c03.tif,20240203T095138_002574,ME,1,r01_c03,train
20240203T095138_002574_ME_1_r02_c00.tif,20240203T095138_002574,ME,1,r02_c00,train
20240203T095138_002574_ME_1_r02_c01.tif,20240203T095138_002574,ME,1,r02_c01,train
20240203T095138_002574_ME_1_r02_c02.tif,20240203T095138_002574,ME,1,r02_c02,train
20240203T095138_002575_ME_1_r00_c00.tif,20240203T095138_002575,ME,1,r00_c00,train
20240203T095138_002575_ME_1_r00_c01.tif,20240203T095138_002575,ME,1,r00_c01,train
20240203T095138_002575_ME_1_r01_c00.tif,20240203T095138_002575,ME,1,r01_c00,train
20240203T095138_002575_ME_1_r01_c01.tif,20240203T095138_002575,ME,1,r01_c01,train
20240205T051601_002616_CM_0_r00_c02.tif,20240205T051601_002616,CM,0,r00_c02,val
20240205T051601_002616_CM_0_r00_c03.tif,20240205T051601_002616,CM,0,r00_c03,val
20240205T051601_002616_CM_0_r01_c03.tif,20240205T051601_002616,CM,0,r01_c03,val
20240205T051601_002616_CM_0_r02_c00.tif,20240205T051601_002616,CM,0,r02_c00,val
20240205T051601_002616_CM_0_r03_c00.tif,20240205T051601_002616,CM,0,r03_c00,val
20240205T051601_002616_CM_0_r03_c01.tif,20240205T051601_002616,CM,0,r03_c01,val
20240205T051601_002616_CM_1_r00_c00.tif,20240205T051601_002616,CM,1,r00_c00,val
20240205T051601_002616_CM_1_r00_c01.tif,20240205T051601_002616,CM,1,r00_c01,val
20240205T051601_002616_CM_1_r01_c00.tif,20240205T051601_002616,CM,1,r01_c00,val
20240205T051601_002616_CM_1_r01_c01.tif,20240205T051601_002616,CM,1,r01_c01,val
20240205T051601_002616_CM_1_r01_c02.tif,20240205T051601_002616,CM,1,r01_c02,val
20240205T051601_002616_CM_1_r02_c01.tif,20240205T051601_002616,CM,1,r02_c01,val
20240205T051601_002616_CM_1_r02_c02.tif,20240205T051601_002616,CM,1,r02_c02,val
20240205T051601_002616_CM_1_r02_c03.tif,20240205T051601_002616,CM,1,r02_c03,val
20240205T051601_002616_CM_1_r03_c02.tif,20240205T051601_002616,CM,1,r03_c02,val
20240205T051601_002616_CM_1_r03_c03.tif,20240205T051601_002616,CM,1,r03_c03,val
20240205T051613_002615_CM_1_r00_c00.tif,20240205T051613_002615,CM,1,r00_c00,val
20240212T214820_002702_AM_1_r00_c00.tif,20240212T214820_002702,AM,1,r00_c00,train
20240212T214820_002704_AM_1_r00_c00.tif,20240212T214820_002704,AM,1,r00_c00,train
20240212T214820_002705_AM_1_r00_c00.tif,20240212T214820_002705,AM,1,r00_c00,train
20240212T214832_002706_AM_1_r00_c00.tif,20240212T214832_002706,AM,1,r00_c00,train
20240212T214843_002709_AM_0_r00_c00.tif,20240212T214843_002709,AM,0,r00_c00,train
20240212T214843_002709_AM_0_r00_c01.tif,20240212T214843_002709,AM,0,r00_c01,train
20240212T214843_002709_AM_0_r00_c02.tif,20240212T214843_002709,AM,0,r00_c02,train
20240212T214843_002709_AM_0_r00_c03.tif,20240212T214843_002709,AM,0,r00_c03,train
20240212T214843_002709_AM_0_r01_c03.tif,20240212T214843_002709,AM,0,r01_c03,train
20240212T214843_002709_AM_0_r02_c00.tif,20240212T214843_002709,AM,0,r02_c00,train
20240212T214843_002709_AM_0_r03_c00.tif,20240212T214843_002709,AM,0,r03_c00,train
20240212T214843_002709_AM_0_r03_c01.tif,20240212T214843_002709,AM,0,r03_c01,train
20240212T214843_002709_AM_0_r03_c02.tif,20240212T214843_002709,AM,0,r03_c02,train
20240212T214843_002709_AM_0_r03_c03.tif,20240212T214843_002709,AM,0,r03_c03,train
20240212T214843_002709_AM_1_r01_c00.tif,20240212T214843_002709,AM,1,r01_c00,train
20240212T214843_002709_AM_1_r01_c01.tif,20240212T214843_002709,AM,1,r01_c01,train
20240212T214843_002709_AM_1_r01_c02.tif,20240212T214843_002709,AM,1,r01_c02,train
20240212T214843_002709_AM_1_r02_c01.tif,20240212T214843_002709,AM,1,r02_c01,train
20240212T214843_002709_AM_1_r02_c02.tif,20240212T214843_002709,AM,1,r02_c02,train
20240212T214843_002709_AM_1_r02_c03.tif,20240212T214843_002709,AM,1,r02_c03,train
20240213T114518_002722_ME_1_r00_c00.tif,20240213T114518_002722,ME,1,r00_c00,train
20240213T114518_002722_ME_1_r00_c01.tif,20240213T114518_002722,ME,1,r00_c01,train
20240213T114518_002722_ME_1_r01_c00.tif,20240213T114518_002722,ME,1,r01_c00,train
20240213T114518_002722_ME_1_r01_c01.tif,20240213T114518_002722,ME,1,r01_c01,train
20240214T092053_002691_ST_1_r00_c00.tif,20240214T092053_002691,ST,1,r00_c00,train
20240214T092117_002694_ST_1_r00_c00.tif,20240214T092117_002694,ST,1,r00_c00,train
20240214T092117_002694_ST_1_r00_c01.tif,20240214T092117_002694,ST,1,r00_c01,train
20240214T092117_002694_ST_1_r01_c00.tif,20240214T092117_002694,ST,1,r01_c00,train
20240214T092117_002694_ST_1_r01_c01.tif,20240214T092117_002694,ST,1,r01_c01,train
20240214T105658_002688_ME_1_r00_c00.tif,20240214T105658_002688,ME,1,r00_c00,train
20240214T105658_002689_ME_1_r00_c00.tif,20240214T105658_002689,ME,1,r00_c00,train
20240214T105733_002690_ME_0_r00_c00.tif,20240214T105733_002690,ME,0,r00_c00,train
20240214T105733_002690_ME_0_r01_c00.tif,20240214T105733_002690,ME,0,r01_c00,train
20240214T105733_002690_ME_0_r02_c00.tif,20240214T105733_002690,ME,0,r02_c00,train
20240214T105733_002690_ME_0_r02_c03.tif,20240214T105733_002690,ME,0,r02_c03,train
20240214T105733_002690_ME_0_r03_c00.tif,20240214T105733_002690,ME,0,r03_c00,train
20240214T105733_002690_ME_0_r03_c02.tif,20240214T105733_002690,ME,0,r03_c02,train
20240214T105733_002690_ME_0_r03_c03.tif,20240214T105733_002690,ME,0,r03_c03,train
20240214T105733_002690_ME_1_r00_c01.tif,20240214T105733_002690,ME,1,r00_c01,train
20240214T105733_002690_ME_1_r01_c01.tif,20240214T105733_002690,ME,1,r01_c01,train
20240214T105733_002690_ME_1_r01_c02.tif,20240214T105733_002690,ME,1,r01_c02,train
20240214T105733_002690_ME_1_r02_c01.tif,20240214T105733_002690,ME,1,r02_c01,train
20240214T105733_002690_ME_1_r02_c02.tif,20240214T105733_002690,ME,1,r02_c02,train
20240214T105733_002690_ME_1_r03_c01.tif,20240214T105733_002690,ME,1,r03_c01,train
20240215T193425_002735_SA_0_r00_c00.tif,20240215T193425_002735,SA,0,r00_c00,test
20240215T193425_002735_SA_0_r00_c01.tif,20240215T193425_002735,SA,0,r00_c01,test
20240215T193425_002735_SA_0_r00_c03.tif,20240215T193425_002735,SA,0,r00_c03,test
20240215T193425_002735_SA_0_r01_c00.tif,20240215T193425_002735,SA,0,r01_c00,test
20240215T193425_002735_SA_0_r01_c03.tif,20240215T193425_002735,SA,0,r01_c03,test
20240215T193425_002735_SA_0_r02_c00.tif,20240215T193425_002735,SA,0,r02_c00,test
20240215T193425_002735_SA_0_r02_c03.tif,20240215T193425_002735,SA,0,r02_c03,test
20240215T193425_002735_SA_0_r03_c00.tif,20240215T193425_002735,SA,0,r03_c00,test
20240215T193425_002735_SA_0_r03_c01.tif,20240215T193425_002735,SA,0,r03_c01,test
20240215T193425_002735_SA_0_r03_c02.tif,20240215T193425_002735,SA,0,r03_c02,test
20240215T193425_002735_SA_0_r03_c03.tif,20240215T193425_002735,SA,0,r03_c03,test
20240215T193425_002735_SA_1_r00_c02.tif,20240215T193425_002735,SA,1,r00_c02,test
20240215T193425_002735_SA_1_r01_c01.tif,20240215T193425_002735,SA,1,r01_c01,test
20240215T193425_002735_SA_1_r01_c02.tif,20240215T193425_002735,SA,1,r01_c02,test
20240215T193425_002735_SA_1_r02_c01.tif,20240215T193425_002735,SA,1,r02_c01,test
20240215T193425_002735_SA_1_r02_c02.tif,20240215T193425_002735,SA,1,r02_c02,test
20240215T193436_002736_SA_1_r00_c00.tif,20240215T193436_002736,SA,1,r00_c00,test
20240216T105741_002748_ME_1_r00_c00.tif,20240216T105741_002748,ME,1,r00_c00,train
20240216T105741_002748_ME_1_r00_c01.tif,20240216T105741_002748,ME,1,r00_c01,train
20240216T105741_002748_ME_1_r01_c00.tif,20240216T105741_002748,ME,1,r01_c00,train
20240216T105741_002748_ME_1_r01_c01.tif,20240216T105741_002748,ME,1,r01_c01,train
20240217T052644_002781_CM_1_r00_c00.tif,20240217T052644_002781,CM,1,r00_c00,val
20240217T052707_002783_CM_1_r00_c00.tif,20240217T052707_002783,CM,1,r00_c00,val
20240217T052731_002785_CM_0_r00_c00.tif,20240217T052731_002785,CM,0,r00_c00,val
20240217T052731_002785_CM_0_r00_c03.tif,20240217T052731_002785,CM,0,r00_c03,val
20240217T052731_002785_CM_0_r01_c00.tif,20240217T052731_002785,CM,0,r01_c00,val
20240217T052731_002785_CM_0_r01_c03.tif,20240217T052731_002785,CM,0,r01_c03,val
20240217T052731_002785_CM_0_r02_c00.tif,20240217T052731_002785,CM,0,r02_c00,val
20240217T052731_002785_CM_0_r02_c03.tif,20240217T052731_002785,CM,0,r02_c03,val
20240217T052731_002785_CM_0_r03_c00.tif,20240217T052731_002785,CM,0,r03_c00,val
20240217T052731_002785_CM_0_r03_c03.tif,20240217T052731_002785,CM,0,r03_c03,val
20240217T052731_002785_CM_1_r00_c01.tif,20240217T052731_002785,CM,1,r00_c01,val
20240217T052731_002785_CM_1_r00_c02.tif,20240217T052731_002785,CM,1,r00_c02,val
20240217T052731_002785_CM_1_r01_c01.tif,20240217T052731_002785,CM,1,r01_c01,val
20240217T052731_002785_CM_1_r01_c02.tif,20240217T052731_002785,CM,1,r01_c02,val
20240217T052731_002785_CM_1_r02_c01.tif,20240217T052731_002785,CM,1,r02_c01,val
20240217T052731_002785_CM_1_r02_c02.tif,20240217T052731_002785,CM,1,r02_c02,val
20240217T052731_002785_CM_1_r03_c01.tif,20240217T052731_002785,CM,1,r03_c01,val
20240217T052731_002785_CM_1_r03_c02.tif,20240217T052731_002785,CM,1,r03_c02,val
20240217T052731_002789_CM_1_r00_c00.tif,20240217T052731_002789,CM,1,r00_c00,val
20240217T052731_002790_CM_1_r00_c00.tif,20240217T052731_002790,CM,1,r00_c00,val
20240217T100816_002777_ME_1_r00_c00.tif,20240217T100816_002777,ME,1,r00_c00,train
20240218T122651_002699_ME_1_r00_c00.tif,20240218T122651_002699,ME,1,r00_c00,train
20240223T161050_002807_AM_1_r00_c00.tif,20240223T161050_002807,AM,1,r00_c00,train
20240224T060941_002818_AS_1_r00_c00.tif,20240224T060941_002818,AS,1,r00_c00,test
20240224T060941_002820_AS_1_r00_c00.tif,20240224T060941_002820,AS,1,r00_c00,test
20240224T061016_002823_AS_0_r00_c00.tif,20240224T061016_002823,AS,0,r00_c00,test
20240224T061016_002823_AS_0_r00_c02.tif,20240224T061016_002823,AS,0,r00_c02,test
20240224T061016_002823_AS_0_r00_c03.tif,20240224T061016_002823,AS,0,r00_c03,test
20240224T061016_002823_AS_0_r01_c00.tif,20240224T061016_002823,AS,0,r01_c00,test
20240224T061016_002823_AS_0_r01_c03.tif,20240224T061016_002823,AS,0,r01_c03,test
20240224T061016_002823_AS_0_r02_c00.tif,20240224T061016_002823,AS,0,r02_c00,test
20240224T061016_002823_AS_0_r02_c03.tif,20240224T061016_002823,AS,0,r02_c03,test
20240224T061016_002823_AS_0_r03_c00.tif,20240224T061016_002823,AS,0,r03_c00,test
20240224T061016_002823_AS_0_r03_c01.tif,20240224T061016_002823,AS,0,r03_c01,test
20240224T061016_002823_AS_0_r03_c02.tif,20240224T061016_002823,AS,0,r03_c02,test
20240224T061016_002823_AS_0_r03_c03.tif,20240224T061016_002823,AS,0,r03_c03,test
20240224T061016_002823_AS_1_r00_c01.tif,20240224T061016_002823,AS,1,r00_c01,test
20240224T061016_002823_AS_1_r01_c01.tif,20240224T061016_002823,AS,1,r01_c01,test
20240224T061016_002823_AS_1_r01_c02.tif,20240224T061016_002823,AS,1,r01_c02,test
20240224T061016_002823_AS_1_r02_c01.tif,20240224T061016_002823,AS,1,r02_c01,test
20240224T061016_002823_AS_1_r02_c02.tif,20240224T061016_002823,AS,1,r02_c02,test
20240224T091458_002815_ME_1_r00_c00.tif,20240224T091458_002815,ME,1,r00_c00,train
20240224T165801_002812_AM_1_r00_c00.tif,20240224T165801_002812,AM,1,r00_c00,train
20240225T021302_002832_CM_1_r00_c00.tif,20240225T021302_002832,CM,1,r00_c00,val
20240225T021302_002845_CM_1_r00_c00.tif,20240225T021302_002845,CM,1,r00_c00,val
20240225T021302_002846_CM_1_r00_c00.tif,20240225T021302_002846,CM,1,r00_c00,val
20240225T021302_002847_CM_1_r00_c00.tif,20240225T021302_002847,CM,1,r00_c00,val
20240225T021302_002847_CM_1_r00_c01.tif,20240225T021302_002847,CM,1,r00_c01,val
20240225T021302_002847_CM_1_r01_c00.tif,20240225T021302_002847,CM,1,r01_c00,val
20240225T021302_002847_CM_1_r01_c01.tif,20240225T021302_002847,CM,1,r01_c01,val
20240225T021314_002833_CM_1_r00_c00.tif,20240225T021314_002833,CM,1,r00_c00,val
20240225T021326_002848_CM_1_r00_c00.tif,20240225T021326_002848,CM,1,r00_c00,val
20240225T021326_002848_CM_1_r00_c01.tif,20240225T021326_002848,CM,1,r00_c01,val
20240225T021326_002848_CM_1_r01_c00.tif,20240225T021326_002848,CM,1,r01_c00,val
20240225T021326_002848_CM_1_r01_c01.tif,20240225T021326_002848,CM,1,r01_c01,val
20240225T021326_002849_CM_1_r00_c00.tif,20240225T021326_002849,CM,1,r00_c00,val
20240225T021326_002849_CM_1_r00_c01.tif,20240225T021326_002849,CM,1,r00_c01,val
20240225T021326_002849_CM_1_r01_c00.tif,20240225T021326_002849,CM,1,r01_c00,val
20240225T021326_002849_CM_1_r01_c01.tif,20240225T021326_002849,CM,1,r01_c01,val
20240225T021326_002850_CM_1_r00_c00.tif,20240225T021326_002850,CM,1,r00_c00,val
20240225T021326_002852_CM_1_r00_c00.tif,20240225T021326_002852,CM,1,r00_c00,val
20240225T021326_002854_CM_1_r00_c00.tif,20240225T021326_002854,CM,1,r00_c00,val
20240225T021326_002856_CM_1_r00_c00.tif,20240225T021326_002856,CM,1,r00_c00,val
20240225T021326_002858_CM_1_r00_c00.tif,20240225T021326_002858,CM,1,r00_c00,val
20240225T021338_002859_CM_1_r00_c00.tif,20240225T021338_002859,CM,1,r00_c00,val
20240225T021338_002859_CM_1_r00_c01.tif,20240225T021338_002859,CM,1,r00_c01,val
20240225T021338_002859_CM_1_r01_c00.tif,20240225T021338_002859,CM,1,r01_c00,val
20240225T021338_002859_CM_1_r01_c01.tif,20240225T021338_002859,CM,1,r01_c01,val
20240225T021349_002863_CM_1_r00_c00.tif,20240225T021349_002863,CM,1,r00_c00,val
20240225T021349_002865_CM_1_r00_c00.tif,20240225T021349_002865,CM,1,r00_c00,val
20240225T021349_002866_CM_1_r00_c00.tif,20240225T021349_002866,CM,1,r00_c00,val
20240225T021349_002867_CM_1_r00_c00.tif,20240225T021349_002867,CM,1,r00_c00,val
20240225T021349_002872_CM_1_r00_c00.tif,20240225T021349_002872,CM,1,r00_c00,val
20240225T021349_002873_CM_1_r00_c00.tif,20240225T021349_002873,CM,1,r00_c00,val
20240225T021349_002874_CM_1_r00_c00.tif,20240225T021349_002874,CM,1,r00_c00,val
20240225T021349_002875_CM_1_r00_c00.tif,20240225T021349_002875,CM,1,r00_c00,val
20240225T021401_002871_CM_1_r00_c00.tif,20240225T021401_002871,CM,1,r00_c00,val
20240225T021401_002871_CM_1_r00_c01.tif,20240225T021401_002871,CM,1,r00_c01,val
20240225T021401_002871_CM_1_r01_c00.tif,20240225T021401_002871,CM,1,r01_c00,val
20240225T021401_002871_CM_1_r01_c01.tif,20240225T021401_002871,CM,1,r01_c01,val
20240225T021401_002877_CM_1_r00_c00.tif,20240225T021401_002877,CM,1,r00_c00,val
20240225T021401_002878_CM_1_r00_c00.tif,20240225T021401_002878,CM,1,r00_c00,val
20240225T041108_002881_AU_1_r00_c00.tif,20240225T041108_002881,AU,1,r00_c00,val
20240225T041108_002884_AU_1_r00_c00.tif,20240225T041108_002884,AU,1,r00_c00,val
20240225T160927_002825_AM_1_r00_c00.tif,20240225T160927_002825,AM,1,r00_c00,train
20240225T160927_002825_AM_1_r00_c01.tif,20240225T160927_002825,AM,1,r00_c01,train
20240225T160927_002825_AM_1_r01_c00.tif,20240225T160927_002825,AM,1,r01_c00,train
20240225T160927_002825_AM_1_r01_c01.tif,20240225T160927_002825,AM,1,r01_c01,train
20240225T160927_002826_AM_1_r00_c00.tif,20240225T160927_002826,AM,1,r00_c00,train
20240226T074044_002763_ME_1_r00_c00.tif,20240226T074044_002763,ME,1,r00_c00,train
20240226T074056_002764_ME_1_r00_c00.tif,20240226T074056_002764,ME,1,r00_c00,train
20240226T074143_002765_ME_1_r00_c00.tif,20240226T074143_002765,ME,1,r00_c00,train
20240226T074353_002767_ME_1_r00_c00.tif,20240226T074353_002767,ME,1,r00_c00,train
20240226T091316_002761_ME_1_r00_c00.tif,20240226T091316_002761,ME,1,r00_c00,train
20240226T091316_002761_ME_1_r00_c01.tif,20240226T091316_002761,ME,1,r00_c01,train
20240226T091316_002761_ME_1_r01_c00.tif,20240226T091316_002761,ME,1,r01_c00,train
20240226T091316_002761_ME_1_r01_c01.tif,20240226T091316_002761,ME,1,r01_c01,train
20240226T091316_002762_ME_1_r00_c00.tif,20240226T091316_002762,ME,1,r00_c00,train
20240226T091415_002759_ME_1_r00_c00.tif,20240226T091415_002759,ME,1,r00_c00,train
20240226T091415_002760_ME_1_r00_c00.tif,20240226T091415_002760,ME,1,r00_c00,train
20240226T091427_002756_ME_1_r00_c00.tif,20240226T091427_002756,ME,1,r00_c00,train
20240226T091427_002757_ME_1_r00_c00.tif,20240226T091427_002757,ME,1,r00_c00,train
20240226T091427_002758_ME_1_r00_c00.tif,20240226T091427_002758,ME,1,r00_c00,train
20240226T170104_002754_AM_1_r00_c00.tif,20240226T170104_002754,AM,1,r00_c00,train
20240226T170140_002196_AM_1_r00_c00.tif,20240226T170140_002196,AM,1,r00_c00,train
20240227T065331_002770_ME_1_r00_c00.tif,20240227T065331_002770,ME,1,r00_c00,train
20240227T065331_002770_ME_1_r00_c01.tif,20240227T065331_002770,ME,1,r00_c01,train
20240227T065331_002770_ME_1_r01_c00.tif,20240227T065331_002770,ME,1,r01_c00,train
20240227T065331_002770_ME_1_r01_c01.tif,20240227T065331_002770,ME,1,r01_c01,train
20240227T180646_002768_SA_1_r00_c00.tif,20240227T180646_002768,SA,1,r00_c00,test
20240228T030250_002798_AS_1_r00_c00.tif,20240228T030250_002798,AS,1,r00_c00,test
20240228T043521_002794_AS_1_r00_c00.tif,20240228T043521_002794,AS,1,r00_c00,test
20240228T043521_002794_AS_1_r00_c01.tif,20240228T043521_002794,AS,1,r00_c01,test
20240228T043521_002794_AS_1_r01_c00.tif,20240228T043521_002794,AS,1,r01_c00,test
20240228T043521_002794_AS_1_r01_c01.tif,20240228T043521_002794,AS,1,r01_c01,test
20240228T043557_002797_AS_1_r00_c00.tif,20240228T043557_002797,AS,1,r00_c00,test
20240302T163257_002900_SA_1_r00_c00.tif,20240302T163257_002900,SA,1,r00_c00,test
20240303T061034_002885_ME_1_r00_c00.tif,20240303T061034_002885,ME,1,r00_c00,train
20240303T061034_002885_ME_1_r00_c01.tif,20240303T061034_002885,ME,1,r00_c01,train
20240303T061034_002885_ME_1_r01_c00.tif,20240303T061034_002885,ME,1,r01_c00,train
20240303T061034_002885_ME_1_r01_c01.tif,20240303T061034_002885,ME,1,r01_c01,train
20240305T123325_002889_SA_1_r00_c00.tif,20240305T123325_002889,SA,1,r00_c00,test
20240319T191259_002915_SA_1_r00_c00.tif,20240319T191259_002915,SA,1,r00_c00,test
20240321T083455_002920_AS_1_r00_c00.tif,20240321T083455_002920,AS,1,r00_c00,test
20240322T214509_002926_AM_1_r00_c00.tif,20240322T214509_002926,AM,1,r00_c00,train
20240326T105614_002997_ME_1_r00_c00.tif,20240326T105614_002997,ME,1,r00_c00,train
20240326T105701_003001_ST_1_r00_c01.tif,20240326T105701_003001,ST,1,r00_c01,train
20240326T105701_003001_ST_1_r01_c00.tif,20240326T105701_003001,ST,1,r01_c00,train
20240326T105701_003001_ST_1_r01_c01.tif,20240326T105701_003001,ST,1,r01_c01,train
20240326T105701_003002_ST_1_r00_c00.tif,20240326T105701_003002,ST,1,r00_c00,train
20240326T201023_002993_AM_1_r00_c00.tif,20240326T201023_002993,AM,1,r00_c00,train
20240327T070505_002992_CM_1_r00_c00.tif,20240327T070505_002992,CM,1,r00_c00,val
20240327T100708_002935_ME_1_r00_c00.tif,20240327T100708_002935,ME,1,r00_c00,train
20240327T100708_002936_ME_1_r00_c00.tif,20240327T100708_002936,ME,1,r00_c00,train
20240327T100708_002937_ME_1_r00_c00.tif,20240327T100708_002937,ME,1,r00_c00,train
20240327T131334_002934_ME_1_r00_c00.tif,20240327T131334_002934,ME,1,r00_c00,train
20240328T061714_002966_CM_1_r00_c00.tif,20240328T061714_002966,CM,1,r00_c00,val
20240328T061714_002969_CM_1_r00_c00.tif,20240328T061714_002969,CM,1,r00_c00,val
20240328T061714_002973_CM_1_r00_c00.tif,20240328T061714_002973,CM,1,r00_c00,val
20240328T061714_002974_CM_1_r00_c00.tif,20240328T061714_002974,CM,1,r00_c00,val
20240328T061714_002975_CM_1_r00_c00.tif,20240328T061714_002975,CM,1,r00_c00,val
20240328T061726_002972_CM_1_r00_c00.tif,20240328T061726_002972,CM,1,r00_c00,val
20240328T105328_002959_ME_1_r00_c00.tif,20240328T105328_002959,ME,1,r00_c00,train
20240328T105436_002962_ME_1_r00_c00.tif,20240328T105436_002962,ME,1,r00_c00,train
20240328T122508_002956_ME_1_r00_c00.tif,20240328T122508_002956,ME,1,r00_c00,train
20240328T201048_002954_AM_1_r00_c00.tif,20240328T201048_002954,AM,1,r00_c00,train
20240328T201048_002954_AM_1_r00_c01.tif,20240328T201048_002954,AM,1,r00_c01,train
20240328T201048_002954_AM_1_r01_c00.tif,20240328T201048_002954,AM,1,r01_c00,train
20240328T201048_002954_AM_1_r01_c01.tif,20240328T201048_002954,AM,1,r01_c01,train
20240329T192727_003062_AM_1_r00_c00.tif,20240329T192727_003062,AM,1,r00_c00,train
20240331T113753_003106_ME_1_r00_c00.tif,20240331T113753_003106,ME,1,r00_c00,train
20240331T113753_003107_ME_1_r00_c00.tif,20240331T113753_003107,ME,1,r00_c00,train
20240331T113753_003108_ME_1_r00_c00.tif,20240331T113753_003108,ME,1,r00_c00,train
20240331T113753_003109_ME_1_r00_c00.tif,20240331T113753_003109,ME,1,r00_c00,train
20240331T113753_003110_ME_1_r00_c00.tif,20240331T113753_003110,ME,1,r00_c00,train
20240401T091851_003117_ME_1_r00_c00.tif,20240401T091851_003117,ME,1,r00_c00,train
20240401T091851_003117_ME_1_r00_c01.tif,20240401T091851_003117,ME,1,r00_c01,train
20240401T091851_003117_ME_1_r01_c00.tif,20240401T091851_003117,ME,1,r01_c00,train
20240401T091851_003117_ME_1_r01_c01.tif,20240401T091851_003117,ME,1,r01_c01,train
20240401T091915_003118_ME_1_r00_c00.tif,20240401T091915_003118,ME,1,r00_c00,train
20240401T091915_003118_ME_1_r00_c01.tif,20240401T091915_003118,ME,1,r00_c01,train
20240401T091915_003118_ME_1_r01_c00.tif,20240401T091915_003118,ME,1,r01_c00,train
20240401T091915_003118_ME_1_r01_c01.tif,20240401T091915_003118,ME,1,r01_c01,train
20240401T091915_003119_ME_1_r00_c00.tif,20240401T091915_003119,ME,1,r00_c00,train
20240401T091915_003120_ME_1_r00_c00.tif,20240401T091915_003120,ME,1,r00_c00,train
20240401T091938_003121_EU_0_r00_c02.tif,20240401T091938_003121,EU,0,r00_c02,train
20240401T091938_003121_EU_0_r00_c03.tif,20240401T091938_003121,EU,0,r00_c03,train
20240401T091938_003121_EU_0_r01_c03.tif,20240401T091938_003121,EU,0,r01_c03,train
20240401T091938_003121_EU_0_r02_c00.tif,20240401T091938_003121,EU,0,r02_c00,train
20240401T091938_003121_EU_0_r03_c00.tif,20240401T091938_003121,EU,0,r03_c00,train
20240401T091938_003121_EU_0_r03_c01.tif,20240401T091938_003121,EU,0,r03_c01,train
20240401T091938_003121_EU_1_r00_c00.tif,20240401T091938_003121,EU,1,r00_c00,train
20240401T091938_003121_EU_1_r00_c01.tif,20240401T091938_003121,EU,1,r00_c01,train
20240401T091938_003121_EU_1_r01_c00.tif,20240401T091938_003121,EU,1,r01_c00,train
20240401T091938_003121_EU_1_r01_c01.tif,20240401T091938_003121,EU,1,r01_c01,train
20240401T091938_003121_EU_1_r01_c02.tif,20240401T091938_003121,EU,1,r01_c02,train
20240401T091938_003121_EU_1_r02_c01.tif,20240401T091938_003121,EU,1,r02_c01,train
20240401T091938_003121_EU_1_r02_c02.tif,20240401T091938_003121,EU,1,r02_c02,train
20240401T091938_003121_EU_1_r02_c03.tif,20240401T091938_003121,EU,1,r02_c03,train
20240401T091938_003121_EU_1_r03_c02.tif,20240401T091938_003121,EU,1,r03_c02,train
20240401T091938_003121_EU_1_r03_c03.tif,20240401T091938_003121,EU,1,r03_c03,train
20240403T074626_002989_ST_1_r00_c00.tif,20240403T074626_002989,ST,1,r00_c00,train
20240403T165815_002985_AM_1_r00_c00.tif,20240403T165815_002985,AM,1,r00_c00,train
20240404T065336_003004_ME_1_r00_c00.tif,20240404T065336_003004,ME,1,r00_c00,train
20240404T065336_003004_ME_1_r00_c01.tif,20240404T065336_003004,ME,1,r00_c01,train
20240404T065336_003004_ME_1_r01_c00.tif,20240404T065336_003004,ME,1,r01_c00,train
20240404T065751_003003_ST_1_r00_c00.tif,20240404T065751_003003,ST,1,r00_c00,train
20240404T082837_003005_ME_1_r00_c00.tif,20240404T082837_003005,ME,1,r00_c00,train
20240404T082837_003005_ME_1_r00_c01.tif,20240404T082837_003005,ME,1,r00_c01,train
20240404T082837_003005_ME_1_r01_c00.tif,20240404T082837_003005,ME,1,r01_c00,train
20240404T160851_003006_AM_1_r00_c00.tif,20240404T160851_003006,AM,1,r00_c00,train
20240405T074139_003007_ME_0_r00_c00.tif,20240405T074139_003007,ME,0,r00_c00,train
20240405T074139_003007_ME_0_r00_c01.tif,20240405T074139_003007,ME,0,r00_c01,train
20240405T074139_003007_ME_0_r00_c02.tif,20240405T074139_003007,ME,0,r00_c02,train
20240405T074139_003007_ME_0_r00_c03.tif,20240405T074139_003007,ME,0,r00_c03,train
20240405T074139_003007_ME_0_r01_c03.tif,20240405T074139_003007,ME,0,r01_c03,train
20240405T074139_003007_ME_0_r02_c00.tif,20240405T074139_003007,ME,0,r02_c00,train
20240405T074139_003007_ME_0_r02_c03.tif,20240405T074139_003007,ME,0,r02_c03,train
20240405T074139_003007_ME_0_r03_c00.tif,20240405T074139_003007,ME,0,r03_c00,train
20240405T074139_003007_ME_0_r03_c01.tif,20240405T074139_003007,ME,0,r03_c01,train
20240405T074139_003007_ME_0_r03_c02.tif,20240405T074139_003007,ME,0,r03_c02,train
20240405T074139_003007_ME_0_r03_c03.tif,20240405T074139_003007,ME,0,r03_c03,train
20240405T074139_003007_ME_1_r01_c00.tif,20240405T074139_003007,ME,1,r01_c00,train
20240405T074139_003007_ME_1_r01_c01.tif,20240405T074139_003007,ME,1,r01_c01,train
20240405T074139_003007_ME_1_r01_c02.tif,20240405T074139_003007,ME,1,r01_c02,train
20240405T074139_003007_ME_1_r02_c01.tif,20240405T074139_003007,ME,1,r02_c01,train
20240405T074139_003007_ME_1_r02_c02.tif,20240405T074139_003007,ME,1,r02_c02,train
20240405T170129_002977_AM_0_r00_c02.tif,20240405T170129_002977,AM,0,r00_c02,train
20240405T170129_002977_AM_0_r00_c03.tif,20240405T170129_002977,AM,0,r00_c03,train
20240405T170129_002977_AM_0_r00_c04.tif,20240405T170129_002977,AM,0,r00_c04,train
20240405T170129_002977_AM_0_r00_c05.tif,20240405T170129_002977,AM,0,r00_c05,train
20240405T170129_002977_AM_0_r00_c06.tif,20240405T170129_002977,AM,0,r00_c06,train
20240405T170129_002977_AM_0_r01_c02.tif,20240405T170129_002977,AM,0,r01_c02,train
20240405T170129_002977_AM_0_r01_c03.tif,20240405T170129_002977,AM,0,r01_c03,train
20240405T170129_002977_AM_0_r01_c04.tif,20240405T170129_002977,AM,0,r01_c04,train
20240405T170129_002977_AM_0_r01_c05.tif,20240405T170129_002977,AM,0,r01_c05,train
20240405T170129_002977_AM_0_r01_c06.tif,20240405T170129_002977,AM,0,r01_c06,train
20240405T170129_002977_AM_0_r02_c03.tif,20240405T170129_002977,AM,0,r02_c03,train
20240405T170129_002977_AM_0_r02_c04.tif,20240405T170129_002977,AM,0,r02_c04,train
20240405T170129_002977_AM_0_r02_c05.tif,20240405T170129_002977,AM,0,r02_c05,train
20240405T170129_002977_AM_0_r02_c06.tif,20240405T170129_002977,AM,0,r02_c06,train
20240405T170129_002977_AM_0_r03_c04.tif,20240405T170129_002977,AM,0,r03_c04,train
20240405T170129_002977_AM_0_r03_c05.tif,20240405T170129_002977,AM,0,r03_c05,train
20240405T170129_002977_AM_0_r03_c06.tif,20240405T170129_002977,AM,0,r03_c06,train
20240405T170129_002977_AM_0_r04_c00.tif,20240405T170129_002977,AM,0,r04_c00,train
20240405T170129_002977_AM_0_r04_c06.tif,20240405T170129_002977,AM,0,r04_c06,train
20240405T170129_002977_AM_0_r05_c00.tif,20240405T170129_002977,AM,0,r05_c00,train
20240405T170129_002977_AM_0_r05_c01.tif,20240405T170129_002977,AM,0,r05_c01,train
20240405T170129_002977_AM_0_r06_c00.tif,20240405T170129_002977,AM,0,r06_c00,train
20240405T170129_002977_AM_0_r06_c01.tif,20240405T170129_002977,AM,0,r06_c01,train
20240405T170129_002977_AM_0_r06_c02.tif,20240405T170129_002977,AM,0,r06_c02,train
20240405T170129_002977_AM_1_r00_c00.tif,20240405T170129_002977,AM,1,r00_c00,train
20240405T170129_002977_AM_1_r00_c01.tif,20240405T170129_002977,AM,1,r00_c01,train
20240405T170129_002977_AM_1_r01_c00.tif,20240405T170129_002977,AM,1,r01_c00,train
20240405T170129_002977_AM_1_r01_c01.tif,20240405T170129_002977,AM,1,r01_c01,train
20240405T170129_002977_AM_1_r02_c01.tif,20240405T170129_002977,AM,1,r02_c01,train
20240405T170129_002977_AM_1_r02_c02.tif,20240405T170129_002977,AM,1,r02_c02,train
20240405T170129_002977_AM_1_r03_c02.tif,20240405T170129_002977,AM,1,r03_c02,train
20240405T170129_002977_AM_1_r03_c03.tif,20240405T170129_002977,AM,1,r03_c03,train
20240405T170129_002977_AM_1_r04_c02.tif,20240405T170129_002977,AM,1,r04_c02,train
20240405T170129_002977_AM_1_r04_c03.tif,20240405T170129_002977,AM,1,r04_c03,train
20240405T170129_002977_AM_1_r04_c04.tif,20240405T170129_002977,AM,1,r04_c04,train
20240405T170129_002977_AM_1_r04_c05.tif,20240405T170129_002977,AM,1,r04_c05,train
20240405T170129_002977_AM_1_r05_c03.tif,20240405T170129_002977,AM,1,r05_c03,train
20240405T170129_002977_AM_1_r05_c04.tif,20240405T170129_002977,AM,1,r05_c04,train
20240405T170129_002977_AM_1_r05_c05.tif,20240405T170129_002977,AM,1,r05_c05,train
20240405T170129_002977_AM_1_r05_c06.tif,20240405T170129_002977,AM,1,r05_c06,train
20240405T170129_002977_AM_1_r06_c04.tif,20240405T170129_002977,AM,1,r06_c04,train
20240405T170129_002977_AM_1_r06_c05.tif,20240405T170129_002977,AM,1,r06_c05,train
20240405T170129_002977_AM_1_r06_c06.tif,20240405T170129_002977,AM,1,r06_c06,train
20240406T051831_003131_ME_1_r00_c00.tif,20240406T051831_003131,ME,1,r00_c00,train
20240407T152744_003123_AM_1_r00_c00.tif,20240407T152744_003123,AM,1,r00_c00,train
20240408T052206_003013_ST_1_r00_c00.tif,20240408T052206_003013,ST,1,r00_c00,train
20240408T052206_003014_ST_1_r00_c00.tif,20240408T052206_003014,ST,1,r00_c00,train
20240408T052254_003015_ST_1_r00_c00.tif,20240408T052254_003015,ST,1,r00_c00,train
20240408T052254_003015_ST_1_r00_c01.tif,20240408T052254_003015,ST,1,r00_c01,train
20240408T052254_003015_ST_1_r01_c00.tif,20240408T052254_003015,ST,1,r01_c00,train
20240408T052254_003015_ST_1_r01_c01.tif,20240408T052254_003015,ST,1,r01_c01,train
20240409T074435_003022_EU_0_r00_c04.tif,20240409T074435_003022,EU,0,r00_c04,train
20240409T074435_003022_EU_0_r00_c05.tif,20240409T074435_003022,EU,0,r00_c05,train
20240409T074435_003022_EU_1_r00_c00.tif,20240409T074435_003022,EU,1,r00_c00,train
20240409T074435_003022_EU_1_r00_c01.tif,20240409T074435_003022,EU,1,r00_c01,train
20240409T074435_003022_EU_1_r00_c02.tif,20240409T074435_003022,EU,1,r00_c02,train
20240409T074435_003022_EU_1_r00_c03.tif,20240409T074435_003022,EU,1,r00_c03,train
20240409T074435_003022_EU_1_r01_c00.tif,20240409T074435_003022,EU,1,r01_c00,train
20240409T074435_003022_EU_1_r01_c01.tif,20240409T074435_003022,EU,1,r01_c01,train
20240409T074435_003022_EU_1_r01_c02.tif,20240409T074435_003022,EU,1,r01_c02,train
20240409T074435_003022_EU_1_r01_c03.tif,20240409T074435_003022,EU,1,r01_c03,train
20240409T074435_003022_EU_1_r01_c04.tif,20240409T074435_003022,EU,1,r01_c04,train
20240409T074435_003022_EU_1_r01_c05.tif,20240409T074435_003022,EU,1,r01_c05,train
20240409T074435_003022_EU_1_r02_c00.tif,20240409T074435_003022,EU,1,r02_c00,train
20240409T074435_003022_EU_1_r02_c01.tif,20240409T074435_003022,EU,1,r02_c01,train
20240409T074435_003022_EU_1_r02_c02.tif,20240409T074435_003022,EU,1,r02_c02,train
20240409T074435_003022_EU_1_r02_c03.tif,20240409T074435_003022,EU,1,r02_c03,train
20240409T074435_003022_EU_1_r02_c04.tif,20240409T074435_003022,EU,1,r02_c04,train
20240409T074435_003022_EU_1_r02_c05.tif,20240409T074435_003022,EU,1,r02_c05,train
20240413T075328_003129_CM_1_r00_c00.tif,20240413T075328_003129,CM,1,r00_c00,val
20240413T075328_003129_CM_1_r00_c01.tif,20240413T075328_003129,CM,1,r00_c01,val
20240413T075328_003129_CM_1_r01_c00.tif,20240413T075328_003129,CM,1,r01_c00,val
20240413T075328_003129_CM_1_r01_c01.tif,20240413T075328_003129,CM,1,r01_c01,val
20240414T145436_003025_ME_0_r00_c00.tif,20240414T145436_003025,ME,0,r00_c00,train
20240414T145436_003025_ME_1_r00_c01.tif,20240414T145436_003025,ME,1,r00_c01,train
20240414T145436_003025_ME_1_r01_c00.tif,20240414T145436_003025,ME,1,r01_c00,train
20240414T145436_003025_ME_1_r01_c01.tif,20240414T145436_003025,ME,1,r01_c01,train
20240415T062117_003034_CM_1_r00_c00.tif,20240415T062117_003034,CM,1,r00_c00,val
20240415T062117_003035_CM_1_r00_c00.tif,20240415T062117_003035,CM,1,r00_c00,val
20240415T062129_003037_CM_1_r00_c00.tif,20240415T062129_003037,CM,1,r00_c00,val
20240415T062141_003039_CM_1_r00_c00.tif,20240415T062141_003039,CM,1,r00_c00,val
20240415T062141_003042_CM_1_r00_c00.tif,20240415T062141_003042,CM,1,r00_c00,val
20240415T062141_003043_CM_1_r00_c00.tif,20240415T062141_003043,CM,1,r00_c00,val
20240415T062141_003044_CM_1_r00_c00.tif,20240415T062141_003044,CM,1,r00_c00,val
20240415T062152_003045_CM_1_r00_c00.tif,20240415T062152_003045,CM,1,r00_c00,val
20240415T062152_003046_CM_1_r00_c00.tif,20240415T062152_003046,CM,1,r00_c00,val
20240415T062152_003048_CM_1_r00_c00.tif,20240415T062152_003048,CM,1,r00_c00,val
20240415T092556_003027_ST_1_r00_c00.tif,20240415T092556_003027,ST,1,r00_c00,train
20240415T092556_003029_ST_1_r00_c00.tif,20240415T092556_003029,ST,1,r00_c00,train
20240415T092556_003031_ST_1_r00_c00.tif,20240415T092556_003031,ST,1,r00_c00,train
20240415T092556_003032_ST_1_r00_c00.tif,20240415T092556_003032,ST,1,r00_c00,train
20240416T070636_003140_CM_1_r00_c00.tif,20240416T070636_003140,CM,1,r00_c00,val
20240416T131651_003132_EU_1_r00_c00.tif,20240416T131651_003132,EU,1,r00_c00,train
20240416T131651_003133_EU_1_r00_c00.tif,20240416T131651_003133,EU,1,r00_c00,train
20240416T132003_003520_ME_1_r00_c00.tif,20240416T132003_003520,ME,1,r00_c00,train
20240417T105931_003184_ME_1_r00_c00.tif,20240417T105931_003184,ME,1,r00_c00,train
20240418T084009_003521_AS_1_r00_c00.tif,20240418T084009_003521,AS,1,r00_c00,test
20240418T114539_003522_ME_1_r00_c00.tif,20240418T114539_003522,ME,1,r00_c00,train
20240419T092411_003185_ME_1_r00_c00.tif,20240419T092411_003185,ME,1,r00_c00,train
20240419T092423_003186_ME_1_r00_c00.tif,20240419T092423_003186,ME,1,r00_c00,train
20240419T092423_003186_ME_1_r00_c01.tif,20240419T092423_003186,ME,1,r00_c01,train
20240419T092423_003186_ME_1_r01_c00.tif,20240419T092423_003186,ME,1,r01_c00,train
20240419T092423_003186_ME_1_r01_c01.tif,20240419T092423_003186,ME,1,r01_c01,train
20240419T092423_003187_ME_1_r00_c00.tif,20240419T092423_003187,ME,1,r00_c00,train
20240419T092435_003190_ME_1_r00_c00.tif,20240419T092435_003190,ME,1,r00_c00,train
20240419T092435_003191_ME_1_r00_c00.tif,20240419T092435_003191,ME,1,r00_c00,train
20240419T092435_003192_ME_1_r00_c00.tif,20240419T092435_003192,ME,1,r00_c00,train
20240419T092534_003193_ME_0_r00_c00.tif,20240419T092534_003193,ME,0,r00_c00,train
20240419T092534_003193_ME_0_r01_c00.tif,20240419T092534_003193,ME,0,r01_c00,train
20240419T092534_003193_ME_0_r02_c00.tif,20240419T092534_003193,ME,0,r02_c00,train
20240419T092534_003193_ME_0_r03_c00.tif,20240419T092534_003193,ME,0,r03_c00,train
20240419T092534_003193_ME_0_r03_c01.tif,20240419T092534_003193,ME,0,r03_c01,train
20240419T092534_003193_ME_0_r03_c02.tif,20240419T092534_003193,ME,0,r03_c02,train
20240419T092534_003193_ME_0_r03_c03.tif,20240419T092534_003193,ME,0,r03_c03,train
20240419T092534_003193_ME_1_r01_c01.tif,20240419T092534_003193,ME,1,r01_c01,train
20240419T092534_003193_ME_1_r02_c01.tif,20240419T092534_003193,ME,1,r02_c01,train
20240419T092534_003193_ME_1_r02_c02.tif,20240419T092534_003193,ME,1,r02_c02,train
20240419T092546_003194_ME_1_r00_c00.tif,20240419T092546_003194,ME,1,r00_c00,train
20240419T092633_003523_ME_1_r00_c00.tif,20240419T092633_003523,ME,1,r00_c00,train
20240420T083501_003054_ME_1_r00_c00.tif,20240420T083501_003054,ME,1,r00_c00,train
20240420T101448_003053_ME_1_r00_c00.tif,20240420T101448_003053,ME,1,r00_c00,train
20240421T074619_003063_ST_1_r00_c00.tif,20240421T074619_003063,ST,1,r00_c00,train
20240421T074619_003064_ST_1_r00_c00.tif,20240421T074619_003064,ST,1,r00_c00,train
20240421T074619_003065_ST_1_r00_c00.tif,20240421T074619_003065,ST,1,r00_c00,train
20240421T074619_003069_ST_1_r00_c00.tif,20240421T074619_003069,ST,1,r00_c00,train
20240421T184222_003061_AM_0_r00_c04.tif,20240421T184222_003061,AM,0,r00_c04,train
20240421T184222_003061_AM_0_r00_c05.tif,20240421T184222_003061,AM,0,r00_c05,train
20240421T184222_003061_AM_0_r00_c06.tif,20240421T184222_003061,AM,0,r00_c06,train
20240421T184222_003061_AM_0_r01_c06.tif,20240421T184222_003061,AM,0,r01_c06,train
20240421T184222_003061_AM_1_r00_c01.tif,20240421T184222_003061,AM,1,r00_c01,train
20240421T184222_003061_AM_1_r00_c02.tif,20240421T184222_003061,AM,1,r00_c02,train
20240421T184222_003061_AM_1_r00_c03.tif,20240421T184222_003061,AM,1,r00_c03,train
20240421T184222_003061_AM_1_r01_c01.tif,20240421T184222_003061,AM,1,r01_c01,train
20240421T184222_003061_AM_1_r01_c02.tif,20240421T184222_003061,AM,1,r01_c02,train
20240421T184222_003061_AM_1_r01_c03.tif,20240421T184222_003061,AM,1,r01_c03,train
20240421T184222_003061_AM_1_r01_c04.tif,20240421T184222_003061,AM,1,r01_c04,train
20240421T184222_003061_AM_1_r01_c05.tif,20240421T184222_003061,AM,1,r01_c05,train
20240421T184222_003061_AM_1_r02_c02.tif,20240421T184222_003061,AM,1,r02_c02,train
20240421T184222_003061_AM_1_r02_c03.tif,20240421T184222_003061,AM,1,r02_c03,train
20240421T184222_003061_AM_1_r02_c04.tif,20240421T184222_003061,AM,1,r02_c04,train
20240421T184222_003061_AM_1_r02_c05.tif,20240421T184222_003061,AM,1,r02_c05,train
20240421T184222_003061_AM_1_r02_c06.tif,20240421T184222_003061,AM,1,r02_c06,train
20240422T065849_003073_ST_1_r00_c00.tif,20240422T065849_003073,ST,1,r00_c00,train
20240422T065849_003074_ST_1_r00_c00.tif,20240422T065849_003074,ST,1,r00_c00,train
20240422T161339_003072_AM_1_r00_c00.tif,20240422T161339_003072,AM,1,r00_c00,train
20240422T175102_003071_AM_1_r00_c00.tif,20240422T175102_003071,AM,1,r00_c00,train
20240423T030434_003093_CM_1_r00_c00.tif,20240423T030434_003093,CM,1,r00_c00,val
20240423T030434_003094_CM_1_r00_c00.tif,20240423T030434_003094,CM,1,r00_c00,val
20240423T030434_003095_CM_1_r00_c00.tif,20240423T030434_003095,CM,1,r00_c00,val
20240423T030434_003096_CM_1_r00_c00.tif,20240423T030434_003096,CM,1,r00_c00,val
20240423T030446_003097_CM_1_r00_c00.tif,20240423T030446_003097,CM,1,r00_c00,val
20240423T030446_003098_CM_1_r00_c00.tif,20240423T030446_003098,CM,1,r00_c00,val
20240423T030446_003099_CM_1_r00_c00.tif,20240423T030446_003099,CM,1,r00_c00,val
20240423T030446_003103_CM_1_r00_c00.tif,20240423T030446_003103,CM,1,r00_c00,val
20240423T060958_003087_ST_1_r00_c00.tif,20240423T060958_003087,ST,1,r00_c00,train
20240423T060958_003088_ST_1_r00_c00.tif,20240423T060958_003088,ST,1,r00_c00,train
20240423T060958_003090_ST_1_r00_c00.tif,20240423T060958_003090,ST,1,r00_c00,train
20240423T060958_003090_ST_1_r00_c01.tif,20240423T060958_003090,ST,1,r00_c01,train
20240423T060958_003090_ST_1_r01_c00.tif,20240423T060958_003090,ST,1,r01_c00,train
20240423T060958_003090_ST_1_r01_c01.tif,20240423T060958_003090,ST,1,r01_c01,train
20240423T060958_003091_ST_1_r00_c00.tif,20240423T060958_003091,ST,1,r00_c00,train
20240423T060958_003091_ST_1_r00_c01.tif,20240423T060958_003091,ST,1,r00_c01,train
20240423T060958_003091_ST_1_r01_c00.tif,20240423T060958_003091,ST,1,r01_c00,train
20240423T060958_003091_ST_1_r01_c01.tif,20240423T060958_003091,ST,1,r01_c01,train
20240423T074559_003083_ME_1_r00_c00.tif,20240423T074559_003083,ME,1,r00_c00,train
20240424T065551_003156_ME_1_r00_c00.tif,20240424T065551_003156,ME,1,r00_c00,train
20240425T060638_003157_ST_1_r00_c00.tif,20240425T060638_003157,ST,1,r00_c00,train
20240426T021336_003161_CM_1_r00_c00.tif,20240426T021336_003161,CM,1,r00_c00,val
20240426T021336_003162_CM_1_r00_c00.tif,20240426T021336_003162,CM,1,r00_c00,val
20240426T021348_003163_CM_1_r00_c00.tif,20240426T021348_003163,CM,1,r00_c00,val
20240426T021359_003165_CM_1_r00_c00.tif,20240426T021359_003165,CM,1,r00_c00,val
20240426T065431_003151_ME_1_r00_c00.tif,20240426T065431_003151,ME,1,r00_c00,train
20240426T065455_003152_ME_1_r00_c00.tif,20240426T065455_003152,ME,1,r00_c00,train
20240426T065455_003154_ME_1_r00_c00.tif,20240426T065455_003154,ME,1,r00_c00,train
20240427T073906_003150_ME_1_r00_c00.tif,20240427T073906_003150,ME,1,r00_c00,train
20240427T170001_003146_AM_1_r00_c00.tif,20240427T170001_003146,AM,1,r00_c00,train
20240428T161224_003147_AM_1_r00_c00.tif,20240428T161224_003147,AM,1,r00_c00,train
20240429T043310_003158_AS_1_r00_c00.tif,20240429T043310_003158,AS,1,r00_c00,test
20240501T153055_002580_SA_1_r00_c00.tif,20240501T153055_002580,SA,1,r00_c00,test
20240501T153055_003142_SA_1_r00_c00.tif,20240501T153055_003142,SA,1,r00_c00,test
20240501T153107_003143_SA_1_r00_c00.tif,20240501T153107_003143,SA,1,r00_c00,test
20240501T153107_003143_SA_1_r00_c01.tif,20240501T153107_003143,SA,1,r00_c01,test
20240501T153107_003143_SA_1_r01_c00.tif,20240501T153107_003143,SA,1,r01_c00,test
20240501T153107_003143_SA_1_r01_c01.tif,20240501T153107_003143,SA,1,r01_c01,test
20240517T170655_003168_SA_1_r00_c00.tif,20240517T170655_003168,SA,1,r00_c00,test
20240517T170655_003168_SA_1_r00_c01.tif,20240517T170655_003168,SA,1,r00_c01,test
20240517T170655_003168_SA_1_r01_c00.tif,20240517T170655_003168,SA,1,r01_c00,test
20240517T170655_003168_SA_1_r01_c01.tif,20240517T170655_003168,SA,1,r01_c01,test
20240522T132049_003172_ME_1_r00_c00.tif,20240522T132049_003172,ME,1,r00_c00,train
20240523T075552_003174_CM_1_r00_c00.tif,20240523T075552_003174,CM,1,r00_c00,val
20240523T075552_003175_CM_1_r00_c00.tif,20240523T075552_003175,CM,1,r00_c00,val
20240523T075552_003175_CM_1_r00_c01.tif,20240523T075552_003175,CM,1,r00_c01,val
20240523T075552_003175_CM_1_r01_c00.tif,20240523T075552_003175,CM,1,r01_c00,val
20240523T075552_003175_CM_1_r01_c01.tif,20240523T075552_003175,CM,1,r01_c01,val
20240523T075552_003178_CM_1_r00_c00.tif,20240523T075552_003178,CM,1,r00_c00,val
20240523T075604_003180_CM_1_r00_c00.tif,20240523T075604_003180,CM,1,r00_c00,val
20240523T075604_003182_CM_1_r00_c00.tif,20240523T075604_003182,CM,1,r00_c00,val
20240523T075604_003183_CM_1_r00_c00.tif,20240523T075604_003183,CM,1,r00_c00,val
20240524T114612_003200_ST_1_r00_c00.tif,20240524T114612_003200,ST,1,r00_c00,train
20240524T114624_003199_ST_1_r00_c00.tif,20240524T114624_003199,ST,1,r00_c00,train
20240524T114624_003201_ST_1_r00_c00.tif,20240524T114624_003201,ST,1,r00_c00,train
20240526T114627_003167_ST_1_r00_c00.tif,20240526T114627_003167,ST,1,r00_c00,train
20240530T131829_003208_EU_1_r00_c00.tif,20240530T131829_003208,EU,1,r00_c00,train
20240530T131829_003208_EU_1_r00_c01.tif,20240530T131829_003208,EU,1,r00_c01,train
20240530T131829_003208_EU_1_r01_c00.tif,20240530T131829_003208,EU,1,r01_c00,train
20240530T131829_003208_EU_1_r01_c01.tif,20240530T131829_003208,EU,1,r01_c01,train
20240606T151017_003236_AM_1_r00_c00.tif,20240606T151017_003236,AM,1,r00_c00,train
20240606T151017_003236_AM_1_r00_c01.tif,20240606T151017_003236,AM,1,r00_c01,train
20240606T151017_003236_AM_1_r01_c00.tif,20240606T151017_003236,AM,1,r01_c00,train
20240606T151017_003236_AM_1_r01_c01.tif,20240606T151017_003236,AM,1,r01_c01,train
20240606T151017_003237_AM_1_r00_c00.tif,20240606T151017_003237,AM,1,r00_c00,train
20240606T151017_003238_AM_1_r00_c00.tif,20240606T151017_003238,AM,1,r00_c00,train
20240606T151017_003239_AM_1_r00_c00.tif,20240606T151017_003239,AM,1,r00_c00,train
20240606T151017_003239_AM_1_r00_c01.tif,20240606T151017_003239,AM,1,r00_c01,train
20240606T151017_003239_AM_1_r01_c00.tif,20240606T151017_003239,AM,1,r01_c00,train
20240606T151017_003239_AM_1_r01_c01.tif,20240606T151017_003239,AM,1,r01_c01,train
20240608T041803_003215_ME_1_r00_c00.tif,20240608T041803_003215,ME,1,r00_c00,train
20240608T041902_003216_AS_1_r00_c00.tif,20240608T041902_003216,AS,1,r00_c00,test
20240608T122634_003217_ST_1_r00_c00.tif,20240608T122634_003217,ST,1,r00_c00,train
20240608T122634_003218_ST_1_r00_c00.tif,20240608T122634_003218,ST,1,r00_c00,train
20240609T050226_003220_ME_1_r00_c00.tif,20240609T050226_003220,ME,1,r00_c00,train
20240609T050226_003220_ME_1_r00_c01.tif,20240609T050226_003220,ME,1,r00_c01,train
20240609T050226_003220_ME_1_r01_c00.tif,20240609T050226_003220,ME,1,r01_c00,train
20240609T050226_003220_ME_1_r01_c01.tif,20240609T050226_003220,ME,1,r01_c01,train
20240609T050531_003221_ME_1_r00_c00.tif,20240609T050531_003221,ME,1,r00_c00,train
20240609T050543_003222_ME_1_r00_c00.tif,20240609T050543_003222,ME,1,r00_c00,train
20240609T050607_003225_ME_0_r00_c00.tif,20240609T050607_003225,ME,0,r00_c00,train
20240609T050607_003225_ME_0_r00_c01.tif,20240609T050607_003225,ME,0,r00_c01,train
20240609T050607_003225_ME_0_r00_c02.tif,20240609T050607_003225,ME,0,r00_c02,train
20240609T050607_003225_ME_0_r00_c03.tif,20240609T050607_003225,ME,0,r00_c03,train
20240609T050607_003225_ME_0_r01_c00.tif,20240609T050607_003225,ME,0,r01_c00,train
20240609T050607_003225_ME_0_r01_c03.tif,20240609T050607_003225,ME,0,r01_c03,train
20240609T050607_003225_ME_0_r02_c00.tif,20240609T050607_003225,ME,0,r02_c00,train
20240609T050607_003225_ME_0_r02_c03.tif,20240609T050607_003225,ME,0,r02_c03,train
20240609T050607_003225_ME_0_r03_c00.tif,20240609T050607_003225,ME,0,r03_c00,train
20240609T050607_003225_ME_0_r03_c01.tif,20240609T050607_003225,ME,0,r03_c01,train
20240609T050607_003225_ME_0_r03_c03.tif,20240609T050607_003225,ME,0,r03_c03,train
20240609T050607_003225_ME_1_r01_c01.tif,20240609T050607_003225,ME,1,r01_c01,train
20240609T050607_003225_ME_1_r01_c02.tif,20240609T050607_003225,ME,1,r01_c02,train
20240609T050607_003225_ME_1_r02_c01.tif,20240609T050607_003225,ME,1,r02_c01,train
20240609T050607_003225_ME_1_r02_c02.tif,20240609T050607_003225,ME,1,r02_c02,train
20240609T050607_003225_ME_1_r03_c02.tif,20240609T050607_003225,ME,1,r03_c02,train
20240609T050607_003226_ME_1_r00_c00.tif,20240609T050607_003226,ME,1,r00_c00,train
20240609T142206_003219_AM_1_r00_c00.tif,20240609T142206_003219,AM,1,r00_c00,train
20240609T142206_003219_AM_1_r00_c01.tif,20240609T142206_003219,AM,1,r00_c01,train
20240609T142206_003219_AM_1_r01_c00.tif,20240609T142206_003219,AM,1,r01_c00,train
20240609T142206_003219_AM_1_r01_c01.tif,20240609T142206_003219,AM,1,r01_c01,train
20240610T011426_003234_CM_1_r00_c00.tif,20240610T011426_003234,CM,1,r00_c00,val
20240610T041628_003229_ME_1_r00_c00.tif,20240610T041628_003229,ME,1,r00_c00,train
20240610T041628_003229_ME_1_r00_c01.tif,20240610T041628_003229,ME,1,r00_c01,train
20240610T041628_003229_ME_1_r01_c00.tif,20240610T041628_003229,ME,1,r01_c00,train
20240610T041628_003229_ME_1_r01_c01.tif,20240610T041628_003229,ME,1,r01_c01,train
20240610T041715_003230_ME_0_r00_c00.tif,20240610T041715_003230,ME,0,r00_c00,train
20240610T041715_003230_ME_0_r00_c03.tif,20240610T041715_003230,ME,0,r00_c03,train
20240610T041715_003230_ME_0_r01_c00.tif,20240610T041715_003230,ME,0,r01_c00,train
20240610T041715_003230_ME_0_r01_c03.tif,20240610T041715_003230,ME,0,r01_c03,train
20240610T041715_003230_ME_0_r02_c00.tif,20240610T041715_003230,ME,0,r02_c00,train
20240610T041715_003230_ME_0_r02_c03.tif,20240610T041715_003230,ME,0,r02_c03,train
20240610T041715_003230_ME_0_r03_c00.tif,20240610T041715_003230,ME,0,r03_c00,train
20240610T041715_003230_ME_0_r03_c03.tif,20240610T041715_003230,ME,0,r03_c03,train
20240610T041715_003230_ME_1_r00_c01.tif,20240610T041715_003230,ME,1,r00_c01,train
20240610T041715_003230_ME_1_r00_c02.tif,20240610T041715_003230,ME,1,r00_c02,train
20240610T041715_003230_ME_1_r01_c01.tif,20240610T041715_003230,ME,1,r01_c01,train
20240610T041715_003230_ME_1_r01_c02.tif,20240610T041715_003230,ME,1,r01_c02,train
20240610T041715_003230_ME_1_r02_c01.tif,20240610T041715_003230,ME,1,r02_c01,train
20240610T041715_003230_ME_1_r02_c02.tif,20240610T041715_003230,ME,1,r02_c02,train
20240610T041715_003230_ME_1_r03_c01.tif,20240610T041715_003230,ME,1,r03_c01,train
20240610T041715_003230_ME_1_r03_c02.tif,20240610T041715_003230,ME,1,r03_c02,train
20240610T041727_003232_ME_1_r00_c00.tif,20240610T041727_003232,ME,1,r00_c00,train
20240610T041739_003233_ME_1_r00_c00.tif,20240610T041739_003233,ME,1,r00_c00,train
20240610T041739_003233_ME_1_r00_c01.tif,20240610T041739_003233,ME,1,r00_c01,train
20240610T041739_003233_ME_1_r01_c00.tif,20240610T041739_003233,ME,1,r01_c00,train
20240610T041739_003233_ME_1_r01_c01.tif,20240610T041739_003233,ME,1,r01_c01,train
20240612T105308_003311_AS_1_r00_c00.tif,20240612T105308_003311,AS,1,r00_c00,test
20240612T135823_003244_ME_1_r00_c00.tif,20240612T135823_003244,ME,1,r00_c00,train
20240615T015805_003243_CM_1_r00_c00.tif,20240615T015805_003243,CM,1,r00_c00,val
20240615T015805_003243_CM_1_r00_c01.tif,20240615T015805_003243,CM,1,r00_c01,val
20240615T015805_003243_CM_1_r01_c00.tif,20240615T015805_003243,CM,1,r01_c00,val
20240615T015805_003243_CM_1_r01_c01.tif,20240615T015805_003243,CM,1,r01_c01,val
20240615T015805_003243_CM_1_r02_c00.tif,20240615T015805_003243,CM,1,r02_c00,val
20240615T015805_003243_CM_1_r02_c01.tif,20240615T015805_003243,CM,1,r02_c01,val
20240615T015805_003243_CM_1_r03_c00.tif,20240615T015805_003243,CM,1,r03_c00,val
20240615T015805_003243_CM_1_r03_c01.tif,20240615T015805_003243,CM,1,r03_c01,val
20240615T015805_003243_CM_1_r04_c00.tif,20240615T015805_003243,CM,1,r04_c00,val
20240615T015805_003243_CM_1_r04_c01.tif,20240615T015805_003243,CM,1,r04_c01,val
20240619T050711_003329_EU_0_r00_c03.tif,20240619T050711_003329,EU,0,r00_c03,train
20240619T050711_003329_EU_1_r00_c00.tif,20240619T050711_003329,EU,1,r00_c00,train
20240619T050711_003329_EU_1_r00_c01.tif,20240619T050711_003329,EU,1,r00_c01,train
20240619T050711_003329_EU_1_r00_c02.tif,20240619T050711_003329,EU,1,r00_c02,train
20240619T050711_003329_EU_1_r01_c00.tif,20240619T050711_003329,EU,1,r01_c00,train
20240619T050711_003329_EU_1_r01_c01.tif,20240619T050711_003329,EU,1,r01_c01,train
20240619T050711_003329_EU_1_r01_c02.tif,20240619T050711_003329,EU,1,r01_c02,train
20240619T050711_003330_EU_0_r00_c03.tif,20240619T050711_003330,EU,0,r00_c03,train
20240619T050711_003330_EU_0_r02_c00.tif,20240619T050711_003330,EU,0,r02_c00,train
20240619T050711_003330_EU_0_r02_c01.tif,20240619T050711_003330,EU,0,r02_c01,train
20240619T050711_003330_EU_1_r00_c00.tif,20240619T050711_003330,EU,1,r00_c00,train
20240619T050711_003330_EU_1_r00_c01.tif,20240619T050711_003330,EU,1,r00_c01,train
20240619T050711_003330_EU_1_r00_c02.tif,20240619T050711_003330,EU,1,r00_c02,train
20240619T050711_003330_EU_1_r01_c00.tif,20240619T050711_003330,EU,1,r01_c00,train
20240619T050711_003330_EU_1_r01_c01.tif,20240619T050711_003330,EU,1,r01_c01,train
20240619T050711_003330_EU_1_r01_c02.tif,20240619T050711_003330,EU,1,r01_c02,train
20240619T050711_003330_EU_1_r01_c03.tif,20240619T050711_003330,EU,1,r01_c03,train
20240619T050711_003330_EU_1_r02_c02.tif,20240619T050711_003330,EU,1,r02_c02,train
20240619T050711_003330_EU_1_r02_c03.tif,20240619T050711_003330,EU,1,r02_c03,train
20240623T064530_003252_EU_1_r00_c00.tif,20240623T064530_003252,EU,1,r00_c00,train
20240623T065329_003254_AS_1_r00_c00.tif,20240623T065329_003254,AS,1,r00_c00,test
20240623T082351_003251_ME_1_r00_c00.tif,20240623T082351_003251,ME,1,r00_c00,train
20240623T095646_003249_ME_1_r00_c00.tif,20240623T095646_003249,ME,1,r00_c00,train
20240624T025623_003265_CM_1_r00_c00.tif,20240624T025623_003265,CM,1,r00_c00,val
20240624T073352_003259_EU_1_r00_c00.tif,20240624T073352_003259,EU,1,r00_c00,train
20240624T073515_003260_EU_1_r00_c00.tif,20240624T073515_003260,EU,1,r00_c00,train
20240624T073538_003261_ME_1_r00_c00.tif,20240624T073538_003261,ME,1,r00_c00,train
20240624T073918_003262_ME_1_r00_c00.tif,20240624T073918_003262,ME,1,r00_c00,train
20240624T073918_003263_ME_1_r00_c00.tif,20240624T073918_003263,ME,1,r00_c00,train
20240624T151739_003256_AM_1_r00_c00.tif,20240624T151739_003256,AM,1,r00_c00,train
20240624T151739_003256_AM_1_r00_c01.tif,20240624T151739_003256,AM,1,r00_c01,train
20240624T151739_003256_AM_1_r01_c00.tif,20240624T151739_003256,AM,1,r01_c00,train
20240624T151739_003256_AM_1_r01_c01.tif,20240624T151739_003256,AM,1,r01_c01,train
20240624T151751_003257_AM_1_r00_c00.tif,20240624T151751_003257,AM,1,r00_c00,train
20240625T020841_003286_CM_1_r00_c00.tif,20240625T020841_003286,CM,1,r00_c00,val
20240625T020904_003290_CM_1_r00_c00.tif,20240625T020904_003290,CM,1,r00_c00,val
20240625T020904_003291_CM_1_r00_c00.tif,20240625T020904_003291,CM,1,r00_c00,val
20240625T020904_003291_CM_1_r00_c01.tif,20240625T020904_003291,CM,1,r00_c01,val
20240625T020904_003291_CM_1_r01_c00.tif,20240625T020904_003291,CM,1,r01_c00,val
20240625T020904_003291_CM_1_r01_c01.tif,20240625T020904_003291,CM,1,r01_c01,val
20240625T020904_003292_CM_1_r00_c00.tif,20240625T020904_003292,CM,1,r00_c00,val
20240625T020904_003293_CM_1_r00_c00.tif,20240625T020904_003293,CM,1,r00_c00,val
20240625T020940_003294_CM_1_r00_c00.tif,20240625T020940_003294,CM,1,r00_c00,val
20240625T020940_003295_CM_1_r00_c00.tif,20240625T020940_003295,CM,1,r00_c00,val
20240625T020940_003295_CM_1_r00_c01.tif,20240625T020940_003295,CM,1,r00_c01,val
20240625T020940_003295_CM_1_r01_c00.tif,20240625T020940_003295,CM,1,r01_c00,val
20240625T020940_003295_CM_1_r01_c01.tif,20240625T020940_003295,CM,1,r01_c01,val
20240625T051339_003283_ST_1_r00_c00.tif,20240625T051339_003283,ST,1,r00_c00,train
20240625T051438_003284_ST_1_r00_c00.tif,20240625T051438_003284,ST,1,r00_c00,train
20240625T051438_003284_ST_1_r00_c01.tif,20240625T051438_003284,ST,1,r00_c01,train
20240625T051438_003284_ST_1_r01_c00.tif,20240625T051438_003284,ST,1,r01_c00,train
20240625T051438_003284_ST_1_r01_c01.tif,20240625T051438_003284,ST,1,r01_c01,train
20240625T051438_003285_ST_1_r00_c00.tif,20240625T051438_003285,ST,1,r00_c00,train
20240625T064958_003275_ME_1_r00_c00.tif,20240625T064958_003275,ME,1,r00_c00,train
20240625T065010_003276_ME_1_r00_c00.tif,20240625T065010_003276,ME,1,r00_c00,train
20240625T065010_003277_ME_1_r00_c00.tif,20240625T065010_003277,ME,1,r00_c00,train
20240625T065021_003278_ME_1_r00_c00.tif,20240625T065021_003278,ME,1,r00_c00,train
20240625T065021_003279_ME_1_r00_c00.tif,20240625T065021_003279,ME,1,r00_c00,train
20240625T065045_003280_ME_0_r00_c00.tif,20240625T065045_003280,ME,0,r00_c00,train
20240625T065045_003280_ME_0_r00_c03.tif,20240625T065045_003280,ME,0,r00_c03,train
20240625T065045_003280_ME_0_r01_c00.tif,20240625T065045_003280,ME,0,r01_c00,train
20240625T065045_003280_ME_0_r01_c03.tif,20240625T065045_003280,ME,0,r01_c03,train
20240625T065045_003280_ME_0_r02_c00.tif,20240625T065045_003280,ME,0,r02_c00,train
20240625T065045_003280_ME_0_r02_c03.tif,20240625T065045_003280,ME,0,r02_c03,train
20240625T065045_003280_ME_0_r03_c00.tif,20240625T065045_003280,ME,0,r03_c00,train
20240625T065045_003280_ME_0_r03_c03.tif,20240625T065045_003280,ME,0,r03_c03,train
20240625T065045_003280_ME_1_r00_c01.tif,20240625T065045_003280,ME,1,r00_c01,train
20240625T065045_003280_ME_1_r00_c02.tif,20240625T065045_003280,ME,1,r00_c02,train
20240625T065045_003280_ME_1_r01_c01.tif,20240625T065045_003280,ME,1,r01_c01,train
20240625T065045_003280_ME_1_r01_c02.tif,20240625T065045_003280,ME,1,r01_c02,train
20240625T065045_003280_ME_1_r02_c01.tif,20240625T065045_003280,ME,1,r02_c01,train
20240625T065045_003280_ME_1_r02_c02.tif,20240625T065045_003280,ME,1,r02_c02,train
20240625T065045_003280_ME_1_r03_c01.tif,20240625T065045_003280,ME,1,r03_c01,train
20240625T065045_003280_ME_1_r03_c02.tif,20240625T065045_003280,ME,1,r03_c02,train
20240625T065122_003281_ME_1_r00_c00.tif,20240625T065122_003281,ME,1,r00_c00,train
20240625T065122_003282_ME_1_r00_c00.tif,20240625T065122_003282,ME,1,r00_c00,train
20240625T082337_003269_ME_1_r00_c00.tif,20240625T082337_003269,ME,1,r00_c00,train
20240625T082337_003269_ME_1_r00_c01.tif,20240625T082337_003269,ME,1,r00_c01,train
20240625T082337_003269_ME_1_r01_c00.tif,20240625T082337_003269,ME,1,r01_c00,train
20240625T082337_003269_ME_1_r01_c01.tif,20240625T082337_003269,ME,1,r01_c01,train
20240625T082337_003274_ME_1_r00_c00.tif,20240625T082337_003274,ME,1,r00_c00,train
20240625T082349_003270_ME_1_r00_c00.tif,20240625T082349_003270,ME,1,r00_c00,train
20240625T082349_003271_ME_1_r00_c00.tif,20240625T082349_003271,ME,1,r00_c00,train
20240625T082349_003272_ME_1_r00_c00.tif,20240625T082349_003272,ME,1,r00_c00,train
20240625T082349_003272_ME_1_r00_c01.tif,20240625T082349_003272,ME,1,r00_c01,train
20240625T082349_003272_ME_1_r01_c00.tif,20240625T082349_003272,ME,1,r01_c00,train
20240625T082349_003272_ME_1_r01_c01.tif,20240625T082349_003272,ME,1,r01_c01,train
20240625T082349_003273_ME_1_r00_c00.tif,20240625T082349_003273,ME,1,r00_c00,train
20240625T082349_003273_ME_1_r00_c01.tif,20240625T082349_003273,ME,1,r00_c01,train
20240625T082349_003273_ME_1_r01_c00.tif,20240625T082349_003273,ME,1,r01_c00,train
20240625T082349_003273_ME_1_r01_c01.tif,20240625T082349_003273,ME,1,r01_c01,train
20240625T173943_003268_AM_1_r00_c00.tif,20240625T173943_003268,AM,1,r00_c00,train
20240626T060123_003300_ME_1_r00_c00.tif,20240626T060123_003300,ME,1,r00_c00,train
20240626T060123_003300_ME_1_r00_c01.tif,20240626T060123_003300,ME,1,r00_c01,train
20240626T060123_003300_ME_1_r01_c00.tif,20240626T060123_003300,ME,1,r01_c00,train
20240626T060123_003300_ME_1_r01_c01.tif,20240626T060123_003300,ME,1,r01_c01,train
20240626T060135_003301_ME_1_r00_c00.tif,20240626T060135_003301,ME,1,r00_c00,train
20240627T064756_003362_ME_1_r00_c00.tif,20240627T064756_003362,ME,1,r00_c00,train
20240627T160544_003332_AM_1_r00_c00.tif,20240627T160544_003332,AM,1,r00_c00,train
20240627T160655_003334_AM_1_r00_c00.tif,20240627T160655_003334,AM,1,r00_c00,train
20240628T060014_003364_ME_1_r00_c00.tif,20240628T060014_003364,ME,1,r00_c00,train
20240701T145112_003312_SA_1_r00_c00.tif,20240701T145112_003312,SA,1,r00_c00,test
20240701T145112_003312_SA_1_r00_c01.tif,20240701T145112_003312,SA,1,r00_c01,test
20240701T145112_003312_SA_1_r01_c00.tif,20240701T145112_003312,SA,1,r01_c00,test
20240701T145112_003312_SA_1_r01_c01.tif,20240701T145112_003312,SA,1,r01_c01,test
20240701T162527_003313_SA_0_r00_c00.tif,20240701T162527_003313,SA,0,r00_c00,test
20240701T162527_003313_SA_0_r00_c01.tif,20240701T162527_003313,SA,0,r00_c01,test
20240701T162527_003313_SA_0_r01_c00.tif,20240701T162527_003313,SA,0,r01_c00,test
20240701T162527_003313_SA_0_r02_c00.tif,20240701T162527_003313,SA,0,r02_c00,test
20240701T162527_003313_SA_0_r02_c03.tif,20240701T162527_003313,SA,0,r02_c03,test
20240701T162527_003313_SA_0_r03_c00.tif,20240701T162527_003313,SA,0,r03_c00,test
20240701T162527_003313_SA_0_r03_c01.tif,20240701T162527_003313,SA,0,r03_c01,test
20240701T162527_003313_SA_0_r03_c02.tif,20240701T162527_003313,SA,0,r03_c02,test
20240701T162527_003313_SA_0_r03_c03.tif,20240701T162527_003313,SA,0,r03_c03,test
20240701T162527_003313_SA_1_r01_c01.tif,20240701T162527_003313,SA,1,r01_c01,test
20240701T162527_003313_SA_1_r01_c02.tif,20240701T162527_003313,SA,1,r01_c02,test
20240701T162527_003313_SA_1_r02_c01.tif,20240701T162527_003313,SA,1,r02_c01,test
20240701T162527_003313_SA_1_r02_c02.tif,20240701T162527_003313,SA,1,r02_c02,test
20240702T042711_003317_ME_1_r00_c00.tif,20240702T042711_003317,ME,1,r00_c00,train
20240703T131452_003321_SA_1_r00_c00.tif,20240703T131452_003321,SA,1,r00_c00,test
20240703T131452_003321_SA_1_r00_c01.tif,20240703T131452_003321,SA,1,r00_c01,test
20240703T131452_003321_SA_1_r01_c00.tif,20240703T131452_003321,SA,1,r01_c00,test
20240703T131452_003321_SA_1_r01_c01.tif,20240703T131452_003321,SA,1,r01_c01,test
20240703T131452_003324_SA_1_r00_c00.tif,20240703T131452_003324,SA,1,r00_c00,test
20240703T131452_003324_SA_1_r00_c01.tif,20240703T131452_003324,SA,1,r00_c01,test
20240703T131452_003324_SA_1_r01_c00.tif,20240703T131452_003324,SA,1,r01_c00,test
20240703T131452_003324_SA_1_r01_c01.tif,20240703T131452_003324,SA,1,r01_c01,test
20240703T131504_003318_SA_1_r00_c00.tif,20240703T131504_003318,SA,1,r00_c00,test
20240703T131504_003319_SA_1_r00_c00.tif,20240703T131504_003319,SA,1,r00_c00,test
20240703T131504_003320_SA_0_r00_c00.tif,20240703T131504_003320,SA,0,r00_c00,test
20240703T131504_003320_SA_0_r00_c03.tif,20240703T131504_003320,SA,0,r00_c03,test
20240703T131504_003320_SA_0_r01_c00.tif,20240703T131504_003320,SA,0,r01_c00,test
20240703T131504_003320_SA_0_r01_c03.tif,20240703T131504_003320,SA,0,r01_c03,test
20240703T131504_003320_SA_0_r02_c00.tif,20240703T131504_003320,SA,0,r02_c00,test
20240703T131504_003320_SA_0_r02_c03.tif,20240703T131504_003320,SA,0,r02_c03,test
20240703T131504_003320_SA_0_r03_c00.tif,20240703T131504_003320,SA,0,r03_c00,test
20240703T131504_003320_SA_0_r03_c01.tif,20240703T131504_003320,SA,0,r03_c01,test
20240703T131504_003320_SA_0_r03_c02.tif,20240703T131504_003320,SA,0,r03_c02,test
20240703T131504_003320_SA_0_r03_c03.tif,20240703T131504_003320,SA,0,r03_c03,test
20240703T131504_003320_SA_1_r00_c01.tif,20240703T131504_003320,SA,1,r00_c01,test
20240703T131504_003320_SA_1_r00_c02.tif,20240703T131504_003320,SA,1,r00_c02,test
20240703T131504_003320_SA_1_r01_c01.tif,20240703T131504_003320,SA,1,r01_c01,test
20240703T131504_003320_SA_1_r01_c02.tif,20240703T131504_003320,SA,1,r01_c02,test
20240703T131504_003320_SA_1_r02_c01.tif,20240703T131504_003320,SA,1,r02_c01,test
20240703T131504_003320_SA_1_r02_c02.tif,20240703T131504_003320,SA,1,r02_c02,test
20240703T145156_003325_SA_0_r00_c00.tif,20240703T145156_003325,SA,0,r00_c00,test
20240703T145156_003325_SA_0_r00_c03.tif,20240703T145156_003325,SA,0,r00_c03,test
20240703T145156_003325_SA_0_r01_c00.tif,20240703T145156_003325,SA,0,r01_c00,test
20240703T145156_003325_SA_0_r01_c03.tif,20240703T145156_003325,SA,0,r01_c03,test
20240703T145156_003325_SA_0_r02_c00.tif,20240703T145156_003325,SA,0,r02_c00,test
20240703T145156_003325_SA_0_r02_c03.tif,20240703T145156_003325,SA,0,r02_c03,test
20240703T145156_003325_SA_0_r03_c00.tif,20240703T145156_003325,SA,0,r03_c00,test
20240703T145156_003325_SA_0_r03_c03.tif,20240703T145156_003325,SA,0,r03_c03,test
20240703T145156_003325_SA_1_r00_c01.tif,20240703T145156_003325,SA,1,r00_c01,test
20240703T145156_003325_SA_1_r00_c02.tif,20240703T145156_003325,SA,1,r00_c02,test
20240703T145156_003325_SA_1_r01_c01.tif,20240703T145156_003325,SA,1,r01_c01,test
20240703T145156_003325_SA_1_r01_c02.tif,20240703T145156_003325,SA,1,r01_c02,test
20240703T145156_003325_SA_1_r02_c01.tif,20240703T145156_003325,SA,1,r02_c01,test
20240703T145156_003325_SA_1_r02_c02.tif,20240703T145156_003325,SA,1,r02_c02,test
20240703T145156_003325_SA_1_r03_c01.tif,20240703T145156_003325,SA,1,r03_c01,test
20240703T145156_003325_SA_1_r03_c02.tif,20240703T145156_003325,SA,1,r03_c02,test
20240719T135301_003340_ME_1_r00_c00.tif,20240719T135301_003340,ME,1,r00_c00,train
20240719T165816_003339_ME_1_r00_c00.tif,20240719T165816_003339,ME,1,r00_c00,train
20240720T155223_003342_SA_1_r00_c00.tif,20240720T155223_003342,SA,1,r00_c00,test
20240720T155235_003344_SA_1_r00_c00.tif,20240720T155235_003344,SA,1,r00_c00,test
20240721T104340_003348_AS_1_r00_c00.tif,20240721T104340_003348,AS,1,r00_c00,test
20240722T112812_003353_ME_1_r00_c00.tif,20240722T112812_003353,ME,1,r00_c00,train
20240722T112859_003354_ME_1_r00_c00.tif,20240722T112859_003354,ME,1,r00_c00,train
20240722T112911_003355_ME_1_r00_c00.tif,20240722T112911_003355,ME,1,r00_c00,train
20240722T130241_003352_ME_1_r00_c00.tif,20240722T130241_003352,ME,1,r00_c00,train
20240722T143518_003350_ME_1_r00_c00.tif,20240722T143518_003350,ME,1,r00_c00,train
20240722T143518_003351_ME_1_r00_c00.tif,20240722T143518_003351,ME,1,r00_c00,train
20240728T095147_003382_ME_1_r00_c00.tif,20240728T095147_003382,ME,1,r00_c00,train
20240728T095147_003383_ME_1_r00_c00.tif,20240728T095147_003383,ME,1,r00_c00,train
20240728T095246_003384_ST_0_r00_c02.tif,20240728T095246_003384,ST,0,r00_c02,train
20240728T095246_003384_ST_0_r00_c03.tif,20240728T095246_003384,ST,0,r00_c03,train
20240728T095246_003384_ST_0_r02_c03.tif,20240728T095246_003384,ST,0,r02_c03,train
20240728T095246_003384_ST_0_r03_c00.tif,20240728T095246_003384,ST,0,r03_c00,train
20240728T095246_003384_ST_0_r03_c01.tif,20240728T095246_003384,ST,0,r03_c01,train
20240728T095246_003384_ST_0_r03_c02.tif,20240728T095246_003384,ST,0,r03_c02,train
20240728T095246_003384_ST_0_r03_c03.tif,20240728T095246_003384,ST,0,r03_c03,train
20240728T095246_003384_ST_1_r01_c01.tif,20240728T095246_003384,ST,1,r01_c01,train
20240728T095246_003384_ST_1_r01_c02.tif,20240728T095246_003384,ST,1,r01_c02,train
20240728T095246_003384_ST_1_r01_c03.tif,20240728T095246_003384,ST,1,r01_c03,train
20240728T095246_003384_ST_1_r02_c00.tif,20240728T095246_003384,ST,1,r02_c00,train
20240728T095246_003384_ST_1_r02_c01.tif,20240728T095246_003384,ST,1,r02_c01,train
20240728T095246_003384_ST_1_r02_c02.tif,20240728T095246_003384,ST,1,r02_c02,train
20240728T095246_003385_ST_1_r00_c00.tif,20240728T095246_003385,ST,1,r00_c00,train
20240728T095246_003385_ST_1_r00_c01.tif,20240728T095246_003385,ST,1,r00_c01,train
20240728T095246_003385_ST_1_r01_c00.tif,20240728T095246_003385,ST,1,r01_c00,train
20240728T095246_003385_ST_1_r01_c01.tif,20240728T095246_003385,ST,1,r01_c01,train
20240728T095246_003386_ST_1_r00_c00.tif,20240728T095246_003386,ST,1,r00_c00,train
20240728T095246_003386_ST_1_r00_c01.tif,20240728T095246_003386,ST,1,r00_c01,train
20240728T095246_003386_ST_1_r00_c02.tif,20240728T095246_003386,ST,1,r00_c02,train
20240728T095246_003386_ST_1_r00_c03.tif,20240728T095246_003386,ST,1,r00_c03,train
20240728T095246_003386_ST_1_r00_c04.tif,20240728T095246_003386,ST,1,r00_c04,train
20240728T095246_003386_ST_1_r01_c00.tif,20240728T095246_003386,ST,1,r01_c00,train
20240728T095246_003386_ST_1_r01_c01.tif,20240728T095246_003386,ST,1,r01_c01,train
20240728T095246_003386_ST_1_r01_c02.tif,20240728T095246_003386,ST,1,r01_c02,train
20240728T095246_003386_ST_1_r01_c03.tif,20240728T095246_003386,ST,1,r01_c03,train
20240728T095246_003386_ST_1_r01_c04.tif,20240728T095246_003386,ST,1,r01_c04,train
20240728T095246_003387_ST_0_r00_c00.tif,20240728T095246_003387,ST,0,r00_c00,train
20240728T095246_003387_ST_0_r00_c01.tif,20240728T095246_003387,ST,0,r00_c01,train
20240728T095246_003387_ST_0_r00_c02.tif,20240728T095246_003387,ST,0,r00_c02,train
20240728T095246_003387_ST_0_r00_c03.tif,20240728T095246_003387,ST,0,r00_c03,train
20240728T095246_003387_ST_0_r01_c00.tif,20240728T095246_003387,ST,0,r01_c00,train
20240728T095246_003387_ST_0_r01_c03.tif,20240728T095246_003387,ST,0,r01_c03,train
20240728T095246_003387_ST_0_r02_c03.tif,20240728T095246_003387,ST,0,r02_c03,train
20240728T095246_003387_ST_0_r03_c00.tif,20240728T095246_003387,ST,0,r03_c00,train
20240728T095246_003387_ST_0_r03_c01.tif,20240728T095246_003387,ST,0,r03_c01,train
20240728T095246_003387_ST_0_r03_c02.tif,20240728T095246_003387,ST,0,r03_c02,train
20240728T095246_003387_ST_0_r03_c03.tif,20240728T095246_003387,ST,0,r03_c03,train
20240728T095246_003387_ST_1_r01_c01.tif,20240728T095246_003387,ST,1,r01_c01,train
20240728T095246_003387_ST_1_r01_c02.tif,20240728T095246_003387,ST,1,r01_c02,train
20240728T095246_003387_ST_1_r02_c00.tif,20240728T095246_003387,ST,1,r02_c00,train
20240728T095246_003387_ST_1_r02_c01.tif,20240728T095246_003387,ST,1,r02_c01,train
20240728T095246_003387_ST_1_r02_c02.tif,20240728T095246_003387,ST,1,r02_c02,train
20240728T112158_003381_ME_1_r00_c00.tif,20240728T112158_003381,ME,1,r00_c00,train
20240729T090210_003389_ME_1_r00_c00.tif,20240729T090210_003389,ME,1,r00_c00,train
20240729T103728_003388_EU_1_r00_c00.tif,20240729T103728_003388,EU,1,r00_c00,train
20240730T095231_003392_ST_1_r00_c00.tif,20240730T095231_003392,ST,1,r00_c00,train
20240730T095231_003393_ST_1_r00_c00.tif,20240730T095231_003393,ST,1,r00_c00,train
20240730T095231_003394_ST_1_r00_c00.tif,20240730T095231_003394,ST,1,r00_c00,train
20240730T190438_003390_AM_1_r00_c00.tif,20240730T190438_003390,AM,1,r00_c00,train
20240801T081231_003430_ME_1_r00_c00.tif,20240801T081231_003430,ME,1,r00_c00,train
20240801T081411_003435_ME_1_r00_c00.tif,20240801T081411_003435,ME,1,r00_c00,train
20240801T081411_003435_ME_1_r00_c01.tif,20240801T081411_003435,ME,1,r00_c01,train
20240801T081411_003435_ME_1_r01_c00.tif,20240801T081411_003435,ME,1,r01_c00,train
20240801T081411_003435_ME_1_r01_c01.tif,20240801T081411_003435,ME,1,r01_c01,train
20240801T081556_003436_ST_1_r00_c00.tif,20240801T081556_003436,ST,1,r00_c00,train
20240803T190415_003508_AM_1_r00_c00.tif,20240803T190415_003508,AM,1,r00_c00,train
20240803T190427_003507_AM_1_r00_c00.tif,20240803T190427_003507,AM,1,r00_c00,train
20240805T094506_003404_ME_1_r00_c00.tif,20240805T094506_003404,ME,1,r00_c00,train
20240805T155250_003403_AM_1_r00_c00.tif,20240805T155250_003403,AM,1,r00_c00,train
20240805T172803_003402_AM_1_r00_c00.tif,20240805T172803_003402,AM,1,r00_c00,train
20240805T172803_003402_AM_1_r00_c01.tif,20240805T172803_003402,AM,1,r00_c01,train
20240805T172803_003402_AM_1_r01_c00.tif,20240805T172803_003402,AM,1,r01_c00,train
20240805T172803_003402_AM_1_r01_c01.tif,20240805T172803_003402,AM,1,r01_c01,train
20240806T072253_003414_ME_1_r00_c00.tif,20240806T072253_003414,ME,1,r00_c00,train
20240806T085622_003410_ME_1_r00_c00.tif,20240806T085622_003410,ME,1,r00_c00,train
20240806T085622_003411_ME_1_r00_c00.tif,20240806T085622_003411,ME,1,r00_c00,train
20240806T085622_003412_ME_1_r00_c00.tif,20240806T085622_003412,ME,1,r00_c00,train
20240806T085622_003413_ME_1_r00_c00.tif,20240806T085622_003413,ME,1,r00_c00,train
20240806T085622_003413_ME_1_r00_c01.tif,20240806T085622_003413,ME,1,r00_c01,train
20240806T085622_003413_ME_1_r01_c00.tif,20240806T085622_003413,ME,1,r01_c00,train
20240806T085622_003413_ME_1_r01_c01.tif,20240806T085622_003413,ME,1,r01_c01,train
20240807T063606_003419_ME_1_r00_c00.tif,20240807T063606_003419,ME,1,r00_c00,train
20240807T063606_003420_ME_1_r00_c00.tif,20240807T063606_003420,ME,1,r00_c00,train
20240807T063606_003420_ME_1_r00_c01.tif,20240807T063606_003420,ME,1,r00_c01,train
20240807T063606_003420_ME_1_r01_c00.tif,20240807T063606_003420,ME,1,r01_c00,train
20240807T063606_003420_ME_1_r01_c01.tif,20240807T063606_003420,ME,1,r01_c01,train
20240807T063753_003421_ME_1_r00_c00.tif,20240807T063753_003421,ME,1,r00_c00,train
20240807T063753_003421_ME_1_r00_c01.tif,20240807T063753_003421,ME,1,r00_c01,train
20240807T063753_003421_ME_1_r01_c00.tif,20240807T063753_003421,ME,1,r01_c00,train
20240807T063753_003421_ME_1_r01_c01.tif,20240807T063753_003421,ME,1,r01_c01,train
20240807T064102_003422_ST_1_r00_c00.tif,20240807T064102_003422,ST,1,r00_c00,train
20240807T064114_003423_ST_1_r00_c00.tif,20240807T064114_003423,ST,1,r00_c00,train
20240812T104614_003448_ST_1_r00_c00.tif,20240812T104614_003448,ST,1,r00_c00,train
20240812T104614_003449_ST_1_r00_c00.tif,20240812T104614_003449,ST,1,r00_c00,train
20240812T122201_003447_ME_1_r00_c00.tif,20240812T122201_003447,ME,1,r00_c00,train
20240812T135306_003446_EU_1_r00_c00.tif,20240812T135306_003446,EU,1,r00_c00,train
20240812T213903_003439_AM_1_r00_c00.tif,20240812T213903_003439,AM,1,r00_c00,train
20240812T213903_003440_AM_1_r00_c00.tif,20240812T213903_003440,AM,1,r00_c00,train
20240812T213903_003441_AM_1_r00_c00.tif,20240812T213903_003441,AM,1,r00_c00,train
20240812T213903_003442_AM_1_r00_c00.tif,20240812T213903_003442,AM,1,r00_c00,train
20240812T213903_003443_AM_1_r00_c00.tif,20240812T213903_003443,AM,1,r00_c00,train
20240812T213903_003444_AM_1_r00_c00.tif,20240812T213903_003444,AM,1,r00_c00,train
20240812T213914_003445_AM_1_r00_c00.tif,20240812T213914_003445,AM,1,r00_c00,train
20240813T113529_003452_ME_1_r00_c00.tif,20240813T113529_003452,ME,1,r00_c00,train
20240814T122058_003454_ME_1_r00_c00.tif,20240814T122058_003454,ME,1,r00_c00,train
20240815T082321_003455_ST_1_r00_c00.tif,20240815T082321_003455,ST,1,r00_c00,train
20240821T033855_003605_CM_1_r00_c00.tif,20240821T033855_003605,CM,1,r00_c00,val
20240821T033906_003596_CM_1_r00_c00.tif,20240821T033906_003596,CM,1,r00_c00,val
20240821T033906_003601_CM_1_r00_c00.tif,20240821T033906_003601,CM,1,r00_c00,val
20240821T033906_003601_CM_1_r00_c01.tif,20240821T033906_003601,CM,1,r00_c01,val
20240821T033906_003601_CM_1_r01_c00.tif,20240821T033906_003601,CM,1,r01_c00,val
20240821T033906_003601_CM_1_r01_c01.tif,20240821T033906_003601,CM,1,r01_c01,val
20240821T033906_003602_CM_1_r00_c00.tif,20240821T033906_003602,CM,1,r00_c00,val
20240821T033918_003593_CM_1_r00_c00.tif,20240821T033918_003593,CM,1,r00_c00,val
20240821T081938_003576_ME_1_r00_c00.tif,20240821T081938_003576,ME,1,r00_c00,train
20240821T081938_003577_ME_1_r00_c00.tif,20240821T081938_003577,ME,1,r00_c00,train
20240821T081949_003578_ME_1_r00_c00.tif,20240821T081949_003578,ME,1,r00_c00,train
20240821T081949_003581_ME_1_r00_c00.tif,20240821T081949_003581,ME,1,r00_c00,train
20240821T081949_003582_ME_1_r00_c00.tif,20240821T081949_003582,ME,1,r00_c00,train
20240821T082001_003584_ME_1_r00_c00.tif,20240821T082001_003584,ME,1,r00_c00,train
20240821T082152_003589_ME_1_r00_c00.tif,20240821T082152_003589,ME,1,r00_c00,train
20240823T051729_003475_AS_1_r00_c00.tif,20240823T051729_003475,AS,1,r00_c00,test
20240823T081638_003472_ME_0_r00_c00.tif,20240823T081638_003472,ME,0,r00_c00,train
20240823T081638_003472_ME_0_r00_c01.tif,20240823T081638_003472,ME,0,r00_c01,train
20240823T081638_003472_ME_0_r00_c02.tif,20240823T081638_003472,ME,0,r00_c02,train
20240823T081638_003472_ME_0_r00_c03.tif,20240823T081638_003472,ME,0,r00_c03,train
20240823T081638_003472_ME_0_r01_c03.tif,20240823T081638_003472,ME,0,r01_c03,train
20240823T081638_003472_ME_0_r02_c00.tif,20240823T081638_003472,ME,0,r02_c00,train
20240823T081638_003472_ME_0_r02_c03.tif,20240823T081638_003472,ME,0,r02_c03,train
20240823T081638_003472_ME_0_r03_c00.tif,20240823T081638_003472,ME,0,r03_c00,train
20240823T081638_003472_ME_0_r03_c01.tif,20240823T081638_003472,ME,0,r03_c01,train
20240823T081638_003472_ME_0_r03_c02.tif,20240823T081638_003472,ME,0,r03_c02,train
20240823T081638_003472_ME_0_r03_c03.tif,20240823T081638_003472,ME,0,r03_c03,train
20240823T081638_003472_ME_1_r01_c00.tif,20240823T081638_003472,ME,1,r01_c00,train
20240823T081638_003472_ME_1_r01_c01.tif,20240823T081638_003472,ME,1,r01_c01,train
20240823T081638_003472_ME_1_r01_c02.tif,20240823T081638_003472,ME,1,r01_c02,train
20240823T081638_003472_ME_1_r02_c01.tif,20240823T081638_003472,ME,1,r02_c01,train
20240823T081638_003472_ME_1_r02_c02.tif,20240823T081638_003472,ME,1,r02_c02,train
20240823T173410_003462_AM_1_r00_c00.tif,20240823T173410_003462,AM,1,r00_c00,train
20240823T173410_003463_AM_1_r00_c00.tif,20240823T173410_003463,AM,1,r00_c00,train
20240823T173410_003464_AM_1_r00_c00.tif,20240823T173410_003464,AM,1,r00_c00,train
20240823T173421_003465_AM_1_r00_c00.tif,20240823T173421_003465,AM,1,r00_c00,train
20240823T173527_003467_AM_1_r00_c00.tif,20240823T173527_003467,AM,1,r00_c00,train
20240823T173603_003468_AM_1_r00_c00.tif,20240823T173603_003468,AM,1,r00_c00,train
20240823T173814_003469_AM_0_r02_c00.tif,20240823T173814_003469,AM,0,r02_c00,train
20240823T173814_003469_AM_0_r02_c01.tif,20240823T173814_003469,AM,0,r02_c01,train
20240823T173814_003469_AM_0_r02_c02.tif,20240823T173814_003469,AM,0,r02_c02,train
20240823T173814_003469_AM_0_r03_c03.tif,20240823T173814_003469,AM,0,r03_c03,train
20240823T173814_003469_AM_0_r04_c04.tif,20240823T173814_003469,AM,0,r04_c04,train
20240823T173814_003469_AM_0_r05_c00.tif,20240823T173814_003469,AM,0,r05_c00,train
20240823T173814_003469_AM_0_r05_c01.tif,20240823T173814_003469,AM,0,r05_c01,train
20240823T173814_003469_AM_0_r05_c02.tif,20240823T173814_003469,AM,0,r05_c02,train
20240823T173814_003469_AM_0_r05_c03.tif,20240823T173814_003469,AM,0,r05_c03,train
20240823T173814_003469_AM_0_r05_c04.tif,20240823T173814_003469,AM,0,r05_c04,train
20240823T173814_003469_AM_0_r05_c05.tif,20240823T173814_003469,AM,0,r05_c05,train
20240823T173814_003469_AM_1_r02_c03.tif,20240823T173814_003469,AM,1,r02_c03,train
20240823T173814_003469_AM_1_r02_c04.tif,20240823T173814_003469,AM,1,r02_c04,train
20240823T173814_003469_AM_1_r02_c05.tif,20240823T173814_003469,AM,1,r02_c05,train
20240823T173814_003469_AM_1_r03_c05.tif,20240823T173814_003469,AM,1,r03_c05,train
20240823T173814_003469_AM_1_r03_c06.tif,20240823T173814_003469,AM,1,r03_c06,train
20240823T173814_003469_AM_1_r04_c06.tif,20240823T173814_003469,AM,1,r04_c06,train
20240823T173814_003469_AM_1_r04_c07.tif,20240823T173814_003469,AM,1,r04_c07,train
20240823T173814_003469_AM_1_r04_c08.tif,20240823T173814_003469,AM,1,r04_c08,train
20240823T173814_003469_AM_1_r05_c07.tif,20240823T173814_003469,AM,1,r05_c07,train
20240823T173814_003469_AM_1_r05_c08.tif,20240823T173814_003469,AM,1,r05_c08,train
20240823T173814_003469_AM_1_r05_c09.tif,20240823T173814_003469,AM,1,r05_c09,train
20240824T055459_003482_ST_1_r00_c00.tif,20240824T055459_003482,ST,1,r00_c00,train
20240824T055459_003482_ST_1_r01_c00.tif,20240824T055459_003482,ST,1,r01_c00,train
20240824T055459_003482_ST_1_r01_c01.tif,20240824T055459_003482,ST,1,r01_c01,train
20240824T055459_003483_ST_1_r00_c00.tif,20240824T055459_003483,ST,1,r00_c00,train
20240824T055459_003483_ST_1_r01_c00.tif,20240824T055459_003483,ST,1,r01_c00,train
20240824T055459_003483_ST_1_r01_c01.tif,20240824T055459_003483,ST,1,r01_c01,train
20240824T072809_003481_ME_1_r00_c00.tif,20240824T072809_003481,ME,1,r00_c00,train
20240824T103424_003479_ME_1_r00_c00.tif,20240824T103424_003479,ME,1,r00_c00,train
20240824T103424_003479_ME_1_r00_c01.tif,20240824T103424_003479,ME,1,r00_c01,train
20240824T103424_003479_ME_1_r01_c00.tif,20240824T103424_003479,ME,1,r01_c00,train
20240824T103424_003479_ME_1_r01_c01.tif,20240824T103424_003479,ME,1,r01_c01,train
20240825T050632_003503_ST_1_r00_c00.tif,20240825T050632_003503,ST,1,r00_c00,train
20240825T064225_003494_ME_0_r00_c00.tif,20240825T064225_003494,ME,0,r00_c00,train
20240825T064225_003494_ME_0_r00_c01.tif,20240825T064225_003494,ME,0,r00_c01,train
20240825T064225_003494_ME_0_r00_c02.tif,20240825T064225_003494,ME,0,r00_c02,train
20240825T064225_003494_ME_0_r00_c03.tif,20240825T064225_003494,ME,0,r00_c03,train
20240825T064225_003494_ME_0_r01_c00.tif,20240825T064225_003494,ME,0,r01_c00,train
20240825T064225_003494_ME_0_r01_c03.tif,20240825T064225_003494,ME,0,r01_c03,train
20240825T064225_003494_ME_0_r02_c03.tif,20240825T064225_003494,ME,0,r02_c03,train
20240825T064225_003494_ME_0_r03_c00.tif,20240825T064225_003494,ME,0,r03_c00,train
20240825T064225_003494_ME_0_r03_c01.tif,20240825T064225_003494,ME,0,r03_c01,train
20240825T064225_003494_ME_0_r03_c02.tif,20240825T064225_003494,ME,0,r03_c02,train
20240825T064225_003494_ME_0_r03_c03.tif,20240825T064225_003494,ME,0,r03_c03,train
20240825T064225_003494_ME_1_r01_c01.tif,20240825T064225_003494,ME,1,r01_c01,train
20240825T064225_003494_ME_1_r01_c02.tif,20240825T064225_003494,ME,1,r01_c02,train
20240825T064225_003494_ME_1_r02_c00.tif,20240825T064225_003494,ME,1,r02_c00,train
20240825T064225_003494_ME_1_r02_c01.tif,20240825T064225_003494,ME,1,r02_c01,train
20240825T064225_003494_ME_1_r02_c02.tif,20240825T064225_003494,ME,1,r02_c02,train
20240825T064237_003496_ME_1_r00_c00.tif,20240825T064237_003496,ME,1,r00_c00,train
20240825T064249_003497_ME_1_r00_c00.tif,20240825T064249_003497,ME,1,r00_c00,train
20240825T064249_003497_ME_1_r00_c01.tif,20240825T064249_003497,ME,1,r00_c01,train
20240825T064249_003497_ME_1_r01_c00.tif,20240825T064249_003497,ME,1,r01_c00,train
20240825T064249_003497_ME_1_r01_c01.tif,20240825T064249_003497,ME,1,r01_c01,train
20240825T064312_003498_ME_1_r00_c00.tif,20240825T064312_003498,ME,1,r00_c00,train
20240825T064312_003499_ME_1_r00_c00.tif,20240825T064312_003499,ME,1,r00_c00,train
20240825T064423_003500_ME_1_r00_c00.tif,20240825T064423_003500,ME,1,r00_c00,train
20240825T064423_003501_ME_1_r00_c00.tif,20240825T064423_003501,ME,1,r00_c00,train
20240825T064509_003502_ME_1_r00_c00.tif,20240825T064509_003502,ME,1,r00_c00,train
20240825T081550_003491_ME_1_r00_c00.tif,20240825T081550_003491,ME,1,r00_c00,train
20240825T081550_003492_ME_1_r00_c00.tif,20240825T081550_003492,ME,1,r00_c00,train
20240825T173115_003486_AM_1_r00_c00.tif,20240825T173115_003486,AM,1,r00_c00,train
20240825T173139_003488_AM_1_r00_c00.tif,20240825T173139_003488,AM,1,r00_c00,train
20240825T173151_003489_AM_1_r00_c00.tif,20240825T173151_003489,AM,1,r00_c00,train
20240826T055324_003570_ME_0_r00_c00.tif,20240826T055324_003570,ME,0,r00_c00,train
20240826T055324_003570_ME_0_r00_c01.tif,20240826T055324_003570,ME,0,r00_c01,train
20240826T055324_003570_ME_0_r00_c02.tif,20240826T055324_003570,ME,0,r00_c02,train
20240826T055324_003570_ME_0_r01_c03.tif,20240826T055324_003570,ME,0,r01_c03,train
20240826T055324_003570_ME_0_r02_c00.tif,20240826T055324_003570,ME,0,r02_c00,train
20240826T055324_003570_ME_0_r03_c00.tif,20240826T055324_003570,ME,0,r03_c00,train
20240826T055324_003570_ME_0_r03_c01.tif,20240826T055324_003570,ME,0,r03_c01,train
20240826T055324_003570_ME_0_r03_c02.tif,20240826T055324_003570,ME,0,r03_c02,train
20240826T055324_003570_ME_0_r03_c03.tif,20240826T055324_003570,ME,0,r03_c03,train
20240826T055324_003570_ME_1_r01_c00.tif,20240826T055324_003570,ME,1,r01_c00,train
20240826T055324_003570_ME_1_r01_c01.tif,20240826T055324_003570,ME,1,r01_c01,train
20240826T055324_003570_ME_1_r01_c02.tif,20240826T055324_003570,ME,1,r01_c02,train
20240826T055324_003570_ME_1_r02_c01.tif,20240826T055324_003570,ME,1,r02_c01,train
20240826T055324_003570_ME_1_r02_c02.tif,20240826T055324_003570,ME,1,r02_c02,train
20240826T055324_003570_ME_1_r02_c03.tif,20240826T055324_003570,ME,1,r02_c03,train
20240826T170043_003568_SA_1_r00_c00.tif,20240826T170043_003568,SA,1,r00_c00,test
20240830T134429_003510_SA_1_r00_c00.tif,20240830T134429_003510,SA,1,r00_c00,test
20240830T135304_003511_SA_1_r00_c00.tif,20240830T135304_003511,SA,1,r00_c00,test
20240902T130832_003513_SA_1_r00_c00.tif,20240902T130832_003513,SA,1,r00_c00,test
20240902T130832_003513_SA_1_r00_c01.tif,20240902T130832_003513,SA,1,r00_c01,test
20240902T130832_003513_SA_1_r01_c00.tif,20240902T130832_003513,SA,1,r01_c00,test
20240902T130832_003513_SA_1_r01_c01.tif,20240902T130832_003513,SA,1,r01_c01,test
20240916T134358_003524_SA_1_r00_c00.tif,20240916T134358_003524,SA,1,r00_c00,test
20240916T134358_003524_SA_1_r00_c01.tif,20240916T134358_003524,SA,1,r00_c01,test
20240916T134358_003524_SA_1_r01_c00.tif,20240916T134358_003524,SA,1,r01_c00,test
20240916T134358_003524_SA_1_r01_c01.tif,20240916T134358_003524,SA,1,r01_c01,test
20240918T164518_003525_SA_1_r00_c00.tif,20240918T164518_003525,SA,1,r00_c00,test
20240921T173339_003555_SA_1_r00_c00.tif,20240921T173339_003555,SA,1,r00_c00,test
20240921T173339_003559_SA_1_r00_c00.tif,20240921T173339_003559,SA,1,r00_c00,test
20240924T104840_003565_ME_1_r00_c00.tif,20240924T104840_003565,ME,1,r00_c00,train
20240924T133617_003564_SA_1_r00_c00.tif,20240924T133617_003564,SA,1,r00_c00,test
20240927T130748_003541_ME_1_r00_c00.tif,20240927T130748_003541,ME,1,r00_c00,train
20240928T104449_003546_ME_1_r00_c00.tif,20240928T104449_003546,ME,1,r00_c00,train
20240928T104501_003547_ME_1_r00_c00.tif,20240928T104501_003547,ME,1,r00_c00,train
20240928T104513_003548_ME_1_r00_c00.tif,20240928T104513_003548,ME,1,r00_c00,train
20240928T104525_003549_ME_1_r00_c00.tif,20240928T104525_003549,ME,1,r00_c00,train
20240928T182821_003533_AM_1_r00_c00.tif,20240928T182821_003533,AM,1,r00_c00,train
20240928T182908_003534_AM_1_r00_c00.tif,20240928T182908_003534,AM,1,r00_c00,train
20240929T113148_003543_ME_1_r00_c00.tif,20240929T113148_003543,ME,1,r00_c00,train
20240929T113148_003544_ME_1_r00_c00.tif,20240929T113148_003544,ME,1,r00_c00,train
20240930T091145_003550_ME_0_r00_c02.tif,20240930T091145_003550,ME,0,r00_c02,train
20240930T091145_003550_ME_0_r00_c03.tif,20240930T091145_003550,ME,0,r00_c03,train
20240930T091145_003550_ME_0_r02_c00.tif,20240930T091145_003550,ME,0,r02_c00,train
20240930T091145_003550_ME_1_r00_c00.tif,20240930T091145_003550,ME,1,r00_c00,train
20240930T091145_003550_ME_1_r00_c01.tif,20240930T091145_003550,ME,1,r00_c01,train
20240930T091145_003550_ME_1_r01_c00.tif,20240930T091145_003550,ME,1,r01_c00,train
20240930T091145_003550_ME_1_r01_c01.tif,20240930T091145_003550,ME,1,r01_c01,train
20240930T091145_003550_ME_1_r01_c02.tif,20240930T091145_003550,ME,1,r01_c02,train
20240930T091145_003550_ME_1_r01_c03.tif,20240930T091145_003550,ME,1,r01_c03,train
20240930T091145_003550_ME_1_r02_c01.tif,20240930T091145_003550,ME,1,r02_c01,train
20240930T091145_003550_ME_1_r02_c02.tif,20240930T091145_003550,ME,1,r02_c02,train
20240930T091145_003550_ME_1_r02_c03.tif,20240930T091145_003550,ME,1,r02_c03,train
20240930T091314_003551_EU_1_r00_c00.tif,20240930T091314_003551,EU,1,r00_c00,train
20240930T091314_003551_EU_1_r00_c01.tif,20240930T091314_003551,EU,1,r00_c01,train
20240930T091314_003551_EU_1_r01_c00.tif,20240930T091314_003551,EU,1,r01_c00,train
20240930T091314_003551_EU_1_r01_c01.tif,20240930T091314_003551,EU,1,r01_c01,train
20240930T091314_003552_EU_1_r00_c00.tif,20240930T091314_003552,EU,1,r00_c00,train
20240930T091314_003552_EU_1_r00_c01.tif,20240930T091314_003552,EU,1,r00_c01,train
20240930T091314_003552_EU_1_r01_c00.tif,20240930T091314_003552,EU,1,r01_c00,train
20240930T091314_003552_EU_1_r01_c01.tif,20240930T091314_003552,EU,1,r01_c01,train
20240930T182953_003530_AM_1_r00_c00.tif,20240930T182953_003530,AM,1,r00_c00,train
20240930T182953_003530_AM_1_r00_c01.tif,20240930T182953_003530,AM,1,r00_c01,train
20240930T182953_003530_AM_1_r01_c00.tif,20240930T182953_003530,AM,1,r01_c00,train
20240930T182953_003530_AM_1_r01_c01.tif,20240930T182953_003530,AM,1,r01_c01,train
20240930T200354_003528_AM_1_r00_c00.tif,20240930T200354_003528,AM,1,r00_c00,train
20241001T191803_003618_AM_1_r00_c00.tif,20241001T191803_003618,AM,1,r00_c00,train
20241001T191827_003617_AM_1_r00_c00.tif,20241001T191827_003617,AM,1,r00_c00,train
20241003T065107_003631_ST_1_r00_c00.tif,20241003T065107_003631,ST,1,r00_c00,train
20241003T065154_003632_ST_1_r00_c00.tif,20241003T065154_003632,ST,1,r00_c00,train
20241003T065206_003633_ST_0_r00_c01.tif,20241003T065206_003633,ST,0,r00_c01,train
20241003T065206_003633_ST_0_r00_c02.tif,20241003T065206_003633,ST,0,r00_c02,train
20241003T065206_003633_ST_0_r00_c03.tif,20241003T065206_003633,ST,0,r00_c03,train
20241003T065206_003633_ST_0_r01_c00.tif,20241003T065206_003633,ST,0,r01_c00,train
20241003T065206_003633_ST_0_r02_c00.tif,20241003T065206_003633,ST,0,r02_c00,train
20241003T065206_003633_ST_0_r02_c03.tif,20241003T065206_003633,ST,0,r02_c03,train
20241003T065206_003633_ST_0_r03_c00.tif,20241003T065206_003633,ST,0,r03_c00,train
20241003T065206_003633_ST_0_r03_c01.tif,20241003T065206_003633,ST,0,r03_c01,train
20241003T065206_003633_ST_0_r03_c02.tif,20241003T065206_003633,ST,0,r03_c02,train
20241003T065206_003633_ST_0_r03_c03.tif,20241003T065206_003633,ST,0,r03_c03,train
20241003T065206_003633_ST_1_r01_c01.tif,20241003T065206_003633,ST,1,r01_c01,train
20241003T065206_003633_ST_1_r01_c02.tif,20241003T065206_003633,ST,1,r01_c02,train
20241003T065206_003633_ST_1_r01_c03.tif,20241003T065206_003633,ST,1,r01_c03,train
20241003T065206_003633_ST_1_r02_c01.tif,20241003T065206_003633,ST,1,r02_c01,train
20241003T065206_003633_ST_1_r02_c02.tif,20241003T065206_003633,ST,1,r02_c02,train
20241003T082129_003629_ME_1_r00_c00.tif,20241003T082129_003629,ME,1,r00_c00,train
20241003T160209_003626_AM_1_r00_c00.tif,20241003T160209_003626,AM,1,r00_c00,train
20241004T025747_003647_CM_1_r00_c00.tif,20241004T025747_003647,CM,1,r00_c00,val
20241004T025747_003647_CM_1_r00_c01.tif,20241004T025747_003647,CM,1,r00_c01,val
20241004T025747_003647_CM_1_r01_c00.tif,20241004T025747_003647,CM,1,r01_c00,val
20241004T025747_003647_CM_1_r01_c01.tif,20241004T025747_003647,CM,1,r01_c01,val
20241004T025747_003648_CM_1_r00_c00.tif,20241004T025747_003648,CM,1,r00_c00,val
20241004T025759_003652_CM_1_r00_c00.tif,20241004T025759_003652,CM,1,r00_c00,val
20241004T025759_003653_CM_1_r00_c00.tif,20241004T025759_003653,CM,1,r00_c00,val
20241004T025759_003654_CM_1_r00_c00.tif,20241004T025759_003654,CM,1,r00_c00,val
20241004T073609_003640_ME_0_r02_c00.tif,20241004T073609_003640,ME,0,r02_c00,train
20241004T073609_003640_ME_0_r02_c01.tif,20241004T073609_003640,ME,0,r02_c01,train
20241004T073609_003640_ME_1_r00_c00.tif,20241004T073609_003640,ME,1,r00_c00,train
20241004T073609_003640_ME_1_r00_c01.tif,20241004T073609_003640,ME,1,r00_c01,train
20241004T073609_003640_ME_1_r00_c02.tif,20241004T073609_003640,ME,1,r00_c02,train
20241004T073609_003640_ME_1_r00_c03.tif,20241004T073609_003640,ME,1,r00_c03,train
20241004T073609_003640_ME_1_r00_c04.tif,20241004T073609_003640,ME,1,r00_c04,train
20241004T073609_003640_ME_1_r00_c05.tif,20241004T073609_003640,ME,1,r00_c05,train
20241004T073609_003640_ME_1_r01_c00.tif,20241004T073609_003640,ME,1,r01_c00,train
20241004T073609_003640_ME_1_r01_c01.tif,20241004T073609_003640,ME,1,r01_c01,train
20241004T073609_003640_ME_1_r01_c02.tif,20241004T073609_003640,ME,1,r01_c02,train
20241004T073609_003640_ME_1_r01_c03.tif,20241004T073609_003640,ME,1,r01_c03,train
20241004T073609_003640_ME_1_r01_c04.tif,20241004T073609_003640,ME,1,r01_c04,train
20241004T073609_003640_ME_1_r01_c05.tif,20241004T073609_003640,ME,1,r01_c05,train
20241004T073609_003640_ME_1_r02_c02.tif,20241004T073609_003640,ME,1,r02_c02,train
20241004T073609_003640_ME_1_r02_c03.tif,20241004T073609_003640,ME,1,r02_c03,train
20241004T073609_003640_ME_1_r02_c04.tif,20241004T073609_003640,ME,1,r02_c04,train
20241004T073609_003640_ME_1_r02_c05.tif,20241004T073609_003640,ME,1,r02_c05,train
20241004T073609_003642_ME_1_r00_c00.tif,20241004T073609_003642,ME,1,r00_c00,train
20241004T073609_003642_ME_1_r00_c01.tif,20241004T073609_003642,ME,1,r00_c01,train
20241004T073609_003642_ME_1_r01_c00.tif,20241004T073609_003642,ME,1,r01_c00,train
20241004T073609_003642_ME_1_r01_c01.tif,20241004T073609_003642,ME,1,r01_c01,train
20241004T073609_003643_ME_1_r00_c00.tif,20241004T073609_003643,ME,1,r00_c00,train
20241004T073609_003645_ME_0_r00_c00.tif,20241004T073609_003645,ME,0,r00_c00,train
20241004T073609_003645_ME_0_r00_c01.tif,20241004T073609_003645,ME,0,r00_c01,train
20241004T073609_003645_ME_0_r00_c02.tif,20241004T073609_003645,ME,0,r00_c02,train
20241004T073609_003645_ME_0_r00_c03.tif,20241004T073609_003645,ME,0,r00_c03,train
20241004T073609_003645_ME_0_r01_c03.tif,20241004T073609_003645,ME,0,r01_c03,train
20241004T073609_003645_ME_0_r02_c00.tif,20241004T073609_003645,ME,0,r02_c00,train
20241004T073609_003645_ME_0_r03_c00.tif,20241004T073609_003645,ME,0,r03_c00,train
20241004T073609_003645_ME_0_r03_c01.tif,20241004T073609_003645,ME,0,r03_c01,train
20241004T073609_003645_ME_0_r03_c02.tif,20241004T073609_003645,ME,0,r03_c02,train
20241004T073609_003645_ME_0_r03_c03.tif,20241004T073609_003645,ME,0,r03_c03,train
20241004T073609_003645_ME_1_r01_c00.tif,20241004T073609_003645,ME,1,r01_c00,train
20241004T073609_003645_ME_1_r01_c01.tif,20241004T073609_003645,ME,1,r01_c01,train
20241004T073609_003645_ME_1_r01_c02.tif,20241004T073609_003645,ME,1,r01_c02,train
20241004T073609_003645_ME_1_r02_c01.tif,20241004T073609_003645,ME,1,r02_c01,train
20241004T073609_003645_ME_1_r02_c02.tif,20241004T073609_003645,ME,1,r02_c02,train
20241004T073609_003645_ME_1_r02_c03.tif,20241004T073609_003645,ME,1,r02_c03,train
20241004T090633_003639_ME_1_r00_c00.tif,20241004T090633_003639,ME,1,r00_c00,train
20241004T165227_003636_AM_1_r00_c00.tif,20241004T165227_003636,AM,1,r00_c00,train
20241004T182715_003634_AM_1_r00_c00.tif,20241004T182715_003634,AM,1,r00_c00,train
20241005T095454_003683_ME_1_r00_c00.tif,20241005T095454_003683,ME,1,r00_c00,train
20241005T160604_003663_AM_0_r00_c00.tif,20241005T160604_003663,AM,0,r00_c00,train
20241005T160604_003663_AM_0_r00_c01.tif,20241005T160604_003663,AM,0,r00_c01,train
20241005T160604_003663_AM_0_r00_c02.tif,20241005T160604_003663,AM,0,r00_c02,train
20241005T160604_003663_AM_0_r00_c03.tif,20241005T160604_003663,AM,0,r00_c03,train
20241005T160604_003663_AM_0_r01_c03.tif,20241005T160604_003663,AM,0,r01_c03,train
20241005T160604_003663_AM_0_r02_c00.tif,20241005T160604_003663,AM,0,r02_c00,train
20241005T160604_003663_AM_0_r03_c00.tif,20241005T160604_003663,AM,0,r03_c00,train
20241005T160604_003663_AM_0_r03_c01.tif,20241005T160604_003663,AM,0,r03_c01,train
20241005T160604_003663_AM_0_r03_c02.tif,20241005T160604_003663,AM,0,r03_c02,train
20241005T160604_003663_AM_1_r01_c00.tif,20241005T160604_003663,AM,1,r01_c00,train
20241005T160604_003663_AM_1_r01_c01.tif,20241005T160604_003663,AM,1,r01_c01,train
20241005T160604_003663_AM_1_r01_c02.tif,20241005T160604_003663,AM,1,r01_c02,train
20241005T160604_003663_AM_1_r02_c01.tif,20241005T160604_003663,AM,1,r02_c01,train
20241005T160604_003663_AM_1_r02_c02.tif,20241005T160604_003663,AM,1,r02_c02,train
20241005T160604_003663_AM_1_r02_c03.tif,20241005T160604_003663,AM,1,r02_c03,train
20241006T090738_003685_ME_1_r00_c00.tif,20241006T090738_003685,ME,1,r00_c00,train
20241006T165457_003658_AM_1_r00_c00.tif,20241006T165457_003658,AM,1,r00_c00,train
20241007T082015_003686_ME_1_r00_c00.tif,20241007T082015_003686,ME,1,r00_c00,train
20241007T082015_003686_ME_1_r00_c01.tif,20241007T082015_003686,ME,1,r00_c01,train
20241007T082015_003686_ME_1_r01_c00.tif,20241007T082015_003686,ME,1,r01_c00,train
20241007T082015_003686_ME_1_r01_c01.tif,20241007T082015_003686,ME,1,r01_c01,train
20241010T201028_003656_AM_1_r00_c00.tif,20241010T201028_003656,AM,1,r00_c00,train
20241010T201028_003656_AM_1_r00_c01.tif,20241010T201028_003656,AM,1,r00_c01,train
20241010T201028_003656_AM_1_r01_c00.tif,20241010T201028_003656,AM,1,r01_c00,train
20241010T201028_003656_AM_1_r01_c01.tif,20241010T201028_003656,AM,1,r01_c01,train
20241011T223625_003666_AM_1_r00_c00.tif,20241011T223625_003666,AM,1,r00_c00,train
20241012T123436_003668_ME_1_r00_c00.tif,20241012T123436_003668,ME,1,r00_c00,train
20241012T215351_003667_AM_1_r00_c00.tif,20241012T215351_003667,AM,1,r00_c00,train
20241012T215351_003667_AM_1_r00_c01.tif,20241012T215351_003667,AM,1,r00_c01,train
20241012T215351_003667_AM_1_r01_c00.tif,20241012T215351_003667,AM,1,r01_c00,train
20241012T215351_003667_AM_1_r01_c01.tif,20241012T215351_003667,AM,1,r01_c01,train
20241014T201756_003690_AM_1_r00_c00.tif,20241014T201756_003690,AM,1,r00_c00,train
20241015T114923_003697_ME_1_r00_c00.tif,20241015T114923_003697,ME,1,r00_c00,train
20241017T083946_003674_AS_1_r00_c00.tif,20241017T083946_003674,AS,1,r00_c00,test
20241019T100941_003675_ME_1_r00_c00.tif,20241019T100941_003675,ME,1,r00_c00,train
20241020T092144_003679_ME_1_r00_c00.tif,20241020T092144_003679,ME,1,r00_c00,train
20241020T092144_003679_ME_1_r00_c01.tif,20241020T092144_003679,ME,1,r00_c01,train
20241020T092144_003679_ME_1_r01_c00.tif,20241020T092144_003679,ME,1,r01_c00,train
20241020T092144_003679_ME_1_r01_c01.tif,20241020T092144_003679,ME,1,r01_c01,train
20241020T170504_003677_AM_0_r00_c00.tif,20241020T170504_003677,AM,0,r00_c00,train
20241020T170504_003677_AM_0_r00_c01.tif,20241020T170504_003677,AM,0,r00_c01,train
20241020T170504_003677_AM_0_r01_c00.tif,20241020T170504_003677,AM,0,r01_c00,train
20241020T170504_003677_AM_0_r02_c03.tif,20241020T170504_003677,AM,0,r02_c03,train
20241020T170504_003677_AM_0_r03_c03.tif,20241020T170504_003677,AM,0,r03_c03,train
20241020T170504_003677_AM_1_r00_c02.tif,20241020T170504_003677,AM,1,r00_c02,train
20241020T170504_003677_AM_1_r00_c03.tif,20241020T170504_003677,AM,1,r00_c03,train
20241020T170504_003677_AM_1_r01_c01.tif,20241020T170504_003677,AM,1,r01_c01,train
20241020T170504_003677_AM_1_r01_c02.tif,20241020T170504_003677,AM,1,r01_c02,train
20241020T170504_003677_AM_1_r01_c03.tif,20241020T170504_003677,AM,1,r01_c03,train
20241020T170504_003677_AM_1_r02_c00.tif,20241020T170504_003677,AM,1,r02_c00,train
20241020T170504_003677_AM_1_r02_c01.tif,20241020T170504_003677,AM,1,r02_c01,train
20241020T170504_003677_AM_1_r02_c02.tif,20241020T170504_003677,AM,1,r02_c02,train
20241020T170504_003677_AM_1_r03_c00.tif,20241020T170504_003677,AM,1,r03_c00,train
20241020T170504_003677_AM_1_r03_c01.tif,20241020T170504_003677,AM,1,r03_c01,train
20241020T170504_003677_AM_1_r03_c02.tif,20241020T170504_003677,AM,1,r03_c02,train
20241026T061152_003688_ME_1_r00_c00.tif,20241026T061152_003688,ME,1,r00_c00,train
20241026T061204_003689_ME_1_r00_c00.tif,20241026T061204_003689,ME,1,r00_c00,train
20241026T172133_003687_SA_1_r00_c00.tif,20241026T172133_003687,SA,1,r00_c00,test
20241026T172133_003687_SA_1_r01_c00.tif,20241026T172133_003687,SA,1,r01_c00,test
20241026T172133_003687_SA_1_r01_c01.tif,20241026T172133_003687,SA,1,r01_c01,test
